run	cp	class	method	outcome	testId	reason
20261003-181502-1e8a	CP-4	Antiphon.Tests.Application.CodexCliAdmissionTests	C959_Ladder_and_exact_models_share_floor	Passed	83f58de6-1769-6123-f24a-eb2949cb9ded	-
20261003-181502-1e8a	CP-4	Antiphon.Tests.Application.CodexCliAdmissionTests	C959_Create_refuses_bad_versions	Passed	b331cf54-a19b-17c4-6a5a-ba7211a3a637	-
20261003-181502-1e8a	CP-4	Antiphon.Tests.Application.CodexCliAdmissionTests	C959_Existing_refusals_and_flags_keep_precedence	Passed	b3bbb915-62d3-4759-f5d7-1e7a1546c0db	-
20261003-181502-1e8a	CP-4	Antiphon.Tests.Application.CodexCliAdmissionTests	C959_Queued_downgrade_blocks_before_claim	Passed	eca8e36f-ae23-4fc2-adad-5a4be4786c2a	-
20261003-181502-1e8a	CP-4	Antiphon.Tests.Application.CodexCliAdmissionTests	C959_Exact_profile_model_wins	Passed	23f5c361-904a-6b9c-6a49-0f1598b9b4dc	-
20261003-181502-1e8a	CP-4	Antiphon.Tests.Application.CodexCliAdmissionTests	C959_Profile_launcher_uses_its_own_evidence	Passed	a08929e0-5c2b-7177-ad93-3d3f418570c0	-
20261003-181502-1e8a	CP-4	Antiphon.Tests.Application.CodexCliAdmissionTests	C959_Override_is_scoped_expiring_and_audited	Passed	ffa1426e-7383-fa51-8700-8a0cd97120ef	-
20261003-181502-1e8a	CP-4	Antiphon.Tests.Application.CodexCliAdmissionTests	C959_Compatible_launch_keeps_model_and_runner	Failed	a241ff5a-cf14-c309-e219-935858020db7	ShouldAssertException: adapter.SubmittedBodies     should be empty but had 1     item and was ["[antiphon-task:a667521f] role=Docs tier=High workspace=Shared C959 delivery α second line END-C959 When finished: git add the files you changed, commit with the real outcome in the message, and push, before your final report. --- how to report back --- Your final message is the entire report the caller receives. Nothing else from this session is forwarded, and the caller cannot see your screen. If a file is your deliverable, give its absolute path; an `[[attach:]]` marker here reaches only your caller as text — it is never sent to any chat. Lead with the outcome in one line: what you did or found, and whether it worked. Then only what the caller needs in order to act — files changed, commands to rerun, decisions that are theirs to make, what is blocking you. No preamble, no restating the task, no narrating the steps you took, no sign-off. If you ran tests or builds, give counts and the failures, not the passing output. If you could not finish, say that in the first line and say exactly what stopped you. If your report would run past 14,400 characters, write the full detail to .antiphon/task-a667521f.md and make your final message a summary that points at that path. End your final message with one line, on its own: `[antiphon-report:a667521f done]` if the work is complete, `[antiphon-report:a667521f blocked]` if you need a decision or an answer to continue, `[antiphon-report:a667521f failed]` if you could not do it. Nothing after it. Without that line the harness cannot tell your report from a status update and will ask you once. [antiphon-task:a667521f]"] Additional Info:     C959-pc-188 busy recipient ClaudeCode/busy=True/worktree=False/0.160.0
20261003-181502-1e8a	CP-4	Antiphon.Tests.Application.CodexCliAdmissionTests	C959_Retry_and_cancellation_recheck	Passed	7545e71b-47aa-bbac-27a3-6de2a715de54	-
20261003-181913-21cc	CP-4	Antiphon.Tests.Application.CodexCliAdmissionTests	C959_Ladder_and_exact_models_share_floor	Passed	83f58de6-1769-6123-f24a-eb2949cb9ded	-
20261003-181913-21cc	CP-4	Antiphon.Tests.Application.CodexCliAdmissionTests	C959_Create_refuses_bad_versions	Passed	b331cf54-a19b-17c4-6a5a-ba7211a3a637	-
20261003-181913-21cc	CP-4	Antiphon.Tests.Application.CodexCliAdmissionTests	C959_Existing_refusals_and_flags_keep_precedence	Passed	b3bbb915-62d3-4759-f5d7-1e7a1546c0db	-
20261003-181913-21cc	CP-4	Antiphon.Tests.Application.CodexCliAdmissionTests	C959_Queued_downgrade_blocks_before_claim	Passed	eca8e36f-ae23-4fc2-adad-5a4be4786c2a	-
20261003-181913-21cc	CP-4	Antiphon.Tests.Application.CodexCliAdmissionTests	C959_Exact_profile_model_wins	Passed	23f5c361-904a-6b9c-6a49-0f1598b9b4dc	-
20261003-181913-21cc	CP-4	Antiphon.Tests.Application.CodexCliAdmissionTests	C959_Profile_launcher_uses_its_own_evidence	Passed	a08929e0-5c2b-7177-ad93-3d3f418570c0	-
20261003-181913-21cc	CP-4	Antiphon.Tests.Application.CodexCliAdmissionTests	C959_Override_is_scoped_expiring_and_audited	Passed	ffa1426e-7383-fa51-8700-8a0cd97120ef	-
20261003-181913-21cc	CP-4	Antiphon.Tests.Application.CodexCliAdmissionTests	C959_Compatible_launch_keeps_model_and_runner	Failed	a241ff5a-cf14-c309-e219-935858020db7	ShouldAssertException: adapter.SubmittedBodies     should be empty but had 1     item and was ["[antiphon-task:9e9de8fa] role=Docs tier=High workspace=Shared C959 delivery α second line END-C959 When finished: git add the files you changed, commit with the real outcome in the message, and push, before your final report. --- how to report back --- Your final message is the entire report the caller receives. Nothing else from this session is forwarded, and the caller cannot see your screen. If a file is your deliverable, give its absolute path; an `[[attach:]]` marker here reaches only your caller as text — it is never sent to any chat. Lead with the outcome in one line: what you did or found, and whether it worked. Then only what the caller needs in order to act — files changed, commands to rerun, decisions that are theirs to make, what is blocking you. No preamble, no restating the task, no narrating the steps you took, no sign-off. If you ran tests or builds, give counts and the failures, not the passing output. If you could not finish, say that in the first line and say exactly what stopped you. If your report would run past 14,400 characters, write the full detail to .antiphon/task-9e9de8fa.md and make your final message a summary that points at that path. End your final message with one line, on its own: `[antiphon-report:9e9de8fa done]` if the work is complete, `[antiphon-report:9e9de8fa blocked]` if you need a decision or an answer to continue, `[antiphon-report:9e9de8fa failed]` if you could not do it. Nothing after it. Without that line the harness cannot tell your report from a status update and will ask you once. [antiphon-task:9e9de8fa]"] Additional Info:     C959-pc-188 busy recipient ClaudeCode/busy=True/worktree=False/0.160.0
20261003-181913-21cc	CP-4	Antiphon.Tests.Application.CodexCliAdmissionTests	C959_Retry_and_cancellation_recheck	Passed	7545e71b-47aa-bbac-27a3-6de2a715de54	-
20261003-182512-689d	CP-4	Antiphon.Tests.Application.CodexCliAdmissionTests	C959_Ladder_and_exact_models_share_floor	Passed	83f58de6-1769-6123-f24a-eb2949cb9ded	-
20261003-182512-689d	CP-4	Antiphon.Tests.Application.CodexCliAdmissionTests	C959_Create_refuses_bad_versions	Passed	b331cf54-a19b-17c4-6a5a-ba7211a3a637	-
20261003-182512-689d	CP-4	Antiphon.Tests.Application.CodexCliAdmissionTests	C959_Existing_refusals_and_flags_keep_precedence	Passed	b3bbb915-62d3-4759-f5d7-1e7a1546c0db	-
20261003-182512-689d	CP-4	Antiphon.Tests.Application.CodexCliAdmissionTests	C959_Queued_downgrade_blocks_before_claim	Passed	eca8e36f-ae23-4fc2-adad-5a4be4786c2a	-
20261003-182512-689d	CP-4	Antiphon.Tests.Application.CodexCliAdmissionTests	C959_Exact_profile_model_wins	Passed	23f5c361-904a-6b9c-6a49-0f1598b9b4dc	-
20261003-182512-689d	CP-4	Antiphon.Tests.Application.CodexCliAdmissionTests	C959_Profile_launcher_uses_its_own_evidence	Passed	a08929e0-5c2b-7177-ad93-3d3f418570c0	-
20261003-182512-689d	CP-4	Antiphon.Tests.Application.CodexCliAdmissionTests	C959_Override_is_scoped_expiring_and_audited	Passed	ffa1426e-7383-fa51-8700-8a0cd97120ef	-
20261003-182512-689d	CP-4	Antiphon.Tests.Application.CodexCliAdmissionTests	C959_Compatible_launch_keeps_model_and_runner	Passed	a241ff5a-cf14-c309-e219-935858020db7	-
20261003-182512-689d	CP-4	Antiphon.Tests.Application.CodexCliAdmissionTests	C959_Retry_and_cancellation_recheck	Passed	7545e71b-47aa-bbac-27a3-6de2a715de54	-
20261003-183750-efac	CP-4	Antiphon.Tests.Application.CodexCliAdmissionTests	C959_Ladder_and_exact_models_share_floor	Passed	83f58de6-1769-6123-f24a-eb2949cb9ded	-
20261003-183750-efac	CP-4	Antiphon.Tests.Application.CodexCliAdmissionTests	C959_Create_refuses_bad_versions	Passed	b331cf54-a19b-17c4-6a5a-ba7211a3a637	-
20261003-183750-efac	CP-4	Antiphon.Tests.Application.CodexCliAdmissionTests	C959_Existing_refusals_and_flags_keep_precedence	Passed	b3bbb915-62d3-4759-f5d7-1e7a1546c0db	-
20261003-183750-efac	CP-4	Antiphon.Tests.Application.CodexCliAdmissionTests	C959_Queued_downgrade_blocks_before_claim	Passed	eca8e36f-ae23-4fc2-adad-5a4be4786c2a	-
20261003-183750-efac	CP-4	Antiphon.Tests.Application.CodexCliAdmissionTests	C959_Exact_profile_model_wins	Passed	23f5c361-904a-6b9c-6a49-0f1598b9b4dc	-
20261003-183750-efac	CP-4	Antiphon.Tests.Application.CodexCliAdmissionTests	C959_Profile_launcher_uses_its_own_evidence	Passed	a08929e0-5c2b-7177-ad93-3d3f418570c0	-
20261003-183750-efac	CP-4	Antiphon.Tests.Application.CodexCliAdmissionTests	C959_Override_is_scoped_expiring_and_audited	Passed	ffa1426e-7383-fa51-8700-8a0cd97120ef	-
20261003-183750-efac	CP-4	Antiphon.Tests.Application.CodexCliAdmissionTests	C959_Compatible_launch_keeps_model_and_runner	Passed	a241ff5a-cf14-c309-e219-935858020db7	-
20261003-183750-efac	CP-4	Antiphon.Tests.Application.CodexCliAdmissionTests	C959_Retry_and_cancellation_recheck	Failed	7545e71b-47aa-bbac-27a3-6de2a715de54	DbUpdateException: An error occurred while saving the entity changes. See the inner exception for details.
20261003-184602-9733	CP-4	Antiphon.Tests.Application.CodexCliAdmissionTests	C959_Ladder_and_exact_models_share_floor	Passed	83f58de6-1769-6123-f24a-eb2949cb9ded	-
20261003-184602-9733	CP-4	Antiphon.Tests.Application.CodexCliAdmissionTests	C959_Create_refuses_bad_versions	Passed	b331cf54-a19b-17c4-6a5a-ba7211a3a637	-
20261003-184602-9733	CP-4	Antiphon.Tests.Application.CodexCliAdmissionTests	C959_Existing_refusals_and_flags_keep_precedence	Passed	b3bbb915-62d3-4759-f5d7-1e7a1546c0db	-
20261003-184602-9733	CP-4	Antiphon.Tests.Application.CodexCliAdmissionTests	C959_Queued_downgrade_blocks_before_claim	Passed	eca8e36f-ae23-4fc2-adad-5a4be4786c2a	-
20261003-184602-9733	CP-4	Antiphon.Tests.Application.CodexCliAdmissionTests	C959_Exact_profile_model_wins	Passed	23f5c361-904a-6b9c-6a49-0f1598b9b4dc	-
20261003-184602-9733	CP-4	Antiphon.Tests.Application.CodexCliAdmissionTests	C959_Profile_launcher_uses_its_own_evidence	Passed	a08929e0-5c2b-7177-ad93-3d3f418570c0	-
20261003-184602-9733	CP-4	Antiphon.Tests.Application.CodexCliAdmissionTests	C959_Override_is_scoped_expiring_and_audited	Passed	ffa1426e-7383-fa51-8700-8a0cd97120ef	-
20261003-184602-9733	CP-4	Antiphon.Tests.Application.CodexCliAdmissionTests	C959_Compatible_launch_keeps_model_and_runner	Passed	a241ff5a-cf14-c309-e219-935858020db7	-
20261003-184602-9733	CP-4	Antiphon.Tests.Application.CodexCliAdmissionTests	C959_Retry_and_cancellation_recheck	Passed	7545e71b-47aa-bbac-27a3-6de2a715de54	-
20261003-185639-7d72	CP-4	Antiphon.Tests.Application.CodexCliAdmissionTests	C959_Ladder_and_exact_models_share_floor	Passed	83f58de6-1769-6123-f24a-eb2949cb9ded	-
20261003-185639-7d72	CP-4	Antiphon.Tests.Application.CodexCliAdmissionTests	C959_Create_refuses_bad_versions	Passed	b331cf54-a19b-17c4-6a5a-ba7211a3a637	-
20261003-185639-7d72	CP-4	Antiphon.Tests.Application.CodexCliAdmissionTests	C959_Existing_refusals_and_flags_keep_precedence	Passed	b3bbb915-62d3-4759-f5d7-1e7a1546c0db	-
20261003-185639-7d72	CP-4	Antiphon.Tests.Application.CodexCliAdmissionTests	C959_Queued_downgrade_blocks_before_claim	Passed	eca8e36f-ae23-4fc2-adad-5a4be4786c2a	-
20261003-185639-7d72	CP-4	Antiphon.Tests.Application.CodexCliAdmissionTests	C959_Exact_profile_model_wins	Passed	23f5c361-904a-6b9c-6a49-0f1598b9b4dc	-
20261003-185639-7d72	CP-4	Antiphon.Tests.Application.CodexCliAdmissionTests	C959_Profile_launcher_uses_its_own_evidence	Passed	a08929e0-5c2b-7177-ad93-3d3f418570c0	-
20261003-185639-7d72	CP-4	Antiphon.Tests.Application.CodexCliAdmissionTests	C959_Override_is_scoped_expiring_and_audited	Passed	ffa1426e-7383-fa51-8700-8a0cd97120ef	-
20261003-185639-7d72	CP-4	Antiphon.Tests.Application.CodexCliAdmissionTests	C959_Compatible_launch_keeps_model_and_runner	Failed	a241ff5a-cf14-c309-e219-935858020db7	ShouldAssertException: await h.Runtime.CatchUpTranscriptAsync(task.AgentSessionId.Value, CancellationToken.None)     should be True     but was False
20261003-185639-7d72	CP-4	Antiphon.Tests.Application.CodexCliAdmissionTests	C959_Retry_and_cancellation_recheck	Passed	7545e71b-47aa-bbac-27a3-6de2a715de54	-
20261003-190236-40fe	CP-4	Antiphon.Tests.Application.CodexCliAdmissionTests	C959_Ladder_and_exact_models_share_floor	Passed	83f58de6-1769-6123-f24a-eb2949cb9ded	-
20261003-190236-40fe	CP-4	Antiphon.Tests.Application.CodexCliAdmissionTests	C959_Create_refuses_bad_versions	Passed	b331cf54-a19b-17c4-6a5a-ba7211a3a637	-
20261003-190236-40fe	CP-4	Antiphon.Tests.Application.CodexCliAdmissionTests	C959_Existing_refusals_and_flags_keep_precedence	Passed	b3bbb915-62d3-4759-f5d7-1e7a1546c0db	-
20261003-190236-40fe	CP-4	Antiphon.Tests.Application.CodexCliAdmissionTests	C959_Queued_downgrade_blocks_before_claim	Passed	eca8e36f-ae23-4fc2-adad-5a4be4786c2a	-
20261003-190236-40fe	CP-4	Antiphon.Tests.Application.CodexCliAdmissionTests	C959_Exact_profile_model_wins	Passed	23f5c361-904a-6b9c-6a49-0f1598b9b4dc	-
20261003-190236-40fe	CP-4	Antiphon.Tests.Application.CodexCliAdmissionTests	C959_Profile_launcher_uses_its_own_evidence	Passed	a08929e0-5c2b-7177-ad93-3d3f418570c0	-
20261003-190236-40fe	CP-4	Antiphon.Tests.Application.CodexCliAdmissionTests	C959_Override_is_scoped_expiring_and_audited	Passed	ffa1426e-7383-fa51-8700-8a0cd97120ef	-
20261003-190236-40fe	CP-4	Antiphon.Tests.Application.CodexCliAdmissionTests	C959_Compatible_launch_keeps_model_and_runner	Failed	a241ff5a-cf14-c309-e219-935858020db7	ShouldAssertException: receipts.Count     should be 1     but was 0 Additional Info:     C959-v21-remote-no-duplicate remote/0.159.1/busy=True
20261003-190236-40fe	CP-4	Antiphon.Tests.Application.CodexCliAdmissionTests	C959_Retry_and_cancellation_recheck	Passed	7545e71b-47aa-bbac-27a3-6de2a715de54	-
20261003-190721-c37b	CP-4	Antiphon.Tests.Application.CodexCliAdmissionTests	C959_Ladder_and_exact_models_share_floor	Passed	83f58de6-1769-6123-f24a-eb2949cb9ded	-
20261003-190721-c37b	CP-4	Antiphon.Tests.Application.CodexCliAdmissionTests	C959_Create_refuses_bad_versions	Passed	b331cf54-a19b-17c4-6a5a-ba7211a3a637	-
20261003-190721-c37b	CP-4	Antiphon.Tests.Application.CodexCliAdmissionTests	C959_Existing_refusals_and_flags_keep_precedence	Passed	b3bbb915-62d3-4759-f5d7-1e7a1546c0db	-
20261003-190721-c37b	CP-4	Antiphon.Tests.Application.CodexCliAdmissionTests	C959_Queued_downgrade_blocks_before_claim	Passed	eca8e36f-ae23-4fc2-adad-5a4be4786c2a	-
20261003-190721-c37b	CP-4	Antiphon.Tests.Application.CodexCliAdmissionTests	C959_Exact_profile_model_wins	Passed	23f5c361-904a-6b9c-6a49-0f1598b9b4dc	-
20261003-190721-c37b	CP-4	Antiphon.Tests.Application.CodexCliAdmissionTests	C959_Profile_launcher_uses_its_own_evidence	Passed	a08929e0-5c2b-7177-ad93-3d3f418570c0	-
20261003-190721-c37b	CP-4	Antiphon.Tests.Application.CodexCliAdmissionTests	C959_Override_is_scoped_expiring_and_audited	Passed	ffa1426e-7383-fa51-8700-8a0cd97120ef	-
20261003-190721-c37b	CP-4	Antiphon.Tests.Application.CodexCliAdmissionTests	C959_Compatible_launch_keeps_model_and_runner	Passed	a241ff5a-cf14-c309-e219-935858020db7	-
20261003-190721-c37b	CP-4	Antiphon.Tests.Application.CodexCliAdmissionTests	C959_Retry_and_cancellation_recheck	Passed	7545e71b-47aa-bbac-27a3-6de2a715de54	-
20261003-193706-c6b6	CP-4	Antiphon.Tests.Application.CodexCliAdmissionTests	C959_Ladder_and_exact_models_share_floor	Passed	83f58de6-1769-6123-f24a-eb2949cb9ded	-
20261003-193706-c6b6	CP-4	Antiphon.Tests.Application.CodexCliAdmissionTests	C959_Create_refuses_bad_versions	Passed	b331cf54-a19b-17c4-6a5a-ba7211a3a637	-
20261003-193706-c6b6	CP-4	Antiphon.Tests.Application.CodexCliAdmissionTests	C959_Existing_refusals_and_flags_keep_precedence	Passed	b3bbb915-62d3-4759-f5d7-1e7a1546c0db	-
20261003-193706-c6b6	CP-4	Antiphon.Tests.Application.CodexCliAdmissionTests	C959_Queued_downgrade_blocks_before_claim	Passed	eca8e36f-ae23-4fc2-adad-5a4be4786c2a	-
20261003-193706-c6b6	CP-4	Antiphon.Tests.Application.CodexCliAdmissionTests	C959_Exact_profile_model_wins	Passed	23f5c361-904a-6b9c-6a49-0f1598b9b4dc	-
20261003-193706-c6b6	CP-4	Antiphon.Tests.Application.CodexCliAdmissionTests	C959_Profile_launcher_uses_its_own_evidence	Passed	a08929e0-5c2b-7177-ad93-3d3f418570c0	-
20261003-193706-c6b6	CP-4	Antiphon.Tests.Application.CodexCliAdmissionTests	C959_Override_is_scoped_expiring_and_audited	Passed	ffa1426e-7383-fa51-8700-8a0cd97120ef	-
20261003-193706-c6b6	CP-4	Antiphon.Tests.Application.CodexCliAdmissionTests	C959_Compatible_launch_keeps_model_and_runner	Passed	a241ff5a-cf14-c309-e219-935858020db7	-
20261003-193706-c6b6	CP-4	Antiphon.Tests.Application.CodexCliAdmissionTests	C959_Retry_and_cancellation_recheck	Passed	7545e71b-47aa-bbac-27a3-6de2a715de54	-
20261003-191547-0744	CP-1	Antiphon.SessionRunner.Tests.CodexCliVersionProbeTests	C959_Parses_and_orders_versions	Passed	f4659c1a-1a42-852a-60e2-a9578cb480bb	-
20261003-191547-0744	CP-1	Antiphon.SessionRunner.Tests.CodexCliVersionProbeTests	C959_Probe_is_version_only_and_auth_free	Passed	f5e78807-034f-655f-9a55-b8159474cdfc	-
20261003-191547-0744	CP-1	Antiphon.SessionRunner.Tests.CodexCliVersionProbeTests	C959_Failure_bounds_and_cleanup	Passed	51924294-867c-bcd0-bd72-f1e323fc4ba2	-
20261003-191547-0744	CP-1	Antiphon.SessionRunner.Tests.CodexCliVersionProbeTests	C959_Refresh_replaces_evidence	Passed	1921dbb1-dc94-255a-d4d6-e20312a086aa	-
20261003-191547-0744	CP-1	Antiphon.SessionRunner.Tests.CodexCliVersionProbeTests	C959_Local_and_registration_share_snapshot	Passed	b0413a7b-47d1-e613-6292-8959ef406206	-
20261003-191547-0744	CP-3	Antiphon.Tests.Application.RunnerCodexCliEvidenceTests	C959_Heartbeat_updates_only_probe_evidence	Passed	887d4b08-7901-0886-a03c-54ee939131df	-
20261003-191547-0744	CP-3	Antiphon.Tests.Application.RunnerCodexCliEvidenceTests	C959_Freshness_boundaries	Passed	46e8c42b-8e3f-988d-aae9-e6b2bc16077a	-
20261003-191547-0744	CP-3	Antiphon.Tests.Application.RunnerCodexCliEvidenceTests	C959_Generation_change_clears_version	Passed	9fd06df0-2278-f0f7-eab6-c4bc9b99c5b1	-
20261003-191547-0744	CP-3	Antiphon.Tests.Application.RunnerCodexCliEvidenceTests	C959_Catalogue_and_status_project_version	Passed	797b594e-c76f-8c76-c779-0ed64c4596b2	-
20261003-191547-0744	CP-3	Antiphon.Tests.Application.RunnerCodexCliEvidenceTests	C959_Exact_probe_transport_is_bound	Passed	a831783d-ce64-f0fc-f94c-7982b60d0d52	-
20261003-191547-0744	CP-5	Antiphon.Tests.Application.CodexPhoneHomeCreateTests	Signed_out_remote_create_refuses_with_codex_problem_details	Passed	26313007-5a75-31ba-08e8-0a29e0f6c59a	-
20261003-191547-0744	CP-5	Antiphon.Tests.Application.CodexPhoneHomeCreateTests	Present_unknown_and_unavailable_probe_admit	Passed	a9725511-7f0b-9816-a7b6-3c894cddd16d	-
20261003-191547-0744	CP-5	Antiphon.Tests.Application.CodexPhoneHomeCreateTests	Explicit_override_only_bypasses_create_probe	Passed	e14da65d-225f-811a-1a73-a8fd95cb8659	-
20261003-191547-0744	CP-5	Antiphon.Tests.Application.CodexPhoneHomeCreateTests	Local_codex_never_reads_remote_or_desktop_auth	Passed	6ea83a1e-9771-3805-efd2-086a9e4c6830	-
20261003-191547-0744	CP-5	Antiphon.Tests.Application.CodexPhoneHomeCreateTests	Retry_checks_the_selected_runner	Passed	a9086bb5-0ed8-d78e-28df-23a2cd449cb0	-
20261003-191547-0744	CP-5	Antiphon.Tests.Application.CodexPhoneHomeCreateTests	Explicit_runner_admits_codex_while_default_placement_keeps_it_local	Passed	0975694d-d007-14df-7b57-177ced119cac	-
20261003-191547-0744	CP-5	Antiphon.Tests.Application.PinnedCodexProfileDispatchLaunchTests	T10_pinned_stopped_Codex_agent_argv_is_codex_and_session_carries_provenance	Passed	7ba2c9f3-3897-ed45-e01b-34d5e404d577	-
20261003-191547-0744	CP-5	Antiphon.Tests.Application.PinnedCodexProfileDispatchLaunchTests	T11_pinned_codex_profile_keeps_a_long_developer_block_whole	Passed	7bd5b98e-5ca0-b49d-cae6-f6a1a84d6fc2	-
20261003-191547-0744	CP-5	Antiphon.Tests.Application.ModelAvailabilityCreateTests	Fallback_hold_sentence_names_a_bounded_retry_not_a_provider_reset	Passed	d166075a-a8c7-f2b6-3377-c65d8fc31d1f	-
20261003-191547-0744	CP-5	Antiphon.Tests.Application.ModelAvailabilityCreateTests	Open_ended_hold_sentence_names_the_per_model_cap	Passed	7e45bd6b-1ccd-01e8-8d59-8a3115831a8a	-
20261003-191547-0744	CP-5	Antiphon.Tests.Application.ModelAvailabilityCreateTests	Create_without_IgnoreModelDisabled_is_still_409_while_held	Passed	a79a3bdc-f687-9084-06eb-dae77d109b83	-
20261003-191547-0744	CP-5	Antiphon.Tests.Application.ModelAvailabilityCreateTests	Create_with_IgnoreModelDisabled_queues_with_a_warning_and_does_not_409	Passed	7ea13cfa-3cd7-5320-b319-7be9856e6fdc	-
20261003-191547-0744	CP-5	Antiphon.Tests.Application.ModelAvailabilityCreateTests	Create_haiku_succeeds_while_fable_is_held	Passed	9d050202-0311-4f76-2471-092597ebbd73	-
20261003-191547-0744	CP-5	Antiphon.Tests.Application.ModelAvailabilityCreateTests	Create_Claude_succeeds_while_grok_4_6_is_held	Passed	2b21c94c-9a40-1d83-43c9-375bcdb1e242	-
20261003-191547-0744	CP-5	Antiphon.Tests.Application.ModelAvailabilityCreateTests	Create_Grok_against_a_grok_4_6_hold_is_409_model_disabled	Passed	636a0ef9-3304-b311-3301-ff29bcb9fc7f	-
20261003-191547-0744	CP-5	Antiphon.Tests.Application.ModelAvailabilityCreateTests	Create_Frontier_Claude_against_a_fable_hold_is_409_model_disabled	Passed	dddca321-9918-b9ef-bac3-b9da133ced4b	-
20261003-191547-0744	CP-5	Antiphon.Tests.Application.ModelAvailabilityCreateTests	Retired_sol_hold_allows_current_tier_but_blocks_exact_selection	Passed	5540ebfa-4e5b-3b6c-4b79-504877f4ab05	-
20261003-191547-0744	CP-5	Antiphon.Tests.Application.ModelAvailabilityCreateTests	Retired_sol_hold_allows_current_tier_but_blocks_exact_selection	Passed	1421ed98-534d-c570-6b4f-71e27d60d282	-
20261003-191547-0744	CP-5	Antiphon.Tests.Application.ModelAvailabilityCreateTests	Create_Grok_succeeds_while_fable_is_held	Passed	5849b7c6-f0bd-3587-5e5c-da6d99503e7b	-
20261003-191547-0744	CP-5	Antiphon.Tests.Application.ModelAvailabilityDispatcherTests	A_fable_hold_skips_fable_and_dispatches_sonnet_on_the_same_tick	Passed	07f60b1e-110b-da31-ddb3-7fb4a90dfc6f	-
20261003-191547-0744	CP-5	Antiphon.Tests.Application.ModelAvailabilityDispatcherTests	A_manual_fable_hold_skips_queued_fable_and_dispatches_sonnet	Passed	dd2d8cde-08e9-2c59-c521-8f3cce7dba08	-
20261003-191547-0744	CP-5	Antiphon.Tests.Application.ModelAvailabilityDispatcherTests	An_expired_hold_clears_and_then_dispatches	Passed	c68e86a0-57bc-fae3-59eb-e945c2258cb5	-
20261003-191547-0744	CP-6	Antiphon.Tests.Application.PhoneHomeDirectoryTests	Remote_adapter_reaches_the_replacement_connection_after_a_reconnect	Passed	1eaa99cd-c989-44c3-dc5c-67d8c8fa0c4c	-
20261003-191547-0744	CP-6	Antiphon.Tests.Application.PhoneHomeDirectoryTests	Capacity_above_bound_is_refused	Passed	21909502-f4c1-f200-4aea-0a7945098b09	-
20261003-191547-0744	CP-6	Antiphon.Tests.Application.PhoneHomeDirectoryTests	Capacity_within_bound_is_admitted	Passed	a6279cae-2ee2-0fca-6428-075dd42c20f6	-
20261003-191547-0744	CP-6	Antiphon.Tests.Application.PhoneHomeDirectoryTests	Registration_carries_capabilities	Passed	3384d54e-f90f-c96d-7337-9a3691d020a1	-
20261003-191547-0744	CP-6	Antiphon.Tests.Application.PhoneHomeDirectoryTests	Foreign_runner_id_is_refused	Passed	aad8d73c-5883-a167-dfae-449aa81ef38e	-
20261003-191547-0744	CP-6	Antiphon.Tests.Application.PhoneHomeDirectoryTests	Provider_auth_endpoint_routes_to_the_live_runner_and_409s_when_absent	Passed	4fc3fad4-6463-6ea7-b80e-590551ad6296	-
20261003-191547-0744	CP-6	Antiphon.Tests.Application.PhoneHomeDirectoryTests	Resolve_refuses_a_recovered_connection_whose_socket_is_closed	Passed	c0720f91-d955-ad84-4c25-9545c9838251	-
20261003-191547-0744	CP-6	Antiphon.Tests.Application.PhoneHomeRunnerRetirementIdentityTests	Ordinary_offline_slot_keeps_store_binding_even_after_drain_clear	Passed	cf0b4814-8adb-1f2a-aa08-babcee7d810d	-
20261003-191547-0744	CP-6	Antiphon.Tests.Application.PhoneHomeRunnerRetirementIdentityTests	Ordinary_offline_slot_keeps_store_binding_even_after_drain_clear	Passed	33769e29-5eb0-391e-3321-66c70059f820	-
20261003-191547-0744	CP-6	Antiphon.Tests.Application.PhoneHomeRunnerRetirementIdentityTests	Cleared_retirement_preserves_unexpired_registration_lease_then_allows_replacement	Passed	172d3e34-1b8e-c8f2-4275-3406019bc7de	-
20261003-191547-0744	CP-6	Antiphon.Tests.Application.PhoneHomeRunnerRetirementIdentityTests	Cleared_retirement_waits_a_full_lease_after_a_recent_heartbeat_and_disconnect	Passed	d7a6a492-f71b-7ff4-1c17-027e12ff8a22	-
20261003-191547-0744	CP-6	Antiphon.Tests.Application.PhoneHomeRunnerRetirementIdentityTests	Cleared_retirement_preserves_live_store_even_after_lease_expiry	Passed	1ce6fc34-e94c-2422-1f56-0888b4d6d08b	-
20261003-191547-0744	CP-6	Antiphon.Tests.Application.PhoneHomeRunnerRetirementIdentityTests	Retirement_stamp_alone_refuses_same_and_foreign_stores	Passed	45d0b0a2-41e1-74c7-4a4a-73028daa98b1	-
20261003-191547-0744	CP-6	Antiphon.Tests.Application.PhoneHomeRunnerRetirementIdentityTests	Cleared_retirement_allows_one_new_store_after_disconnect_and_lease_expiry	Passed	14a9e1cc-4018-8ec0-dfac-95648d009919	-
20261003-191547-0744	CP-6	Antiphon.Tests.Application.PhoneHomeRunnerRetirementIdentityTests	Same_store_reconnect_consumes_retirement_clear_authorization	Passed	723656c7-c516-6065-c252-2168c9a1cf51	-
20261003-191547-0744	CP-6	Antiphon.Tests.Application.PhoneHomeRunnerRetirementIdentityTests	Cleared_retirement_preserves_live_store_even_after_lease_expiry	Passed	1929c36d-ed0e-4964-4506-66ec026f3ff9	-
20261003-191547-0744	CP-6	Antiphon.Tests.Application.RunnerCatalogueTests	Task_dtos_keep_historical_placement	Passed	6817518c-dc45-3e9f-38cc-49a05ddd26a9	-
20261003-191547-0744	CP-6	Antiphon.Tests.Application.RunnerCatalogueTests	Capacity_matches_dispatch_accounting	Passed	f107b2ee-e379-9687-166c-0a9de67f5a15	-
20261003-191547-0744	CP-6	Antiphon.Tests.Application.RunnerCatalogueTests	Unknown_id_has_no_borrowed_status	Passed	fc305f3e-c455-21cb-c397-872375b2ab77	-
20261003-191547-0744	CP-6	Antiphon.Tests.Application.RunnerCatalogueTests	Catalogue_includes_desktop_and_offline_runners	Passed	b40c4723-c5a0-4efc-8dac-422c86b75cd8	-
20261003-191547-0744	CP-7	Antiphon.Tests.Application.ModelAliasTests	Normalize_maps_known_family_text	Passed	40e16446-43ae-fa82-e8d9-e6db8d1efce0	-
20261003-191547-0744	CP-7	Antiphon.Tests.Application.ModelAliasTests	Normalize_returns_null_for_unknown_text	Passed	7b23edc8-07ce-0c3a-3863-8a8b93de5946	-
20261003-191547-0744	CP-7	Antiphon.Tests.Application.ModelAliasTests	Normalize_returns_null_for_unknown_text	Passed	45d3ff19-cd5d-efbb-6db6-efb6c7d7ad77	-
20261003-191547-0744	CP-7	Antiphon.Tests.Application.ModelAliasTests	Normalize_returns_null_for_unknown_text	Passed	f4800058-59ff-6be3-6fbc-b64afb66a922	-
20261003-191547-0744	CP-7	Antiphon.Tests.Application.ModelAliasTests	Normalize_returns_null_for_unrecognised_sonnet_point_release	Passed	d36bb9e3-0a8c-ce64-c6e0-d7eb725fe4ba	-
20261003-191547-0744	CP-7	Antiphon.Tests.Application.ModelAliasTests	Normalize_returns_null_for_unrecognised_sonnet_point_release	Passed	42eb6a35-cb67-175c-7344-7d0b8336ce2b	-
20261003-191547-0744	CP-7	Antiphon.Tests.Application.ModelAliasTests	Normalize_returns_null_for_unrecognised_sonnet_point_release	Passed	cca0b71f-ff90-fe79-8fd3-4e413d0b3296	-
20261003-191547-0744	CP-7	Antiphon.Tests.Application.ModelAliasTests	Normalize_returns_null_for_unrecognised_opus_point_release	Passed	6a6dc368-6db5-93b7-528c-3413ea641513	-
20261003-191547-0744	CP-7	Antiphon.Tests.Application.ModelAliasTests	Normalize_returns_null_for_unrecognised_opus_point_release	Passed	899e7547-3b57-38e4-c6d4-9640cef72439	-
20261003-191547-0744	CP-7	Antiphon.Tests.Application.ModelAliasTests	Normalize_returns_null_for_unrecognised_opus_point_release	Passed	4fab62a2-a633-4522-0a86-9de0c35f5323	-
20261003-191547-0744	CP-7	Antiphon.Tests.Application.ModelAliasTests	Normalize_maps_sonnet_5_5_hold_text	Passed	a163fac5-1ff1-a00a-964e-43f9017b43b9	-
20261003-191547-0744	CP-7	Antiphon.Tests.Application.ModelAliasTests	Normalize_maps_sonnet_5_5_hold_text	Passed	985e15be-d759-a898-9146-e2750e3a92ca	-
20261003-191547-0744	CP-7	Antiphon.Tests.Application.ModelAliasTests	Normalize_maps_sonnet_5_5_hold_text	Passed	7c814fb7-d352-83ee-86fa-47bb2ce383e8	-
20261003-191547-0744	CP-7	Antiphon.Tests.Application.ModelAliasTests	Normalize_maps_sonnet_5_5_hold_text	Passed	82761380-3c3c-69c4-3365-e4f4fa38bf4d	-
20261003-191547-0744	CP-7	Antiphon.Tests.Application.ModelAliasTests	Normalize_maps_sonnet_5_5_hold_text	Passed	99c29b7a-4c24-cce5-b220-cf5f14387d5a	-
20261003-191547-0744	CP-7	Antiphon.Tests.Application.ModelAliasTests	Normalize_maps_sonnet_5_5_hold_text	Passed	fc454d38-5539-7184-93fe-dc69ddbc4c0a	-
20261003-191547-0744	CP-7	Antiphon.Tests.Application.ModelAliasTests	Normalize_returns_null_for_unknown_text	Passed	2f1f29dd-f1d0-3abe-9f63-dc5d043ca0ab	-
20261003-191547-0744	CP-7	Antiphon.Tests.Application.ModelAliasTests	Normalize_maps_opus_5_5_hold_text	Passed	794f61b5-40da-5fdc-20c2-ddfa058ed295	-
20261003-191547-0744	CP-7	Antiphon.Tests.Application.ModelAliasTests	Normalize_returns_null_for_unknown_text	Passed	c62ea08f-1da9-f9f2-92c5-c29fdcfb9a0c	-
20261003-191547-0744	CP-7	Antiphon.Tests.Application.ModelAliasTests	CanonicalHoldAlias_accepts_known_aliases_and_star	Passed	8d69c942-ea9b-291e-587f-0dc466545fad	-
20261003-191547-0744	CP-7	Antiphon.Tests.Application.ModelAliasTests	CanonicalHoldAlias_rejects_tui_names_and_unknown_text	Passed	631ec51b-e69b-fcf6-68c3-905dda056915	-
20261003-191547-0744	CP-7	Antiphon.Tests.Application.ModelAliasTests	CanonicalHoldAlias_rejects_tui_names_and_unknown_text	Passed	22b08941-0fed-1eba-6502-8c00c50dd9a4	-
20261003-191547-0744	CP-7	Antiphon.Tests.Application.ModelAliasTests	CanonicalHoldAlias_rejects_tui_names_and_unknown_text	Passed	da09fb4e-8ca3-b8ea-3e43-4b8cf0355d94	-
20261003-191547-0744	CP-7	Antiphon.Tests.Application.ModelAliasTests	CanonicalHoldAlias_rejects_tui_names_and_unknown_text	Passed	e6a5e363-2c14-2bcb-86d7-852726124d3b	-
20261003-191547-0744	CP-7	Antiphon.Tests.Application.ModelAliasTests	CanonicalHoldAlias_rejects_tui_names_and_unknown_text	Passed	82bb60c9-a994-d014-4696-6f8a6ddaf384	-
20261003-191547-0744	CP-7	Antiphon.Tests.Application.ModelAliasTests	CanonicalHoldAlias_rejects_tui_names_and_unknown_text	Passed	4f856a66-4644-99b5-1810-5178643aca65	-
20261003-191547-0744	CP-7	Antiphon.Tests.Application.ModelAliasTests	CanonicalHoldAlias_rejects_tui_names_and_unknown_text	Passed	21429c17-0c73-8225-9fb6-f7760833dafc	-
20261003-191547-0744	CP-7	Antiphon.Tests.Application.ModelAliasTests	CanonicalHoldAlias_rejects_tui_names_and_unknown_text	Passed	eb3c515c-3f42-a2e3-ce80-1f1d640463c0	-
20261003-191547-0744	CP-7	Antiphon.Tests.Application.ModelAliasTests	CanonicalHoldAlias_rejects_tui_names_and_unknown_text	Passed	70461b67-7fac-dbd0-154a-8d9b33133c65	-
20261003-191547-0744	CP-7	Antiphon.Tests.Application.ModelAliasTests	CanonicalHoldAlias_accepts_known_aliases_and_star	Passed	046a7325-d7df-3dff-ae59-b906128a8459	-
20261003-191547-0744	CP-7	Antiphon.Tests.Application.ModelAliasTests	CanonicalHoldAlias_accepts_known_aliases_and_star	Passed	8cd72fbf-9b5d-05a3-be68-7e4c6ddac39d	-
20261003-191547-0744	CP-7	Antiphon.Tests.Application.ModelAliasTests	CanonicalHoldAlias_accepts_known_aliases_and_star	Passed	7901af41-826a-d668-4d0a-cbdcb033ae52	-
20261003-191547-0744	CP-7	Antiphon.Tests.Application.ModelAliasTests	CanonicalHoldAlias_accepts_known_aliases_and_star	Passed	14e4db53-f32d-9a2d-5ed7-36cd06aca0b3	-
20261003-191547-0744	CP-7	Antiphon.Tests.Application.ModelAliasTests	CanonicalHoldAlias_accepts_known_aliases_and_star	Passed	cb580194-243a-0d2c-a7d7-428954683f42	-
20261003-191547-0744	CP-7	Antiphon.Tests.Application.ModelAliasTests	CanonicalHoldAlias_accepts_known_aliases_and_star	Passed	a57a589a-66bd-86ed-bab5-229a262b7f33	-
20261003-191547-0744	CP-7	Antiphon.Tests.Application.ModelAliasTests	Normalize_returns_null_for_unknown_text	Passed	4287693d-9552-0699-8190-d5e43ae7eeee	-
20261003-191547-0744	CP-7	Antiphon.Tests.Application.ModelAliasTests	Normalize_maps_opus_5_5_hold_text	Passed	5983af96-8bca-2abd-e9af-a8e57ecb2082	-
20261003-191547-0744	CP-7	Antiphon.Tests.Application.ModelAliasTests	Normalize_maps_opus_5_5_hold_text	Passed	e0b2ac83-9c87-7edb-c89d-7a8f765c0375	-
20261003-191547-0744	CP-7	Antiphon.Tests.Application.ModelAliasTests	Normalize_maps_opus_5_5_hold_text	Passed	1b6c7595-03b1-6490-0859-d9bcff125c49	-
20261003-191547-0744	CP-7	Antiphon.Tests.Application.ModelAliasTests	Normalize_maps_known_family_text	Passed	4b73a171-eded-0c73-89b4-556d25721b15	-
20261003-191547-0744	CP-7	Antiphon.Tests.Application.ModelAliasTests	Normalize_maps_known_family_text	Passed	c6a144a2-3a8f-d852-ee8d-81f77c2efea5	-
20261003-191547-0744	CP-7	Antiphon.Tests.Application.ModelAliasTests	Normalize_maps_known_family_text	Passed	e8fe3c5c-5ba8-eb44-36c8-31e7f768776c	-
20261003-191547-0744	CP-7	Antiphon.Tests.Application.ModelAliasTests	Normalize_maps_known_family_text	Passed	20da0345-ec6f-6cd2-cf3c-c576c8298efc	-
20261003-191547-0744	CP-7	Antiphon.Tests.Application.ModelAliasTests	Normalize_maps_known_family_text	Passed	d288728c-b191-ea7a-fbd3-cd0c587576bc	-
20261003-191547-0744	CP-7	Antiphon.Tests.Application.ModelAliasTests	Normalize_maps_known_family_text	Passed	f2173331-b640-2f39-967a-5d7744b9c80a	-
20261003-191547-0744	CP-7	Antiphon.Tests.Application.ModelAliasTests	Normalize_maps_known_family_text	Passed	2fc77652-d7b3-eb51-0b2e-478be0fa009a	-
20261003-191547-0744	CP-7	Antiphon.Tests.Application.ModelAliasTests	Normalize_maps_known_family_text	Passed	9966acbd-61d5-816d-a06f-3771071d76af	-
20261003-191547-0744	CP-7	Antiphon.Tests.Application.ModelAliasTests	Normalize_maps_known_family_text	Passed	08e8e676-561a-ec25-a5e5-2c1916f3789a	-
20261003-191547-0744	CP-7	Antiphon.Tests.Application.ModelAliasTests	Normalize_maps_known_family_text	Passed	0d2df4e3-6f4f-037a-4fb7-01ec62b21467	-
20261003-191547-0744	CP-7	Antiphon.Tests.Application.ModelAliasTests	Normalize_maps_known_family_text	Passed	4121d1b5-5053-b08d-5447-a8f749acf08f	-
20261003-191547-0744	CP-7	Antiphon.Tests.Application.ModelAliasTests	Normalize_maps_known_family_text	Passed	d5510137-693a-1e5b-63df-b594a17f5e2d	-
20261003-191547-0744	CP-7	Antiphon.Tests.Application.ModelAliasTests	Normalize_maps_known_family_text	Passed	eb0c706e-7d55-e523-0fcd-b6dec7fb3491	-
20261003-191547-0744	CP-7	Antiphon.Tests.Application.ModelAliasTests	Normalize_maps_known_family_text	Passed	4d8699c4-2edb-bcf9-8db1-32078ee713b6	-
20261003-191547-0744	CP-7	Antiphon.Tests.Application.ModelAliasTests	Normalize_maps_known_family_text	Passed	5182566d-7576-011c-93bd-f740e84277b8	-
20261003-191547-0744	CP-7	Antiphon.Tests.Application.ModelAliasTests	Normalize_maps_known_family_text	Passed	1c50d4ee-8a78-8b05-38b4-afc24970f68d	-
20261003-191547-0744	CP-7	Antiphon.Tests.Application.ModelAliasTests	Normalize_maps_known_family_text	Passed	397c57b9-9a2f-ccf8-6726-39e2e4f2d521	-
20261003-191547-0744	CP-7	Antiphon.Tests.Application.ModelAliasTests	Normalize_maps_known_family_text	Passed	95865ca2-f860-a73c-788d-d055db0f97ed	-
20261003-191547-0744	CP-7	Antiphon.Tests.Application.ModelAliasTests	Normalize_maps_known_family_text	Passed	6af29d69-3699-b429-7faf-2dd1459de103	-
20261003-191547-0744	CP-7	Antiphon.Tests.Application.ModelAliasTests	Normalize_maps_opus_5_5_hold_text	Passed	de29577e-a5b0-7d81-c0d9-d32c5833e96a	-
20261003-191547-0744	CP-7	Antiphon.Tests.Application.ModelAliasTests	Normalize_maps_opus_5_5_hold_text	Passed	dfc33cba-425c-d47e-b414-528e862e0d1c	-
20261003-191547-0744	CP-7	Antiphon.Tests.Application.ModelAliasTests	Normalize_maps_known_family_text	Passed	9d613e44-a608-d38e-3362-a878056f44c7	-
20261003-191547-0744	CP-7	Antiphon.Tests.Application.ModelAliasTests	Normalize_maps_known_family_text	Passed	1f5950df-2f62-26b7-9dcb-cf1af635cfd2	-
20261003-191547-0744	CP-7	Antiphon.Tests.Application.ModelAliasTests	Normalize_maps_known_family_text	Passed	4a7c6ea9-561a-d6ef-92a5-c3d12b106380	-
20261003-191547-0744	CP-7	Antiphon.Tests.Application.ModelAliasTests	Normalize_maps_known_family_text	Passed	7588087a-3be8-28ae-8d7f-f46c32c01e6a	-
20261003-191547-0744	CP-7	Antiphon.Tests.Application.ModelAliasTests	Normalize_maps_known_family_text	Passed	4d88f2db-7934-4910-5e8f-10dbb2abf8bf	-
20261003-191547-0744	CP-7	Antiphon.Tests.Application.ModelAliasTests	CanonicalHoldAlias_rejects_tui_names_and_unknown_text	Passed	646aebaa-5e2b-a5b5-2fce-2e49618ad3de	-
20261003-191547-0744	CP-7	Antiphon.Tests.Application.ModelAliasTests	Normalize_maps_known_family_text	Passed	b287b6e1-b1e7-662c-1d4c-151c6c7126a1	-
20261003-191547-0744	CP-7	Antiphon.Tests.Application.ModelAliasTests	Normalize_maps_known_family_text	Passed	234917b7-ab0c-d5ca-99de-d6e22eb0a152	-
20261003-191547-0744	CP-7	Antiphon.Tests.Application.ModelAliasTests	Normalize_maps_known_family_text	Passed	68a167b2-3bbe-fa20-0a34-d103343176b7	-
20261003-191547-0744	CP-7	Antiphon.Tests.Application.ModelAliasTests	Normalize_maps_known_family_text	Passed	9e17d8bb-6700-6d7c-a803-5bf0837d73df	-
20261003-191547-0744	CP-7	Antiphon.Tests.Application.ModelAliasTests	Normalize_maps_known_family_text	Passed	b9c5715b-7d43-49c7-8e45-ff201448b630	-
20261003-191547-0744	CP-7	Antiphon.Tests.Application.ModelAliasTests	Normalize_maps_known_family_text	Passed	dd3f1ff7-afc2-24a1-28bc-2a7d9986b19d	-
20261003-191547-0744	CP-7	Antiphon.Tests.Application.ModelAliasTests	Normalize_maps_known_family_text	Passed	8738ec3b-1b5c-a76b-15c8-dff59acdfa09	-
20261003-191547-0744	CP-7	Antiphon.Tests.Application.ModelAliasTests	Normalize_maps_known_family_text	Passed	9577cb8d-9813-9ee6-0933-e778fbcee1ef	-
20261003-191547-0744	CP-7	Antiphon.Tests.Application.ModelAliasTests	Normalize_maps_known_family_text	Passed	c90ea155-cfc9-8d75-b199-8affeb4e620c	-
20261003-191547-0744	CP-7	Antiphon.Tests.Application.ModelAliasTests	Bare_sol_and_retired_slugs_keep_their_historical_aliases	Passed	3c2a4072-aab9-95ad-2886-b09359f42dd6	-
20261003-191547-0744	CP-8	Antiphon.Tests.Infrastructure.Resilience.HttpReadResilienceTests	Service_unavailable_then_success_sends_twice_after_the_delay	Passed	fde7cae7-47d7-ac35-509a-56b9a2e38f7a	-
20261003-191547-0744	CP-8	Antiphon.Tests.Infrastructure.Resilience.HttpReadResilienceTests	Retry_after_delta_is_the_wait	Passed	c3645a31-c614-c33b-7f36-a0648fe436dd	-
20261003-191547-0744	CP-8	Antiphon.Tests.Infrastructure.Resilience.HttpReadResilienceTests	Oversized_retry_after_returns_the_response_without_another_send	Passed	7d8d4676-787e-9dd5-b948-146b9598f84a	-
20261003-191547-0744	CP-8	Antiphon.Tests.Infrastructure.Resilience.HttpReadResilienceTests	Failed_response_is_disposed_before_the_next_attempt	Passed	edf5008b-2238-43d5-d504-8edd84fbce1c	-
20261003-191547-0744	CP-8	Antiphon.Tests.Infrastructure.Resilience.HttpReadResilienceTests	Admitted_read_body_is_replayed_unchanged	Passed	dda14a06-59b6-9e91-e934-b0ef95c78a8c	-
20261003-191547-0744	CP-8	Antiphon.Tests.Infrastructure.Resilience.HttpReadResilienceTests	Backoff_stays_inside_the_delay_cap	Passed	c2ab67ee-ce06-d3b5-76e1-a2f0c1ba7bc0	-
20261003-191547-0744	CP-8	Antiphon.Tests.Infrastructure.Resilience.HttpReadResilienceTests	Exhausted_retries_surface_the_last_response	Passed	d61702e6-571c-0b13-d61f-23c12d7a85fc	-
20261003-191547-0744	CP-8	Antiphon.Tests.Infrastructure.Resilience.HttpReadResilienceTests	Internal_server_error_sends_once	Passed	ae70f4b1-c72b-70c0-e4b5-8851ddbc05f8	-
20261003-191547-0744	CP-8	Antiphon.TestSupport.TestClassificationGuardTests	Registry_matches_compiled_metadata	Passed	b124bba4-ec7e-7191-b88d-ee01fd206b18	-
20261003-191547-0744	CP-8	Antiphon.Tests.AgentTui.AgentTuiOperationCoordinatorTests	Already_cancelled_first_caller_does_not_create_shared_work	Passed	43c18af1-a3c6-1e90-645e-90927c0ce8a0	-
20261003-191547-0744	CP-8	Antiphon.Tests.AgentTui.AgentTuiSecretProtectorTests	Relative_explicit_key_ring_path_is_rejected	Passed	b1d562e9-90f9-6cda-eae3-a7e8c77b8bd5	-
20261003-191547-0744	CP-8	Antiphon.Tests.Infrastructure.Resilience.ResilienceBudgetTests	Narrower_parent_deadlines_win	Passed	b56be1ea-03b2-6a8a-02f5-167e6e2d27da	-
20261003-191547-0744	CP-8	Antiphon.Tests.Infrastructure.Resilience.ResilienceBudgetTests	Nested_pages_share_one_deadline	Passed	2f9ee2d9-cf7e-a5b0-61fd-6042871ddd83	-
20261003-191547-0744	CP-8	Antiphon.Tests.Infrastructure.Resilience.ResilienceBudgetTests	Slow_first_attempt_consumes_the_same_budget	Passed	00cab83a-3692-e9da-c466-7e14660df617	-
20261003-191547-0744	CP-8	Antiphon.Tests.Infrastructure.Resilience.ResilienceBudgetTests	Hanging_attempt_honors_the_attempt_timeout_without_overlapping_work	Passed	51d695aa-0286-41af-2f93-5834d57bc0b3	-
20261003-191547-0744	CP-8	Antiphon.Tests.Infrastructure.Resilience.ResilienceBudgetTests	Caller_cancellation_during_delay_sends_no_further_request	Passed	fe295940-3d62-d535-bd31-448d00b0fe93	-
20261003-191547-0744	CP-8	Antiphon.Tests.AgentTui.AgentTuiSecretProtectorTests	Readiness_check_rejects_insecure_key_ring_permissions_without_repairing_them	Passed	1358c7f4-edd5-492b-5363-f9867a445ccf	-
20261003-191547-0744	CP-8	Antiphon.Tests.Infrastructure.Resilience.ResilienceBudgetTests	Persistent_503_stops_at_the_configured_total_boundary	Passed	ef0f09ff-0116-b92b-2849-444ed59598f8	-
20261003-191547-0744	CP-8	Antiphon.Tests.Infrastructure.Resilience.ResilienceBudgetTests	Body_read_is_inside_the_attempt_timeout	Passed	7760a2c8-1e9b-9770-45da-72b1e927b922	-
20261003-191547-0744	CP-8	Antiphon.Tests.Infrastructure.Resilience.ResilienceCircuitTests	Half_open_probe_is_bounded_and_success_closes_the_circuit	Passed	f96da014-98c7-ae52-4abb-859f72343fa7	-
20261003-191547-0744	CP-8	Antiphon.Tests.Infrastructure.Resilience.ResilienceCircuitTests	Evicted_authority_starts_a_fresh_circuit	Passed	d8078800-f85d-f98b-567e-fdd9f81508a4	-
20261003-191547-0744	CP-8	Antiphon.Tests.AgentTui.AgentTuiSecretProtectorTests	Valid_revocation_xml_is_not_treated_as_a_persisted_key	Passed	3297b336-2aa9-9c97-fca9-ed7d379a4ebc	-
20261003-191547-0744	CP-8	Antiphon.Tests.AgentTui.AgentTuiSecretProtectorTests	Restored_key_file_symlink_is_rejected_without_mutating_target	Passed	c4ceb416-e402-2060-d126-79a8eea0b41f	-
20261003-191547-0744	CP-8	Antiphon.Tests.AgentTui.AgentTuiSecretProtectorTests	Persisted_key_file_reparse_points_are_rejected	Passed	4a87f72a-c36f-4ce6-4885-c5bd90edb467	-
20261003-191547-0744	CP-8	Antiphon.Tests.AgentTui.AgentTuiSecretProtectorTests	Unix_persisted_key_mode_rejects_group_or_other_permissions	Passed	f515e8f2-f538-469c-5ced-b6aa06299698	-
20261003-191547-0744	CP-8	Antiphon.Tests.Infrastructure.Resilience.ResilienceCircuitTests	Zero_queue_limiter_rejects_without_retry_and_database_scope_is_disposed_before_delay	Passed	c8b4bdb4-bbff-c5de-00bc-ba18edf4a645	-
20261003-191547-0744	CP-8	Antiphon.Tests.Infrastructure.Resilience.ResilienceCircuitTests	Qualifying_failures_open_the_circuit_and_the_next_call_sends_nothing	Passed	daf11ecc-5f16-c273-d62c-efd9a14db01c	-
20261003-191547-0744	CP-8	Antiphon.Tests.Infrastructure.Resilience.ResilienceCircuitTests	Another_dependency_stays_callable_while_the_first_circuit_is_open	Passed	2711bacf-7f49-0d78-3b88-877df308ebd9	-
20261003-191547-0744	CP-8	Antiphon.Tests.Infrastructure.Resilience.ResilienceCircuitTests	Non_transient_responses_do_not_open_the_circuit	Passed	92c13e84-d89d-64ca-e3d4-cb767d36b654	-
20261003-191547-0744	CP-8	Antiphon.Tests.Infrastructure.Resilience.ResilienceOptionsAndTelemetryTests	Disabled_registration_keeps_a_single_attempt	Passed	b5ced765-fcce-7700-12d6-96deebdefa03	-
20261003-191547-0744	CP-8	Antiphon.Tests.Infrastructure.Resilience.ResilienceOptionsAndTelemetryTests	Sensitive_markers_never_enter_metric_tags_or_logs	Passed	00ca910b-20e9-97b3-5347-18d87a03f47a	-
20261003-191547-0744	CP-8	Antiphon.Tests.Infrastructure.Resilience.ResilienceOptionsAndTelemetryTests	Host_registers_the_resilience_meter	Passed	b0396184-08fb-a3c3-eec3-abac3bafe643	-
20261003-191547-0744	CP-8	Antiphon.Tests.Infrastructure.Resilience.ResilienceOptionsAndTelemetryTests	Values_above_120_unknown_codes_and_invalid_timing_are_rejected	Passed	f3cc2c5c-706e-4259-8e77-f237387d9208	-
20261003-191547-0744	CP-8	Antiphon.Tests.Infrastructure.Resilience.ResilienceOptionsAndTelemetryTests	Retry_terminal_and_circuit_signals_are_exported_once	Passed	9413fa54-62ce-5e73-08ce-1930757387ab	-
20261003-191547-0744	CP-8	Antiphon.Tests.Infrastructure.Resilience.ResilienceOptionsAndTelemetryTests	Configured_allowlist_subset_replaces_the_built_in_default	Passed	dd654137-e0b9-00ad-413e-2fab3a2bc1a5	-
20261003-191547-0744	CP-8	Antiphon.Tests.Infrastructure.Resilience.ResilienceOptionsAndTelemetryTests	Shipped_allowlist_is_not_appended_to_the_built_in_default	Passed	fb8d8bf9-4c24-ad6c-6d34-5cf08d467a5c	-
20261003-191547-0744	CP-8	Antiphon.Tests.Infrastructure.Resilience.ResilienceOptionsAndTelemetryTests	Unconfigured_allowlists_keep_the_built_in_defaults	Passed	edbfb7e2-c503-c606-ceed-1bb846e5ed1a	-
20261003-191547-0744	CP-8	Antiphon.Tests.Infrastructure.Resilience.ResilienceOptionsAndTelemetryTests	Valid_defaults_match_the_contract	Passed	53b2f46a-3f14-6641-7096-1708d7efac0d	-
20261003-191547-0744	CP-8	Antiphon.Tests.Infrastructure.Resilience.ResilienceOptionsAndTelemetryTests	Configured_allowlist_entry_outside_the_default_fails_validation	Passed	199fe368-cea7-86c1-d507-f28a55c42d8c	-
20261003-191547-0744	CP-8	Antiphon.Tests.Infrastructure.Resilience.ResiliencePredicateTests	Approved_sqlstates_retry_and_other_provider_transient_states_do_not	Passed	2e28263e-c3a9-3568-85b7-dad3289afc14	-
20261003-191547-0744	CP-8	Antiphon.Tests.Infrastructure.Resilience.ResiliencePredicateTests	Cancellation_and_timeout_rejection_do_not_retry	Passed	1b50f71a-f6e8-9357-654b-a3bef8242577	-
20261003-191547-0744	CP-8	Antiphon.Tests.Infrastructure.Resilience.ResiliencePredicateTests	Recognized_ef_wrapper_chain_retries_and_the_outer_type_alone_does_not	Passed	050a081d-571b-4bd8-c191-e0a48baef2bf	-
20261003-191547-0744	CP-8	Antiphon.Tests.Infrastructure.Resilience.ResiliencePredicateTests	Permanent_constraints_and_unapproved_wrappers_do_not_retry	Passed	ad751608-9053-e616-25b4-332c2e6d3c71	-
20261003-191547-0744	CP-8	Antiphon.Tests.Infrastructure.Resilience.ResiliencePredicateTests	Http_statuses_retry_only_the_five_allowlisted_codes	Passed	50e1dec0-1ace-9d2e-5893-f92fb942871b	-
20261003-191547-0744	CP-8	Antiphon.Tests.Infrastructure.Resilience.ResiliencePredicateTests	Socket_allowlist_retries_only_the_named_errors	Passed	4c640eac-28c3-c49b-2afe-12621df4c666	-
20261003-191547-0744	CP-8	Antiphon.Tests.Infrastructure.Resilience.ResiliencePredicateTests	Non_postgres_npgsql_retries_only_when_the_provider_says_transient	Passed	68cb100c-394b-3d93-ab26-7df92690d188	-
20261003-191547-0744	CP-8	Antiphon.Tests.Infrastructure.Resilience.ResiliencePredicateTests	Tls_dns_and_unclassified_http_failures_do_not_retry	Passed	be85989e-fbed-9c6a-a587-469a9f8cd873	-
20261003-191547-0744	CP-8	Antiphon.Tests.AgentTui.AgentTuiSecretProtectorTests	Provider_created_key_file_is_tightened_before_acceptance	Passed	a6a5b260-0e8e-e361-75f2-310340c2fdaa	-
20261003-191547-0744	CP-8	Antiphon.Tests.AgentTui.AgentTuiSecretProtectorTests	Restored_key_ring_with_permissive_file_acl_is_rejected_without_repair	Passed	4fa63dae-7a1f-6c3e-f09b-8398c338f699	-
20261003-191547-0744	CP-8	Antiphon.Tests.AgentTui.AgentTuiSecretProtectorTests	Configured_protector_rejects_oversized_key_ring_xml	Passed	cf0442f6-fe00-7d07-ee13-286359b1939e	-
20261003-191547-0744	CP-8	Antiphon.Tests.AgentTui.AgentTuiSecretProtectorTests	Configured_protector_rejects_dtd_bearing_key_ring_xml	Passed	41915e13-7c62-281c-6dfa-9f3d6e605d95	-
20261003-191547-0744	CP-8	Antiphon.Tests.AgentTui.AgentTuiSecretProtectorTests	Corrupt_key_xml_present_at_startup_is_not_ready	Passed	670dfc00-23db-5845-f639-05547a2f811c	-
20261003-191547-0744	CP-8	Antiphon.Tests.AgentTui.AgentTuiSecretProtectorTests	Configured_protector_rejects_corrupt_extra_key_xml	Passed	339fbfbc-9054-15d4-1b44-45467b2e75c1	-
20261003-191547-0744	CP-8	Antiphon.Tests.AgentTui.AgentTuiSecretProtectorTests	Configured_protector_rejects_unreadable_persisted_key_material	Passed	c366b02c-9500-2da5-1bb9-7e77e800cd32	-
20261003-191547-0744	CP-8	Antiphon.Tests.AgentTui.AgentTuiSecretProtectorTests	Restored_key_ring_under_wrong_certificate_is_not_ready	Passed	5f8e7bff-20d1-ede2-58b2-3619632b94bc	-
20261003-191547-0744	CP-8	Antiphon.Tests.AgentTui.AgentTuiSecretProtectorTests	Wrapper_managed_mode_does_not_require_secret_protection	Passed	be848d76-0c37-61ef-9c1a-07cac03de71c	-
20261003-191547-0744	CP-8	Antiphon.Tests.AgentTui.AgentTuiSecretProtectorTests	Default_key_ring_path_is_resolved_from_supplied_platform_environment	Passed	01f7346d-9613-cc5f-cc24-dab44b270c4e	-
20261003-191547-0744	CP-8	Antiphon.Tests.AgentTui.AgentTuiSecretProtectorTests	Configured_protector_rejects_replaced_persisted_key_material	Passed	38f78185-347e-9c54-b73e-a0bfde639f1f	-
20261003-191547-0744	CP-8	Antiphon.Tests.AgentTui.AgentTuiSecretProtectorTests	Default_key_ring_path_is_resolved_from_supplied_platform_environment	Passed	468edcc7-7c65-7127-a64b-504c73c557d6	-
20261003-191547-0744	CP-8	Antiphon.Tests.AgentTui.AgentTuiSecretProtectorTests	Default_key_ring_path_is_resolved_from_supplied_platform_environment	Passed	de4e5401-4aa7-4c19-e8d1-6ec8354993d6	-
20261003-191547-0744	CP-8	Antiphon.Tests.AgentTui.AgentTuiSecretProtectorTests	Default_key_ring_path_is_resolved_from_supplied_platform_environment	Passed	8e5d770b-91a4-3ac1-607f-768e97e764a0	-
20261003-191547-0744	CP-8	Antiphon.Tests.AgentTui.AgentTuiSecretProtectorTests	Non_empty_relative_xdg_data_home_is_rejected	Passed	699addf3-1a20-8feb-456b-4c7db22e0a91	-
20261003-191547-0744	CP-8	Antiphon.Tests.AgentTui.AgentTuiSecretProtectorTests	Non_empty_relative_xdg_data_home_is_rejected	Passed	04beabf9-2522-a221-ed83-12868b3ef07e	-
20261003-191547-0744	CP-8	Antiphon.Tests.AgentTui.AgentTuiSecretProtectorTests	Owner_only_permission_strategy_is_explicit_per_platform	Passed	9a7d3f9e-fd89-d0a2-9b09-25185bc3f1d0	-
20261003-191547-0744	CP-8	Antiphon.Tests.AgentTui.AgentTuiSecretProtectorTests	Owner_only_permission_strategy_is_explicit_per_platform	Passed	bab86e96-9499-ddd6-0bc7-0427af464bec	-
20261003-191547-0744	CP-8	Antiphon.Tests.AgentTui.AgentTuiSecretProtectorTests	Settings_bind_safe_probe_and_key_protection_inputs_without_credentials	Passed	6dec86ad-6d3b-cb80-f5bc-a11882b88ee5	-
20261003-191547-0744	CP-8	Antiphon.Tests.AgentTui.AgentTuiSecretProtectorTests	Unix_private_key_mode_requires_owner_read_and_no_non_owner_permissions	Passed	4eadfa78-1eb0-57dc-3a1d-9e82c2dcceb8	-
20261003-191547-0744	CP-8	Antiphon.Tests.AgentTui.AgentTuiSecretProtectorTests	Unix_private_key_mode_requires_owner_read_and_no_non_owner_permissions	Passed	0817d820-5584-bac9-c4c7-12c684d113e0	-
20261003-191547-0744	CP-8	Antiphon.Tests.AgentTui.AgentTuiSecretProtectorTests	Unix_private_key_mode_requires_owner_read_and_no_non_owner_permissions	Passed	89bf7b6b-1515-641d-5060-e9d27af70bd3	-
20261003-191547-0744	CP-8	Antiphon.Tests.AgentTui.AgentTuiSecretProtectorTests	Unix_private_key_mode_requires_owner_read_and_no_non_owner_permissions	Passed	c9bd0024-d083-8d02-21ae-ae3aab2cb286	-
20261003-191547-0744	CP-8	Antiphon.Tests.AgentTui.AgentTuiSecretProtectorTests	Key_ring_directory_applies_owner_only_permissions_on_the_current_platform	Passed	eb79218c-cccc-ae64-f82c-1ad42afcd589	-
20261003-191547-0744	CP-8	Antiphon.Tests.AgentTui.AgentTuiSecretProtectorTests	Default_key_ring_path_is_resolved_from_supplied_platform_environment	Passed	5e586db3-8539-40fa-c3b4-b00a31d898ca	-
20261003-191547-0744	CP-8	Antiphon.Tests.AgentTui.AgentTuiSecretProtectorTests	Configured_protector_rechecks_persisted_key_presence	Passed	2f09eb33-d775-fdb2-6053-9d8501f52c27	-
20261003-191547-0744	CP-8	Antiphon.Tests.AgentTui.AgentTuiSecretProtectorTests	Configured_protector_rechecks_key_ring_presence	Passed	6b7a19e5-d55a-ee8f-3416-61e42a8d0bb6	-
20261003-191547-0744	CP-8	Antiphon.Tests.AgentTui.AgentTuiSecretProtectorTests	Configured_X509_protector_rechecks_certificate_validity_at_operation_time	Passed	cfedd5f4-3d6d-a20a-d66e-3ba31f229a1a	-
20261003-191547-0744	CP-8	Antiphon.Tests.AgentTui.AgentTuiSecretProtectorTests	Protect_is_profile_and_environment_purpose_isolated	Passed	3f97111d-98a0-60a8-a213-b18ff0518e74	-
20261003-191547-0744	CP-8	Antiphon.Tests.AgentTui.AgentTuiSecretProtectorTests	Resolved_protector_rechecks_readiness_for_every_operation	Passed	c5e8a28d-3130-1cd3-2f19-50a91e01dfdf	-
20261003-191547-0744	CP-8	Antiphon.Tests.AgentTui.AgentTuiSecretProtectorTests	Protect_observes_new_key_files_before_cryptography	Passed	cdfecba2-a0dc-52d0-e30e-200577ba5e7c	-
20261003-191547-0744	CP-8	Antiphon.Tests.AgentTui.AgentTuiSecretProtectorTests	Protect_rejects_first_key_created_and_deleted_during_cryptography	Passed	29db1365-a371-0b2c-ba95-bd8cc1aedda2	-
20261003-191547-0744	CP-8	Antiphon.Tests.AgentTui.AgentTuiSecretProtectorTests	Protect_rejects_payload_whose_key_appears_and_disappears_during_cryptography	Passed	2749d107-a0a2-ccf0-b627-6b40d5cceb5e	-
20261003-191547-0744	CP-8	Antiphon.Tests.AgentTui.AgentTuiSecretProtectorTests	Unprotect_rejects_payload_whose_key_only_exists_during_cryptography	Passed	e2b0e104-a2e5-2f49-a443-805071dcf4c3	-
20261003-191547-0744	CP-8	Antiphon.Tests.AgentTui.AgentTuiSecretProtectorTests	Configured_protector_allows_and_observes_initial_key_generation	Passed	fbc89fe6-668a-fe24-0ff1-b4590a2b5597	-
20261003-191547-0744	CP-8	Antiphon.Tests.AgentTui.AgentTuiSecretProtectorTests	Configured_repository_logs_neither_secrets_nor_key_storage_details	Passed	e8deabdd-ae24-1dc3-0d85-f35311055765	-
20261003-191547-0744	CP-8	Antiphon.Tests.AgentTui.AgentTuiSecretProtectorTests	Repository_delete_callback_failures_are_not_sanitized	Passed	a08f599e-2c5d-1f45-0b88-4a6f032550c8	-
20261003-191547-0744	CP-8	Antiphon.Tests.AgentTui.AgentTuiSecretProtectorTests	Public_read_contract_serialization_does_not_expose_secret_value_properties	Passed	a446b8d1-d07e-2871-5991-4f632e7e0fd4	-
20261003-191547-0744	CP-8	Antiphon.Tests.AgentTui.AgentTuiSecretProtectorTests	Persisted_key_ring_survives_provider_restart	Passed	c7f7177c-fea7-3663-52df-aee7f98306db	-
20261003-191547-0744	CP-8	Antiphon.Tests.AgentTui.AgentTuiSecretProtectorTests	Provider_with_a_missing_key_ring_cannot_decrypt	Passed	609fdc87-7d24-246b-63de-63aa65ceb5a7	-
20261003-191547-0744	CP-8	Antiphon.Tests.AgentTui.AgentTuiSecretProtectorTests	Owner_only_permission_strategy_is_explicit_per_platform	Passed	e245867e-da16-4733-6326-59ebee5416b2	-
20261003-191547-0744	CP-8	Antiphon.Tests.AgentTui.AgentTuiSecretProtectorTests	X509_private_key_must_be_outside_content_root_and_key_ring	Passed	53e9ece5-38ee-0674-94a4-72db7f586258	-
20261003-191547-0744	CP-8	Antiphon.Tests.AgentTui.AgentTuiSecretProtectorTests	Unready_key_protection_rejects_even_a_preexisting_unprotected_key_ring	Passed	131dcb6d-b54a-5387-2bb2-52fa1c3da826	-
20261003-191547-0744	CP-8	Antiphon.Tests.AgentTui.AgentTuiSecretProtectorTests	Linked_directory_resolving_inside_protected_directory_is_not_outside	Passed	4c6fe894-8d3d-b063-dc5b-4119661ffe69	-
20261003-191547-0744	CP-8	Antiphon.Tests.AgentTui.AgentTuiSecretProtectorTests	X509_store_selection_disposes_unselected_candidates	Passed	b2d8545b-e226-93a7-cb87-fbc03b946233	-
20261003-191547-0744	CP-8	Antiphon.Tests.AgentTui.AgentTuiSecretProtectorTests	Configured_X509_protector_rechecks_current_user_store_certificate	Passed	00f15166-7c48-de1f-d045-ba5237e9430c	-
20261003-191547-0744	CP-8	Antiphon.Tests.AgentTui.AgentTuiSecretProtectorTests	Configured_X509_protector_rechecks_external_private_key_source	Passed	41b719a2-90f3-4e4a-5c6c-314e6c0991c7	-
20261003-191547-0744	CP-8	Antiphon.Tests.AgentTui.AgentTuiSecretProtectorTests	Configured_X509_key_protection_survives_provider_restart	Passed	9ab133a3-395e-614a-b7d8-a5f8ffbf5bab	-
20261003-191547-0744	CP-8	Antiphon.Tests.AgentTui.AgentTuiSecretProtectorTests	Unknown_key_protection_mode_is_not_ready	Passed	5cd827a6-cb9f-9f96-fe90-38771df4c5f5	-
20261003-191547-0744	CP-8	Antiphon.Tests.AgentTui.AgentTuiSecretProtectorTests	X509_private_key_must_be_outside_content_root_and_key_ring	Passed	20cc74d0-ac04-aad3-1047-96df8f2a4788	-
20261003-191547-0744	CP-8	Antiphon.Tests.AgentTui.AgentTuiSecretProtectorTests	Public_protector_construction_requires_readiness	Passed	663752a0-5404-864e-cc94-d8af4f470d74	-
20261003-191547-0744	CP-8	Antiphon.Tests.AgentTui.AgentTuiSecretProtectorTests	MacOS_canonical_path_containment_is_case_insensitive	Passed	711b2fde-b080-c5b3-7199-e60d1d8b570a	-
20261003-191547-0744	CP-8	Antiphon.Tests.AgentTui.AgentTuiSecretProtectorTests	Windows_volume_guid_alias_inside_protected_directory_is_not_outside	Passed	8d2aa82d-2a22-0f1b-0610-204529921976	-
20261003-191547-0744	CP-8	Antiphon.Tests.AgentTui.AgentTuiSecretProtectorTests	Windows_extended_path_alias_uses_nearest_existing_parent_for_absent_leaf	Passed	b3d03729-6972-0cbb-d4e4-c0aa880a9579	-
20261003-191547-0744	CP-8	Antiphon.Tests.AgentTui.AgentTuiSecretProtectorTests	Windows_extended_path_alias_inside_protected_directory_is_not_outside	Passed	811acbfa-4a80-c13c-1ecb-5dfffe0d35ea	-
20261003-191547-0744	CP-8	Antiphon.Tests.AgentTui.AgentTuiSecretProtectorTests	File_beneath_linked_directory_resolving_inside_protected_directory_is_not_outside	Passed	8e5c4eaa-4d60-01ee-9d95-140263ab3f16	-
20261003-191547-0744	CP-8	Antiphon.Tests.AgentTui.AgentTuiSecretProtectorTests	Linked_directory_resolving_inside_protected_directory_is_not_outside	Passed	165af59a-e6ea-b7db-ad3f-6615d67c1be7	-
20261003-191547-0744	CP-8	Antiphon.Tests.AgentTui.AgentTuiSecretProtectorTests	MacOS_canonical_path_containment_normalizes_equivalent_unicode	Passed	83eb39b8-80e5-8691-5d24-86c43a6b6692	-
20261003-191547-0744	CP-8	Antiphon.Tests.AgentTui.AgentTuiSecretProtectorTests	Owner_only_permission_strategy_is_explicit_per_platform	Passed	35aa2585-a87d-52ac-dec1-f16755f5e5b1	-
20261003-191547-0744	CP-8	Antiphon.Tests.AgentTui.AgentTuiSmokeScriptTests	Smoke_script_waits_for_the_OpenCode_composer_before_queueing_the_prompt	Passed	4aa476a7-45b3-5e44-0405-48bca3c2e5a5	-
20261003-191547-0744	CP-8	Antiphon.Tests.AgentTui.AgentTuiSmokeScriptTests	Smoke_script_is_valid_PowerShell	Passed	978aeacd-5554-b439-d5d7-eca9b1b2f01b	-
20261003-191547-0744	CP-8	Antiphon.Tests.AgentTui.AgentTuiSmokeScriptTests	Smoke_script_waits_for_the_runner_process_before_reading_launch_arguments	Passed	d22a0820-9ce6-0259-3da0-308196fc85b4	-
20261003-191547-0744	CP-8	Antiphon.Tests.AgentTui.AgentTuiSmokeScriptTests	OpenCode_smoke_uses_the_queued_message_contract_and_checks_a_rendered_reply	Passed	a3ec13e6-9bb0-fce4-ddca-637e01812b23	-
20261003-191547-0744	CP-8	Antiphon.Tests.AgentTui.DollarEnvArgTests	empty_name_stays_literal	Passed	79cf01ec-674a-2dc7-e8b4-4eb8fa00c32c	-
20261003-191547-0744	CP-8	Antiphon.Tests.AgentTui.DollarEnvArgTests	pin_bare_token_expands_to_merged_env_value	Passed	613b93d3-0c9b-78c6-d9a5-583678d53ee5	-
20261003-191547-0744	CP-8	Antiphon.Tests.AgentTui.DollarEnvArgTests	braced_token_expands	Passed	f2600562-225c-b0cd-caa9-e67d045b8b6e	-
20261003-191547-0744	CP-8	Antiphon.Tests.AgentTui.DollarEnvArgTests	env_prefix_is_case_insensitive	Passed	0a8c426b-6d79-9a93-c67c-0509faede3c0	-
20261003-191547-0744	CP-8	Antiphon.Tests.AgentTui.DollarEnvArgTests	name_lookup_falls_back_to_ordinal_ignore_case	Passed	802005b4-c3b0-acfd-fdd7-1eeaf1ee78a9	-
20261003-191547-0744	CP-8	Antiphon.Tests.AgentTui.DollarEnvArgTests	unknown_name_stays_literal	Passed	b62485cb-81a9-637e-1fae-2a7a2d75f6fc	-
20261003-191547-0744	CP-8	Antiphon.Tests.AgentTui.DollarEnvArgTests	substring_token_is_not_expanded	Passed	2f7d9ebd-db8e-4185-10e4-970c10f99051	-
20261003-191547-0744	CP-8	Antiphon.Tests.AgentTui.DollarEnvArgTests	suffix_after_token_is_not_expanded	Passed	bd0bb590-1dda-8019-f2a5-93ea466213e0	-
20261003-191547-0744	CP-8	Antiphon.Tests.AgentTui.DollarEnvArgTests	empty_name_stays_literal	Passed	e21ce00c-8bf7-a165-7032-dab4af1b6dcf	-
20261003-191547-0744	CP-8	Antiphon.Tests.AgentTui.DollarEnvArgTests	present_empty_value_becomes_empty_string	Passed	9be07258-3fcc-5bf9-d2d0-647f31b4a5d1	-
20261003-191547-0744	CP-8	Antiphon.Tests.AgentTui.DollarEnvArgTests	non_token_is_unchanged	Passed	7677a982-694e-3f4e-00bf-346b7bf05eaf	-
20261003-191547-0744	CP-8	Antiphon.Tests.AgentTui.RunnerProcessProbeRedactionTests	Redacts_each_credential_assignment_without_consuming_neighbors	Passed	c2e4c733-8ea3-6ffc-4f37-ae2983a270eb	-
20261003-191547-0744	CP-8	Antiphon.Tests.AgentTui.RunnerProcessProbeRedactionTests	Redacts_each_credential_assignment_without_consuming_neighbors	Passed	16ad8bbc-f98a-5407-6623-5a0e00112b45	-
20261003-191547-0744	CP-8	Antiphon.Tests.AgentTui.RunnerProcessProbeRedactionTests	Redacts_each_credential_assignment_without_consuming_neighbors	Passed	bfaa9d8f-e86b-9b1a-fa43-a964319097b1	-
20261003-191547-0744	CP-8	Antiphon.Tests.AgentTui.RunnerProcessProbeRedactionTests	Redacts_each_credential_assignment_without_consuming_neighbors	Passed	5acc39b8-7e93-4c62-e6d3-74db2ea7e1d2	-
20261003-191547-0744	CP-8	Antiphon.Tests.AgentTui.RunnerProcessProbeRedactionTests	Redacts_each_credential_assignment_without_consuming_neighbors	Passed	33cb1607-cc70-72cf-ecfc-5bb055293618	-
20261003-191547-0744	CP-8	Antiphon.Tests.AgentTui.RunnerProcessProbeRedactionTests	Redacts_the_union_of_exact_secret_occurrences_without_order_or_overlap_leaks	Passed	ca7ca287-ee0b-5edd-a07c-10b1edd4de4b	-
20261003-191547-0744	CP-8	Antiphon.Tests.AgentTui.RunnerProcessProbeRedactionTests	Redacts_each_credential_assignment_without_consuming_neighbors	Passed	2420df43-6ea6-fa56-3af0-53a002660e86	-
20261003-191547-0744	CP-8	Antiphon.Tests.AgentTui.RunnerProcessProbeRedactionTests	Redacts_each_credential_assignment_without_consuming_neighbors	Passed	364baf08-81dc-ba53-f060-835eb9dabfb3	-
20261003-191547-0744	CP-8	Antiphon.Tests.AgentTui.RunnerProcessProbeRedactionTests	Redacts_each_credential_assignment_without_consuming_neighbors	Passed	415cc38b-855a-e334-023a-02f8d003e079	-
20261003-191547-0744	CP-8	Antiphon.Tests.AgentTui.RunnerProcessProbeRedactionTests	Redacts_each_credential_assignment_without_consuming_neighbors	Passed	f7d8f474-683c-792c-de31-6ea01ab2b608	-
20261003-191547-0744	CP-8	Antiphon.Tests.AgentTui.RunnerProcessProbeRedactionTests	Redacts_each_credential_assignment_without_consuming_neighbors	Passed	e761e7b6-13ed-e2e8-561c-ce0e9110f557	-
20261003-191547-0744	CP-8	Antiphon.Tests.AgentTui.RunnerProcessProbeRedactionTests	Redacts_each_credential_assignment_without_consuming_neighbors	Passed	0cc066c0-765b-08f4-b4bc-205311655c77	-
20261003-191547-0744	CP-8	Antiphon.Tests.AgentTui.RunnerProcessProbeRedactionTests	Redacts_each_credential_assignment_without_consuming_neighbors	Passed	53104397-9deb-5c88-ca49-e7a8b136beff	-
20261003-191547-0744	CP-8	Antiphon.Tests.AgentTui.RunnerProcessProbeRedactionTests	Redacts_each_credential_assignment_without_consuming_neighbors	Passed	a51ed27c-6ca3-677d-09d1-455bc344e8db	-
20261003-191547-0744	CP-8	Antiphon.Tests.AgentTui.RunnerProcessProbeRedactionTests	Redacts_each_credential_assignment_without_consuming_neighbors	Passed	83242ab4-2d8c-1356-10f5-8b5b16b61624	-
20261003-191547-0744	CP-8	Antiphon.Tests.AgentTui.RunnerProcessProbeRedactionTests	Redacts_each_credential_assignment_without_consuming_neighbors	Passed	4c7dff69-8c55-e903-4f6e-18d0573cb832	-
20261003-191547-0744	CP-8	Antiphon.Tests.AgentTui.RunnerProcessProbeRedactionTests	Redacts_each_credential_assignment_without_consuming_neighbors	Passed	83053003-6146-4d81-5881-d360c80938c2	-
20261003-191547-0744	CP-8	Antiphon.Tests.AgentTui.RunnerProcessProbeRedactionTests	Redacts_each_credential_assignment_without_consuming_neighbors	Passed	f00c89f4-58c4-786f-bc8f-184c9cf53bd6	-
20261003-191547-0744	CP-8	Antiphon.Tests.AgentTui.RunnerProcessProbeRedactionTests	Redacts_each_credential_assignment_without_consuming_neighbors	Passed	f69c4cc0-d174-f3d2-67c2-d3dafac2c489	-
20261003-191547-0744	CP-8	Antiphon.Tests.AgentTui.RunnerProcessProbeRedactionTests	Redacts_the_union_of_exact_secret_occurrences_without_order_or_overlap_leaks	Passed	3c56e705-7c5d-2698-50e1-ce65ddfe8eb7	-
20261003-191547-0744	CP-8	Antiphon.Tests.AgentTui.RunnerProcessProbeRedactionTests	Exact_secret_redaction_handles_repetitive_adversarial_input_within_linear_budget	Passed	e920bce7-1361-d063-c165-fa2460e88237	-
20261003-191547-0744	CP-8	Antiphon.Tests.AgentTui.RunnerProcessProbeRedactionTests	Redacts_each_credential_assignment_without_consuming_neighbors	Passed	0fefa3af-c9f0-c601-6adc-6a4cb3c08e0d	-
20261003-191547-0744	CP-8	Antiphon.Tests.AgentTui.RunnerProcessProbeRedactionTests	Redacts_each_credential_assignment_without_consuming_neighbors	Passed	fc319b94-ef8a-4e60-4dff-52c09ad028fd	-
20261003-191547-0744	CP-8	Antiphon.Tests.AgentTui.RunnerProcessProbeRedactionTests	Redacts_each_credential_assignment_without_consuming_neighbors	Passed	375424b8-316f-386d-e737-152d8d5cff1e	-
20261003-191547-0744	CP-8	Antiphon.Tests.AgentTui.RunnerProcessProbeRedactionTests	Redacts_the_union_of_exact_secret_occurrences_without_order_or_overlap_leaks	Passed	eeb9d592-5945-4fa1-3515-af4424642f65	-
20261003-191547-0744	CP-8	Antiphon.Tests.AgentTui.RunnerProcessProbeRedactionTests	Redacts_each_credential_assignment_without_consuming_neighbors	Passed	dc31d702-2246-b36c-0a53-47a5f9ecbb09	-
20261003-191547-0744	CP-8	Antiphon.Tests.AgentTui.RunnerProcessProbeRedactionTests	Redacts_each_credential_assignment_without_consuming_neighbors	Passed	2f2b6f80-a4c6-61fe-3027-d09e1f503ad8	-
20261003-191547-0744	CP-8	Antiphon.Tests.AgentTui.RunnerProcessProbeRedactionTests	Preserves_snake_and_dash_credential_redaction	Passed	06e72ca9-4aae-e4df-792c-c124c8a116b8	-
20261003-191547-0744	CP-8	Antiphon.Tests.AgentTui.RunnerProcessProbeRedactionTests	Preserves_snake_and_dash_credential_redaction	Passed	cd8ede93-f13f-3e8a-99e5-a2d0ed466c11	-
20261003-191547-0744	CP-8	Antiphon.Tests.AgentTui.RunnerProcessProbeRedactionTests	Leaves_non_credential_near_misses_unchanged	Passed	b208180a-7dca-f85a-ec60-3770e411ad2a	-
20261003-191547-0744	CP-8	Antiphon.Tests.AgentTui.RunnerProcessProbeRedactionTests	Leaves_non_credential_near_misses_unchanged	Passed	8342fb5b-5ef5-b98b-c9aa-02641b8b50ad	-
20261003-191547-0744	CP-8	Antiphon.Tests.AgentTui.RunnerProcessProbeRedactionTests	Leaves_non_credential_near_misses_unchanged	Passed	e8618492-da03-a7f8-93e4-fe969860ce41	-
20261003-191547-0744	CP-8	Antiphon.Tests.AgentTui.RunnerProcessProbeRedactionTests	Leaves_non_credential_near_misses_unchanged	Passed	1f1c6a17-38bb-9515-894e-a931683c43b3	-
20261003-191547-0744	CP-8	Antiphon.Tests.AgentTui.RunnerProcessProbeRedactionTests	Redacts_camel_case_credential_suffixes_in_plain_and_json_assignments	Passed	50813e9f-146e-ed44-d516-9d6d3f04586b	-
20261003-191547-0744	CP-8	Antiphon.Tests.AgentTui.RunnerProcessProbeRedactionTests	Leaves_non_credential_near_misses_unchanged	Passed	ad07ceca-766d-a933-388b-00aded7a0d71	-
20261003-191547-0744	CP-8	Antiphon.Tests.AgentTui.RunnerProcessProbeRedactionTests	Redacts_the_union_of_exact_secret_occurrences_without_order_or_overlap_leaks	Passed	5d068917-f51c-a6ef-a875-f3c29d25fbd9	-
20261003-191547-0744	CP-8	Antiphon.Tests.AgentTui.RunnerProcessProbeRedactionTests	Redacts_the_union_of_exact_secret_occurrences_without_order_or_overlap_leaks	Passed	bf172ea5-753d-de4e-88b6-81d788de1709	-
20261003-191547-0744	CP-8	Antiphon.Tests.AgentTui.RunnerProcessProbeRedactionTests	Redacts_the_union_of_exact_secret_occurrences_without_order_or_overlap_leaks	Passed	a8dbb7eb-ab6e-dd36-76de-17ecc4cd3560	-
20261003-191547-0744	CP-8	Antiphon.Tests.AgentTui.RunnerProcessProbeRedactionTests	Redacts_the_union_of_exact_secret_occurrences_without_order_or_overlap_leaks	Passed	dbe409e1-db43-cd24-8f2d-eec935c8b664	-
20261003-191547-0744	CP-8	Antiphon.Tests.AgentTui.RunnerProcessProbeRedactionTests	Redacts_the_union_of_exact_secret_occurrences_without_order_or_overlap_leaks	Passed	9b57c69b-f1a7-25d5-4454-ccc73f6e6206	-
20261003-191547-0744	CP-8	Antiphon.Tests.AgentTui.RunnerProcessProbeRedactionTests	Redacts_the_union_of_exact_secret_occurrences_without_order_or_overlap_leaks	Passed	7fbb4186-34fb-755b-e7b6-c1173793ab07	-
20261003-191547-0744	CP-8	Antiphon.Tests.AgentTui.RunnerProcessProbeRedactionTests	Redacts_the_union_of_exact_secret_occurrences_without_order_or_overlap_leaks	Passed	64600284-fc93-4981-7cf3-506f8be65464	-
20261003-191547-0744	CP-8	Antiphon.Tests.AgentTui.RunnerProcessProbeRedactionTests	Redacts_each_credential_assignment_without_consuming_neighbors	Passed	29ba4474-9ce8-34c0-6097-235f1d5fd743	-
20261003-191547-0744	CP-8	Antiphon.Tests.AgentTui.RunnerProcessProbeRedactionTests	Redacts_camel_case_credential_suffixes_in_plain_and_json_assignments	Passed	c847e92c-54d1-bf86-130d-162d9a90d7a2	-
20261003-191547-0744	CP-8	Antiphon.Tests.AgentTui.RunnerProcessProbeRedactionTests	Redacts_camel_case_credential_suffixes_in_plain_and_json_assignments	Passed	4564c9c1-9c61-9dcc-a5aa-cde75258672b	-
20261003-191547-0744	CP-8	Antiphon.Tests.AgentTui.RunnerProcessProbeRedactionTests	Redacts_each_credential_assignment_without_consuming_neighbors	Passed	33e6dac0-7e8c-523d-0f24-4f9b42d0f701	-
20261003-191547-0744	CP-8	Antiphon.Tests.AgentTui.RunnerProcessProbeRedactionTests	Redacts_each_credential_assignment_without_consuming_neighbors	Passed	c17876fd-4b27-361b-6005-d985cf851096	-
20261003-191547-0744	CP-8	Antiphon.Tests.AgentTui.RunnerProcessProbeRedactionTests	Redacts_each_credential_assignment_without_consuming_neighbors	Passed	21b23d45-bc6e-ea93-c8ac-359be02bc4c8	-
20261003-191547-0744	CP-8	Antiphon.Tests.AgentTui.RunnerProcessProbeRedactionTests	Redacts_each_credential_assignment_without_consuming_neighbors	Passed	71c2fe0f-b0af-e3ea-03e2-6321c3850474	-
20261003-191547-0744	CP-8	Antiphon.Tests.AgentTui.RunnerProcessProbeRedactionTests	Redacts_each_credential_assignment_without_consuming_neighbors	Passed	caf1dc7d-7147-eb03-418a-a305ccf6b97c	-
20261003-191547-0744	CP-8	Antiphon.Tests.AgentTui.RunnerProcessProbeRedactionTests	Redacts_each_credential_assignment_without_consuming_neighbors	Passed	d4d71168-fef4-760c-9786-63e388fff45a	-
20261003-191547-0744	CP-8	Antiphon.Tests.AgentTui.RunnerProcessProbeRedactionTests	Redacts_each_credential_assignment_without_consuming_neighbors	Passed	7417e4dc-7b85-453c-1bf7-2acbc5a1a141	-
20261003-191547-0744	CP-8	Antiphon.Tests.AgentTui.RunnerProcessProbeRedactionTests	Redacts_camel_case_credential_suffixes_in_plain_and_json_assignments	Passed	1297bcd3-5d60-caa9-7293-62ab9dd88e31	-
20261003-191547-0744	CP-8	Antiphon.Tests.AgentTui.RunnerProcessProbeRedactionTests	Redacts_camel_case_credential_suffixes_in_plain_and_json_assignments	Passed	f798a2b7-baee-65e9-58a0-abfe51630c97	-
20261003-191547-0744	CP-8	Antiphon.Tests.AgentTui.RunnerProcessProbeRedactionTests	Redacts_camel_case_credential_suffixes_in_plain_and_json_assignments	Passed	cac33e1a-f775-1f99-ac83-e964c4b2804e	-
20261003-191547-0744	CP-8	Antiphon.Tests.AgentTui.RunnerProcessProbeRedactionTests	Redacts_camel_case_credential_suffixes_in_plain_and_json_assignments	Passed	b6e7aee8-2532-f830-37bc-1232ec93bb83	-
20261003-191547-0744	CP-8	Antiphon.Tests.AgentTui.RunnerProcessProbeRedactionTests	Redacts_camel_case_credential_suffixes_in_plain_and_json_assignments	Passed	224a2707-c990-2707-5c81-00ad9e1f86d9	-
20261003-191547-0744	CP-8	Antiphon.Tests.AgentTui.RunnerProcessProbeRedactionTests	Redacts_camel_case_credential_suffixes_in_plain_and_json_assignments	Passed	2b6da91a-f48b-6bdb-f29c-036b41ca5dba	-
20261003-191547-0744	CP-8	Antiphon.Tests.AgentTui.RunnerProcessProbeRedactionTests	Redacts_camel_case_credential_suffixes_in_plain_and_json_assignments	Passed	dc65ec13-e5c2-3044-38d1-ffbe8ed9a330	-
20261003-191547-0744	CP-8	Antiphon.Tests.AgentTui.RunnerProcessProbeRedactionTests	Redacts_camel_case_credential_suffixes_in_plain_and_json_assignments	Passed	d2bde554-b821-0d95-052d-0ebd27d6d72c	-
20261003-191547-0744	CP-8	Antiphon.Tests.AgentTui.RunnerProcessProbeRedactionTests	Redacts_camel_case_credential_suffixes_in_plain_and_json_assignments	Passed	03919285-f177-1c97-a691-84e13fbf060b	-
20261003-191547-0744	CP-8	Antiphon.Tests.AgentTui.RunnerProcessProbeRedactionTests	Redacts_the_union_of_exact_secret_occurrences_without_order_or_overlap_leaks	Passed	9c4d5b1d-34f6-abcd-7727-da2188e703c1	-
20261003-191547-0744	CP-8	Antiphon.Tests.Agents.AgentLaunchSpecTests	AgentLaunchOptions_default_values_are_120_by_30	Passed	ea8d1f83-c593-7c9c-87b4-0c8023eeffa2	-
20261003-191547-0744	CP-8	Antiphon.Tests.Agents.AgentLaunchSpecTests	Record_equality_compares_by_value	Passed	cf67658e-3bac-9e1f-1023-2f83fb642ec7	-
20261003-191547-0744	CP-8	Antiphon.Tests.Agents.AgentProtocolAdapterFactoryTests	Create_throws_on_unmapped_kind	Passed	e1c6acdb-86e3-b526-a2cb-0c7bc2ae54e9	-
20261003-191547-0744	CP-8	Antiphon.Tests.Agents.AgentProtocolAdapterFactoryTests	Create_returns_RunnerOpenCodeAdapter_for_OpenCode	Passed	d139b92c-5345-097e-14e1-80ae3e52a7fb	-
20261003-191547-0744	CP-8	Antiphon.Tests.Agents.AgentProtocolAdapterFactoryTests	Create_returns_RunnerCodexAdapter_for_Codex	Passed	8c9f6024-fdc3-4e2e-715b-29eed376872c	-
20261003-191547-0744	CP-8	Antiphon.Tests.Agents.AgentProtocolAdapterFactoryTests	Create_returns_RunnerClaudeAdapter_for_ClaudeCode	Passed	a3b56bf0-9b2f-eb11-e721-e2b33020f7ef	-
20261003-191547-0744	CP-8	Antiphon.Tests.Agents.AgentProtocolAdapterFactoryTests	Create_returns_RunnerRawAdapter_for_Raw	Passed	a8dbd304-34e9-8523-e9b6-af54de974894	-
20261003-191547-0744	CP-8	Antiphon.Tests.Agents.AgentProtocolAdapterFactoryTests	Create_returns_RunnerGrokAdapter_for_Grok	Passed	1970678e-5a72-6df3-49be-28af693bb3d1	-
20261003-191547-0744	CP-8	Antiphon.Tests.Agents.AgentRegistrySettingsTests	Validator_accepts_explicit_and_heuristic_environment_classification	Passed	b3f836d1-71b0-df2f-a63e-8cdddc836bea	-
20261003-191547-0744	CP-8	Antiphon.Tests.Agents.AgentRegistrySettingsTests	Validator_rejects_unclassified_environment_without_exposing_value	Passed	79a8db2f-abab-ffda-6c09-882b4f5df30f	-
20261003-191547-0744	CP-8	Antiphon.Tests.Agents.AgentRegistrySettingsTests	Validator_rejects_missing_overlap_and_host_equivalent_classifications	Passed	55197222-aa1e-ed3e-3e34-02701b31681c	-
20261003-191547-0744	CP-8	Antiphon.Tests.Agents.AgentRegistrySettingsTests	Validator_rejects_host_equivalent_environment_dictionary_keys	Passed	7ecaab5c-47a0-9d76-84c0-2e04704f2724	-
20261003-191547-0744	CP-8	Antiphon.Tests.Agents.AgentRegistrySettingsTests	Validator_rejects_unbounded_import_fields	Passed	8a30060d-f6a5-135d-ff5e-4e4e165ce053	-
20261003-191547-0744	CP-8	Antiphon.Tests.Agents.AgentRegistrySettingsTests	Validator_enforces_bounded_definition_names	Passed	4b0d06fd-9972-67b6-aed7-46e4bb2c4bb1	-
20261003-191547-0744	CP-8	Antiphon.Tests.Agents.AgentRegistrySettingsTests	Codex_boot_threshold_binds_zero_default_and_custom_without_changing_ready_budget	Passed	9ec5247b-dbb0-6cdd-a443-496e23930575	-
20261003-191547-0744	CP-8	Antiphon.Tests.Agents.AgentRegistrySettingsTests	Validator_rejects_negative_codex_boot_status_max_wait	Passed	210ed761-8a10-dc83-66a6-0cbe53e5d4f7	-
20261003-191547-0744	CP-8	Antiphon.Tests.Agents.AgentRegistrySettingsTests	Validator_rejects_non_positive_timing_settings	Passed	d49072a7-869e-249a-a49d-e92d2a65d93f	-
20261003-191547-0744	CP-8	Antiphon.Tests.Agents.AgentRegistrySettingsTests	Validator_rejects_default_definition_not_in_dictionary	Passed	9ad7d317-ebca-d49a-95f8-d3f9689257fa	-
20261003-191547-0744	CP-8	Antiphon.Tests.Agents.AgentRegistrySettingsTests	Validator_rejects_unknown_kind	Passed	1bd5594c-1033-9c04-de5c-35b6c4b08695	-
20261003-191547-0744	CP-8	Antiphon.Tests.Agents.AgentRegistrySettingsTests	Validator_rejects_definition_with_empty_exe	Passed	88c0ddbb-495e-5fd9-cefa-ef8e852a9d35	-
20261003-191547-0744	CP-8	Antiphon.Tests.Agents.AgentRegistrySettingsTests	Validator_rejects_empty_definitions	Passed	e2e930d4-63b4-686c-9472-3d49da936722	-
20261003-191547-0744	CP-8	Antiphon.Tests.Agents.AgentRegistrySettingsTests	Environment_name_comparer_matches_host_platform	Passed	d99c0a7c-4d3a-742f-cbf5-2d8e1b477cc6	-
20261003-191547-0744	CP-8	Antiphon.Tests.Agents.AgentRegistrySettingsTests	Environment_name_comparer_matches_host_platform	Passed	3ecfdaf6-dc62-e951-e465-434400d528b4	-
20261003-191547-0744	CP-8	Antiphon.Tests.Agents.AgentRegistrySettingsTests	Validator_accepts_zero_codex_boot_status_max_wait	Passed	6e2fd651-ed33-0af1-0924-a9b86b929c82	-
20261003-191547-0744	CP-8	Antiphon.Tests.Agents.AgentRegistrySettingsTests	Environment_name_comparer_matches_host_platform	Passed	4c185615-a748-74cd-1bb0-6fd5b79bfc16	-
20261003-191547-0744	CP-8	Antiphon.Tests.Agents.AgentRegistrySettingsTests	Validator_enforces_bounded_definition_names	Passed	e08e19c4-49d1-90f8-4e6f-ec5dcc1bd8ea	-
20261003-191547-0744	CP-8	Antiphon.Tests.Agents.AgentRegistrySettingsTests	Binds_definitions_kind_exe_and_args_from_configuration	Passed	5f9faecd-5b95-ce5a-a976-6ba889aafea1	-
20261003-191547-0744	CP-8	Antiphon.Tests.Agents.AgentRegistrySettingsTests	The_shipped_codex_definition_no_longer_names_the_phantom_wrapper	Passed	87803d96-8e8d-05e5-3c42-bccfc4e01f88	-
20261003-191547-0744	CP-8	Antiphon.Tests.Agents.AgentRegistrySettingsTests	The_shipped_codex_definition_resolves_to_a_real_executable_on_this_machine	NotExecuted	0d445417-c295-a322-4d55-feed561de49a	Skipped: The npm shim layout is Windows-specific
20261003-191547-0744	CP-8	Antiphon.Tests.Agents.AgentRegistrySettingsTests	The_shipped_example_settings_agree_with_the_shipped_server_settings	Passed	d2c8e448-2ca0-38b8-44ef-cc7fe50798a4	-
20261003-191547-0744	CP-8	Antiphon.Tests.Agents.AgentRegistrySettingsTests	Validator_succeeds_for_well_formed_settings	Passed	c46f05ec-9b99-6b26-1c8e-d5a5ad64c3b6	-
20261003-191547-0744	CP-8	Antiphon.Tests.Agents.AgentRegistryTests	LookupByName_throws_NotFoundException_on_unknown_name	Passed	8479f172-680b-0741-de0f-a199e6d1bb3e	-
20261003-191547-0744	CP-8	Antiphon.Tests.Agents.AgentRegistryTests	Resolve_rejects_non_positive_dimensions	Passed	b285c509-a3a9-2e71-0d52-1aa7ede78f25	-
20261003-191547-0744	CP-8	Antiphon.Tests.Agents.AgentRegistryTests	Resolve_lets_config_override_a_nesting_marker	Passed	46b4af0d-0cb4-852a-d75b-45c882511120	-
20261003-191547-0744	CP-8	Antiphon.Tests.Agents.AgentRegistryTests	Resolve_does_not_scrub_nesting_markers_for_non_claude_kinds	Passed	61431922-beb7-ea1b-ae72-141835ede7cd	-
20261003-191547-0744	CP-8	Antiphon.Tests.Agents.AgentRegistryTests	Resolve_scrubs_claude_nesting_markers_to_empty	Passed	1339620a-78da-e9b1-fa6a-b9f75ebc54db	-
20261003-191547-0744	CP-8	Antiphon.Tests.Agents.AgentRegistryTests	Resolve_lets_config_override_the_alternate_screen_default	Passed	1ff84258-4d83-d531-faf4-8c717f9357fb	-
20261003-191547-0744	CP-8	Antiphon.Tests.Agents.AgentRegistryTests	Resolve_does_not_set_alternate_screen_env_for_non_claude_kinds	Passed	24065ccc-8478-c54d-b1bb-650766e6d028	-
20261003-191547-0744	CP-8	Antiphon.Tests.Agents.AgentRegistryTests	Resolve_forces_classic_renderer_for_claude_by_default	Passed	4d3afcd1-44a7-8026-2aa4-60cf168aafd1	-
20261003-191547-0744	CP-8	Antiphon.Tests.Agents.AgentRegistryTests	Resolve_lets_config_override_the_auto_updater_default	Passed	28656c07-6cde-3595-a65a-5b1da05d07dd	-
20261003-191547-0744	CP-8	Antiphon.Tests.Agents.AgentRegistryTests	Resolve_disables_grok_telemetry_by_default	Passed	a2712ea9-7b83-d1c2-de6f-a4209a46cdf9	-
20261003-191547-0744	CP-8	Antiphon.Tests.Agents.AgentRegistryTests	Resolve_does_not_set_auto_updater_env_for_non_claude_kinds	Passed	9bd907e5-47ba-3eef-0803-415fa36942e3	-
20261003-191547-0744	CP-8	Antiphon.Tests.Agents.AgentRegistryTests	Resolve_disables_claude_auto_updater_by_default	Passed	46fe2216-bac2-3383-3bce-25ab7c887d3d	-
20261003-191547-0744	CP-8	Antiphon.Tests.Agents.AgentRegistryTests	Resolve_extra_env_overrides_base_env	Passed	7cda2cb5-141a-55f5-b035-a2059edb22e0	-
20261003-191547-0744	CP-8	Antiphon.Tests.Agents.AgentRegistryTests	Resolve_defaults_blank_cwd_to_current_directory	Passed	274fe51e-a1a3-f6c4-5c9c-ccb0d9176222	-
20261003-191547-0744	CP-8	Antiphon.Tests.Agents.AgentRegistryTests	Resolve_builds_launch_spec_from_definition_and_options	Passed	fd33f96c-c78c-af52-800e-974595c49965	-
20261003-191547-0744	CP-8	Antiphon.Tests.Agents.AgentRegistryTests	LookupByName_throws_on_blank_name	Passed	eb9bcc74-80a4-3c98-2da4-9234a8a9b4bb	-
20261003-191547-0744	CP-8	Antiphon.Tests.Agents.AgentRegistryTests	LookupByName_returns_definition_when_present	Passed	d33c59b9-0a11-b1bd-b8ba-40f8cf35c393	-
20261003-191547-0744	CP-8	Antiphon.Tests.Agents.AgentSessionSettingsTests	AgentSessionSettingsValidator_rejects_non_positive_values	Passed	e967427e-f1e9-3a5c-7157-a254b9f63fa8	-
20261003-191547-0744	CP-8	Antiphon.Tests.Agents.AgentSessionSettingsTests	AgentSessionSettings_remote_control_timeouts_default_to_documented_budgets	Passed	cae85fb9-187e-1ffd-8b70-fe269f8df966	-
20261003-191547-0744	CP-8	Antiphon.Tests.Agents.CodexResponseAnalyzerTests	IsAskingQuestion_detects_question_in_response	Passed	fab71097-588a-bb86-e715-5f9149e19c15	-
20261003-191547-0744	CP-8	Antiphon.Tests.Agents.CodexResponseAnalyzerTests	IsAskingQuestion_still_detects_a_question_after_a_wrapped_prompt_echo	Passed	f6cc24ff-c366-8607-e24d-dcb416a614bb	-
20261003-191547-0744	CP-8	Antiphon.Tests.Agents.CodexResponseAnalyzerTests	IsAskingQuestion_ignores_question_mark_in_a_wrapped_prompt_echo	Passed	e8f6eb35-d966-b07d-4276-1299bb2ffccb	-
20261003-191547-0744	CP-8	Antiphon.Tests.Agents.CodexResponseAnalyzerTests	ExtractResponse_strips_a_prompt_echo_wrapped_at_the_terminal_margin	Passed	88c93fe1-0e6a-2a7a-abda-ebaf403aa051	-
20261003-191547-0744	CP-8	Antiphon.Tests.Agents.CodexResponseAnalyzerTests	ExtractResponse_strips_ansi_and_prompt_echo	Passed	48ec1f96-ce8e-580a-e0ff-dc0ac319a33b	-
20261003-191547-0744	CP-8	Antiphon.Tests.Agents.CodexResponseAnalyzerTests	TrustPromptDetector_matches_compacted_codex_directory_prompt	Passed	15ae7150-80a6-5c37-a324-a307dbcf5752	-
20261003-191547-0744	CP-8	Antiphon.Tests.Agents.CodexResponseAnalyzerTests	IsAskingQuestion_ignores_question_mark_in_echoed_prompt	Passed	8dce3df9-b1d8-c65f-61a5-1068d49384c3	-
20261003-191547-0744	CP-8	Antiphon.Tests.Agents.CodexWorkingIndicatorTests	The_tracker_completes_once_the_indicator_has_come_and_gone_and_output_settled	Passed	faf6862d-7707-08d3-3caa-9242fed66228	-
20261003-191547-0744	CP-8	Antiphon.Tests.Agents.CodexWorkingIndicatorTests	The_measured_working_line_is_visible	Passed	cf677ae8-496f-a24c-88e8-7e6b3891c56b	-
20261003-191547-0744	CP-8	Antiphon.Tests.Agents.CodexWorkingIndicatorTests	A_completed_turns_screen_is_not_working	Passed	7187f211-edb3-6cb9-a69c-54c9e908adb7	-
20261003-191547-0744	CP-8	Antiphon.Tests.Agents.CodexWorkingIndicatorTests	Half_the_line_is_not_the_line	Passed	af6f2f3c-f570-2436-2435-9d10bddbd589	-
20261003-191547-0744	CP-8	Antiphon.Tests.Agents.CodexWorkingIndicatorTests	Nothing_on_an_empty_or_null_screen	Passed	f1e72474-41a5-f158-be1c-889458bdf4e6	-
20261003-191547-0744	CP-8	Antiphon.Tests.Agents.CodexWorkingIndicatorTests	The_tracker_needs_the_whole_lifecycle_not_merely_quiet	Passed	2cfc1e7b-3db2-cf8b-74a1-d9dc0bc9ad9d	-
20261003-191547-0744	CP-8	Antiphon.Tests.Agents.CodexWorkingIndicatorTests	An_empty_snapshot_never_completes_even_with_the_full_lifecycle	Passed	9e5f17d2-def6-97ac-bed2-f672af5fc13f	-
20261003-191547-0744	CP-8	Antiphon.Tests.Agents.FakeLlmApiSelfTests	Ephemeral_ports_differ_across_instances	Passed	30ffdd95-a375-0c62-f8e3-99ec5b4384f2	-
20261003-191547-0744	CP-8	Antiphon.Tests.Agents.FakeLlmApiSelfTests	HeadedCodexGate_launch_env_uses_the_dedicated_test_home	Passed	3365f1f7-751d-bc9e-6fa2-c6a6fd9bbea3	-
20261003-191547-0744	CP-8	Antiphon.Tests.Agents.FakeLlmApiSelfTests	ForCodex_emits_five_c_args_and_openai_api_key	Passed	c3a40933-503a-f95b-d011-68490d207681	-
20261003-191547-0744	CP-8	Antiphon.Tests.Agents.FakeLlmApiSelfTests	ForGrok_requires_chat_proxy_var_and_sets_both_base_urls	Passed	34a9705e-b45e-9287-8f9b-74a3e5552ddd	-
20261003-191547-0744	CP-8	Antiphon.Tests.Agents.FakeLlmApiSelfTests	ForClaude_sets_base_url_key_config_dir_and_defaults	Passed	b1073e71-1939-bb9e-4ac0-344943d8c506	-
20261003-191547-0744	CP-8	Antiphon.Tests.Agents.FakeLlmApiSelfTests	Reset_clears_store	Passed	f4778abb-4136-ee17-7f39-cbfd19cf99e8	-
20261003-191547-0744	CP-8	Antiphon.Tests.Agents.FakeLlmApiSelfTests	Sidecar_truncates_body_and_redacts_Authorization	Passed	3fa2bc81-ec42-9a0d-e94e-cbe2df48800f	-
20261003-191547-0744	CP-8	Antiphon.Tests.Agents.FakeLlmApiSelfTests	Claude_scripted_text_turn_emits_anthropic_sse	Passed	4559b899-c183-65dd-e89d-2411f04a52e3	-
20261003-191547-0744	CP-8	Antiphon.Tests.Agents.FakeLlmApiSelfTests	Claude_messages_records_x_api_key_and_full_body_before_scripted_error	Passed	5f022995-285c-f438-2b4a-74ed61e4d27b	-
20261003-191547-0744	CP-8	Antiphon.Tests.Agents.FakeLlmApiSelfTests	Recording_happens_before_routing_decision_including_404	Passed	b326b636-4d1f-2d84-34b5-86d153d5d6d0	-
20261003-191547-0744	CP-8	Antiphon.Tests.Agents.FakeLlmApiSelfTests	WaitForAsync_returns_matching_request_and_times_out_otherwise	Passed	20f92797-d067-12eb-a87b-c569c3c7727f	-
20261003-191547-0744	CP-8	Antiphon.Tests.Agents.FakeLlmApiSelfTests	ForClaude_launch_override_survives_resolver_merge_order	Passed	3968e662-2436-df21-ef10-320377bd3274	-
20261003-191547-0744	CP-8	Antiphon.Tests.Agents.GrokAdapterTests	Factory_returns_RunnerGrokAdapter_for_Grok	Passed	a0b87d89-5a79-e778-ab20-22c0159a4552	-
20261003-191547-0744	CP-8	Antiphon.Tests.Agents.GrokAdapterTests	Session_runner_request_enables_the_grok_transcript_for_Grok	Passed	d1ba75ae-57e9-4f67-cb8a-8448e74d62ac	-
20261003-191547-0744	CP-8	Antiphon.Tests.Agents.GrokCredentialStoreTests	Empty_scope_is_Empty	Passed	fe132134-d328-455a-8388-a7cf7b75b59f	-
20261003-191547-0744	CP-8	Antiphon.Tests.Agents.GrokCredentialStoreTests	Present_when_a_scope_has_a_key	Passed	d0bd0afe-b8a3-321b-ccb4-06540382b630	-
20261003-191547-0744	CP-8	Antiphon.Tests.Agents.GrokCredentialStoreTests	Expired_with_refresh_token_is_still_Present	Passed	2587ec03-ea23-e0a5-e948-2a75fc9b4789	-
20261003-191547-0744	CP-8	Antiphon.Tests.Agents.GrokCredentialStoreTests	Expired_without_refresh_token_is_Empty	Passed	973d8b86-8988-7092-f43a-1f9c776040e2	-
20261003-191547-0744	CP-8	Antiphon.Tests.Agents.GrokCredentialStoreTests	GROK_AUTH_PATH_override_is_honoured	Passed	c30db6f1-4750-4f77-9320-40e0eb550b79	-
20261003-191547-0744	CP-8	Antiphon.Tests.Agents.GrokCredentialStoreTests	Api_key_in_launch_env_skips_the_store	Passed	ce596c87-ad10-9ab8-e7e5-5e30c3f46793	-
20261003-191547-0744	CP-8	Antiphon.Tests.Agents.GrokCredentialStoreTests	Grok_code_api_key_or_provider_command_skips_the_store	Passed	5b0242a8-1201-a92e-7f97-492bd2ae6fbd	-
20261003-191547-0744	CP-8	Antiphon.Tests.Agents.GrokCredentialStoreTests	Unreadable_is_Present	Passed	d6027127-1edf-23cd-cd0d-0a55058c643b	-
20261003-191547-0744	CP-8	Antiphon.Tests.Agents.GrokCredentialStoreTests	Malformed_json_is_Present	Passed	57849765-3b09-d479-f88a-d832944fdd22	-
20261003-191547-0744	CP-8	Antiphon.Tests.Agents.GrokCredentialStoreTests	Lock_only_is_Absent	Passed	3172d102-6d01-eec6-61bb-3b909d8ab0ea	-
20261003-191547-0744	CP-8	Antiphon.Tests.Agents.GrokCredentialStoreTests	Absent_when_auth_json_is_missing	Passed	3d49c8c8-a3d5-9126-746c-6061cdbcb007	-
20261003-191547-0744	CP-8	Antiphon.Tests.Agents.GrokCredentialStoreTests	IsLaunchBlocking_only_Absent_and_Empty	Passed	381c7519-7ffb-2f39-9a5d-fdd1dc5e6371	-
20261003-191547-0744	CP-8	Antiphon.Tests.Agents.GrokLinuxStartupReadinessTests	Linux_dashboard_settles_after_two_observations_and_elapsed_time	Passed	cad1e294-476b-116d-8646-7bd8901c9628	-
20261003-191547-0744	CP-8	Antiphon.Tests.Agents.GrokLinuxStartupReadinessTests	Captured_linux_dashboard_is_ready	Passed	9aab44c6-32be-c01c-33aa-2f15797c4790	-
20261003-191547-0744	CP-8	Antiphon.Tests.Agents.GrokLinuxStartupReadinessTests	Captured_linux_dashboard_is_ready	Passed	53f7b683-109b-9a2b-d320-c2ab4f65fed4	-
20261003-191547-0744	CP-8	Antiphon.Tests.Agents.GrokLinuxStartupReadinessTests	Linux_dashboard_settles_after_two_observations_and_elapsed_time	Passed	f3140d22-a12d-235b-64ea-89ceb4df7693	-
20261003-191547-0744	CP-8	Antiphon.Tests.Agents.GrokLinuxStartupReadinessTests	Composer_text_after_either_marker_is_unavailable	Passed	506ef74e-f71c-5272-e39a-eab5ff85fcf5	-
20261003-191547-0744	CP-8	Antiphon.Tests.Agents.GrokLinuxStartupReadinessTests	Composer_text_after_either_marker_is_unavailable	Passed	7716d076-3edb-3f4b-92a8-9008e6c36605	-
20261003-191547-0744	CP-8	Antiphon.Tests.Agents.GrokLinuxStartupReadinessTests	Composer_text_after_either_marker_is_unavailable	Passed	adf44286-97e3-c263-954c-e6f936d55d15	-
20261003-191547-0744	CP-8	Antiphon.Tests.Agents.GrokLinuxStartupReadinessTests	Uncaptured_single_character_markers_are_unavailable	Passed	cb456a63-f181-569a-4ab0-6f2d55dbf128	-
20261003-191547-0744	CP-8	Antiphon.Tests.Agents.GrokLinuxStartupReadinessTests	Uncaptured_single_character_markers_are_unavailable	Passed	760cee20-031e-24d9-f6a5-c094f30c7844	-
20261003-191547-0744	CP-8	Antiphon.Tests.Agents.GrokLinuxStartupReadinessTests	Populated_rows_around_linux_composer_block_readiness	Passed	111c4cf3-5531-eb7c-337f-23ce00fab073	-
20261003-191547-0744	CP-8	Antiphon.Tests.Agents.GrokLinuxStartupReadinessTests	Populated_rows_around_linux_composer_block_readiness	Passed	e7d54366-8652-9619-af16-5058f03b605e	-
20261003-191547-0744	CP-8	Antiphon.Tests.Agents.GrokLinuxStartupReadinessTests	Uncaptured_single_character_markers_are_unavailable	Passed	2a4e3587-4c7a-e9ce-1cfb-f7bd82a11e02	-
20261003-191547-0744	CP-8	Antiphon.Tests.Agents.GrokLinuxStartupReadinessTests	Populated_rows_around_linux_composer_block_readiness	Passed	07d0b06d-fd08-c0f6-226b-bb286734e79c	-
20261003-191547-0744	CP-8	Antiphon.Tests.Agents.GrokLinuxStartupReadinessTests	Linux_composer_requires_the_exact_enabled_hint	Passed	5fe14292-9f83-5a5d-a3a0-1cccd21e4799	-
20261003-191547-0744	CP-8	Antiphon.Tests.Agents.GrokLinuxStartupReadinessTests	Linux_composer_requires_the_exact_enabled_hint	Passed	3eca2ec6-1541-87b0-a04c-a47b17abfdb4	-
20261003-191547-0744	CP-8	Antiphon.Tests.Agents.GrokLinuxStartupReadinessTests	Sign_in_and_trust_override_a_linux_composer	Passed	55f1b827-363f-497e-3ce6-2a2b9caa3c59	-
20261003-191547-0744	CP-8	Antiphon.Tests.Agents.GrokLinuxStartupReadinessTests	Sign_in_and_trust_override_a_linux_composer	Passed	d9f56320-3849-8b49-465d-35178a193f6e	-
20261003-191547-0744	CP-8	Antiphon.Tests.Agents.GrokLinuxStartupReadinessTests	Unqualified_geometry_is_unknown	Passed	38f809a0-dcdd-e0e2-87a4-e7dab4d026c6	-
20261003-191547-0744	CP-8	Antiphon.Tests.Agents.GrokLinuxStartupReadinessTests	Populated_rows_around_linux_composer_block_readiness	Passed	ab77e5f7-329d-565a-b893-4824d26f9420	-
20261003-191547-0744	CP-8	Antiphon.Tests.Agents.GrokLinuxStartupReadinessTests	Linux_composer_requires_the_exact_enabled_hint	Passed	73a45cfe-0ab9-d814-5549-db3b324cbff9	-
20261003-191547-0744	CP-8	Antiphon.Tests.Agents.GrokLinuxStartupReadinessTests	Unqualified_geometry_is_unknown	Passed	dd374ea1-2d86-d915-bbb0-30216cd3451b	-
20261003-191547-0744	CP-8	Antiphon.Tests.Agents.GrokModelListParserTests	Empty_or_prose_without_identifiers_returns_nothing	Passed	7c5cfa78-f3d8-ae9d-2419-374e172e0c5d	-
20261003-191547-0744	CP-8	Antiphon.Tests.Agents.GrokModelListParserTests	Parses_the_measured_grok_models_prose	Passed	bd5e104f-c4aa-dc91-f4da-ec1f6e317c40	-
20261003-191547-0744	CP-8	Antiphon.Tests.Agents.GrokSignInPromptDetectorTests	Trust_dialog_is_not_sign_in	Passed	9e34bde5-2752-f536-cff6-85186958c013	-
20261003-191547-0744	CP-8	Antiphon.Tests.Agents.GrokSignInPromptDetectorTests	Matches_the_measured_device_approval_screen	Passed	e9421c21-2724-4ad9-664b-ad9719b6f1e6	-
20261003-191547-0744	CP-8	Antiphon.Tests.Agents.GrokSignInPromptDetectorTests	Matches_waiting_for_approval	Passed	834b439d-082d-436d-b78d-8f01f0b8045e	-
20261003-191547-0744	CP-8	Antiphon.Tests.Agents.GrokSignInPromptDetectorTests	Matches_make_sure_your_browser_shows_this_code	Passed	f3e84d89-30d5-3493-e46e-b4d1b94a9cdf	-
20261003-191547-0744	CP-8	Antiphon.Tests.Agents.GrokSignInPromptDetectorTests	Matches_open_this_url_in_your_browser_to_approve	Passed	db4e322d-0e13-8a6a-c7dc-61d5d89da48a	-
20261003-191547-0744	CP-8	Antiphon.Tests.Agents.GrokSignInPromptDetectorTests	Matches_paste_your_token_here_welcome	Passed	a218b202-fcaa-75e0-e96a-67b098d3c12f	-
20261003-191547-0744	CP-8	Antiphon.Tests.Agents.GrokSignInPromptDetectorTests	Matches_approve_in_your_browser	Passed	d67357c2-4a2d-5b7d-671e-7443b6acc921	-
20261003-191547-0744	CP-8	Antiphon.Tests.Agents.GrokSignInPromptDetectorTests	Ready_screen_is_not_sign_in	Passed	e9ae362d-4d31-2c7b-eeba-71361dd901db	-
20261003-191547-0744	CP-8	Antiphon.Tests.Agents.GrokSignInPromptDetectorTests	Matches_login_with_and_ctrl_q_together	Passed	1912ee86-bad0-5e36-aae8-878242bf31cf	-
20261003-191547-0744	CP-8	Antiphon.Tests.Agents.GrokSignInPromptDetectorTests	Matches_could_not_open_a_browser	Passed	fcb6dd10-2ece-1e56-a053-5a11de978f0e	-
20261003-191547-0744	CP-8	Antiphon.Tests.Agents.GrokSignInPromptDetectorTests	Login_with_alone_is_not_the_sign_in_screen	Passed	9829c8c8-ad29-d463-0f6c-f97ef4ef15b8	-
20261003-191547-0744	CP-8	Antiphon.Tests.Agents.GrokSignInPromptDetectorTests	BlockReason_names_GROK_HOME_and_grok_login	Passed	7d49f599-8bd9-0fe8-3685-fd9610d3b614	-
20261003-191547-0744	CP-8	Antiphon.Tests.Agents.GrokSignInPromptDetectorTests	Empty_or_null_is_not_sign_in	Passed	206f7381-f399-5e4b-8e4e-57c6bd12186f	-
20261003-191547-0744	CP-8	Antiphon.Tests.Agents.GrokSignInPromptDetectorTests	A_reply_that_mentions_approval_without_the_anchors_is_not_sign_in	Passed	cc7308e9-085a-f6cc-323c-dfd17358d1da	-
20261003-191547-0744	CP-8	Antiphon.Tests.Agents.GrokSignInPromptDetectorTests	Matches_sign_in_to_grok	Passed	f00af314-dd80-ee6f-fa3b-d88c6a37c77f	-
20261003-191547-0744	CP-8	Antiphon.Tests.Agents.GrokSignInPromptDetectorTests	A_working_turn_is_not_sign_in	Passed	d0327461-eb0f-e814-a13b-ba07b1ef75aa	-
20261003-191547-0744	CP-8	Antiphon.Tests.Agents.GrokStartupCaptureStoreTests	Retention_removes_only_owned_captures	Passed	f449f42f-e3a3-466c-d164-83676b570e76	-
20261003-191547-0744	CP-8	Antiphon.Tests.Agents.GrokStartupCaptureStoreTests	Content_is_bounded_and_sign_in_material_is_suppressed	Passed	d4fab162-24fe-1d2d-63e4-5fc9cbfca843	-
20261003-191547-0744	CP-8	Antiphon.Tests.Agents.GrokStartupReadinessTests	Settle_requires_two_observations_and_elapsed_time	Passed	302992d1-ce6f-ab36-1141-1f0c0b035391	-
20261003-191547-0744	CP-8	Antiphon.Tests.Agents.GrokStartupReadinessTests	Unknown_or_blocked_current_frames_never_become_ready	Passed	c454f729-4597-18e3-2d50-c2a421043d55	-
20261003-191547-0744	CP-8	Antiphon.Tests.Agents.GrokStartupReadinessTests	Captured_idle_frames_stay_ready_while_spinner_redraws	Passed	cc7cc2e3-744f-207e-7b17-0326cb5fe023	-
20261003-191547-0744	CP-8	Antiphon.Tests.Agents.GrokStartupReadinessTests	Composer_change_or_blocker_restarts_settle	Passed	e4ec2842-f906-4d41-22e5-b6bca1305873	-
20261003-191547-0744	CP-8	Antiphon.Tests.Agents.GrokStartupReadinessTests	Current_frame_overrides_raw_history	Passed	13109af3-8eb0-9b75-c7b2-ab5f5c05a122	-
20261003-191547-0744	CP-8	Antiphon.Tests.Agents.GrokTrustPromptDetectorTests	Codex_detector_does_not_match_Grok_yes_proceed	Passed	3c696f46-52d6-870b-300f-d56c0493832e	-
20261003-191547-0744	CP-8	Antiphon.Tests.Agents.GrokTrustPromptDetectorTests	Does_not_match_Codex_yes_continue	Passed	3a97ff5b-55fb-2b5e-3ce4-adbddc02f33a	-
20261003-191547-0744	CP-8	Antiphon.Tests.Agents.GrokTrustPromptDetectorTests	Matches_the_live_CARD_0315_worktree_screen	Passed	2a26efc5-8b45-9227-0e89-b7e06a22f1a6	-
20261003-191547-0744	CP-8	Antiphon.Tests.Agents.GrokTrustPromptDetectorTests	Empty_or_composer_screen_is_not_the_dialog	Passed	2d9ab55e-be42-9b30-a0b8-a4149954e949	-
20261003-191547-0744	CP-8	Antiphon.Tests.Agents.HerdrEnvelopeBodyTests	BuildMultilineEnvelopeBody_is_exact_utf8_and_multiline	Passed	123f7fbc-ffdc-f7aa-63c2-9171dd6dc9fb	-
20261003-191547-0744	CP-8	Antiphon.Tests.Agents.HerdrEnvelopeBodyTests	BuildMultilineEnvelopeBody_is_exact_utf8_and_multiline	Passed	6a50cacb-dedd-34d1-00ba-593e973c30f1	-
20261003-191547-0744	CP-8	Antiphon.Tests.Agents.OpenCodeAdapterTests	Factory_returns_RunnerOpenCodeAdapter_for_OpenCode	Passed	c14c18ef-af4f-d321-5017-dbcff82b84c5	-
20261003-191547-0744	CP-8	Antiphon.Tests.Agents.OpenCodeAdapterTests	Session_runner_request_keeps_transcript_disabled_for_OpenCode	Passed	832f303f-4dc6-eeda-71bf-d169fc37ceb5	-
20261003-191547-0744	CP-8	Antiphon.Tests.Agents.RunnerClaudeAdapterEffortPromptTests	Each_captured_dialog_clears_before_the_composer_probe	Passed	07ec2474-4117-6293-82e7-033f0fdf154b	-
20261003-191547-0744	CP-8	Antiphon.Tests.Agents.RunnerClaudeAdapterEffortPromptTests	Each_captured_dialog_clears_before_the_composer_probe	Passed	1b0f852a-84ff-0fb2-2e4e-0c6171fc0823	-
20261003-191547-0744	CP-8	Antiphon.Tests.Agents.RunnerClaudeAdapterEffortPromptTests	Each_captured_dialog_clears_before_the_composer_probe	Passed	a7ee8b43-35dc-b7f8-bde7-587f68e43f57	-
20261003-191547-0744	CP-8	Antiphon.Tests.Agents.RunnerClaudeAdapterEffortPromptTests	Probe_failure_logs_token_elapsed_writes_and_screen	Passed	ad557cc3-e8d4-21a5-0162-cc9a52fbdd26	-
20261003-191547-0744	CP-8	Antiphon.Tests.Agents.RunnerClaudeAdapterEffortPromptTests	Attach_without_launch_effort_preserves_current	Passed	047dce47-9977-1cdd-0fd0-c765b8cf559a	-
20261003-191547-0744	CP-8	Antiphon.Tests.Agents.RunnerClaudeAdapterEffortPromptTests	A_dialog_appearing_during_the_minimum_floor_is_resolved	Passed	bda40b13-c98a-e36a-a5ee-1a6225eebb36	-
20261003-191547-0744	CP-8	Antiphon.Tests.Agents.RunnerClaudeAdapterEffortPromptTests	An_effort_dialog_that_never_clears_fails_within_its_budget	Passed	d9732ab8-67cf-5635-b2a4-1d92f8736dc1	-
20261003-191547-0744	CP-8	Antiphon.Tests.Agents.RunnerClaudeAdapterEffortPromptTests	Process_exit_during_the_effort_dialog_stops_readiness_input	Passed	eaeef2aa-33cb-8cc7-5e27-71f83f50cb64	-
20261003-191547-0744	CP-8	Antiphon.Tests.Agents.RunnerClaudeAdapterEffortPromptTests	Disabling_the_probe_does_not_disable_effort_resolution	Passed	2d3a4aff-3752-06e4-959a-7879d04f7e51	-
20261003-191547-0744	CP-8	Antiphon.Tests.Agents.RunnerClaudeAdapterEffortPromptTests	Disabling_the_probe_does_not_disable_effort_resolution	Passed	f73d7b85-3d7e-b88c-0c0f-ce455725c19d	-
20261003-191547-0744	CP-8	Antiphon.Tests.Agents.RunnerClaudeAdapterTrustPromptTests	A_permission_modal_at_launch_is_not_auto_confirmed_and_is_not_probed_either	Passed	1531e6f4-a3a0-8cec-4d6d-0641fc8fcbfb	-
20261003-191547-0744	CP-8	Antiphon.Tests.Agents.RunnerClaudeAdapterTrustPromptTests	A_zero_probe_budget_disables_the_probe_entirely	Passed	4815d734-e2a2-789f-4358-a9a11cb8929a	-
20261003-191547-0744	CP-8	Antiphon.Tests.Agents.RunnerClaudeAdapterTrustPromptTests	A_composer_that_will_not_clear_is_not_ready	Passed	29a3865d-0dc8-7c01-7715-9dc841fd9b53	-
20261003-191547-0744	CP-8	Antiphon.Tests.Agents.RunnerClaudeAdapterTrustPromptTests	A_launch_into_an_untrusted_directory_answers_the_dialog_before_reporting_ready	Passed	1ab1f29c-f2e3-eadb-f2f9-f5d62b7d541c	-
20261003-191547-0744	CP-8	Antiphon.Tests.Agents.RunnerClaudeAdapterTrustPromptTests	A_trust_dialog_that_will_not_clear_fails_the_launch_with_a_named_block	Passed	9622a8cb-1102-d0a6-d453-d8b2454a93a2	-
20261003-191547-0744	CP-8	Antiphon.Tests.Agents.RunnerClaudeAdapterTrustPromptTests	An_unrecognised_trust_layout_fails_the_launch_without_typing	Passed	7d23644f-d81d-b8ae-7468-3c18a1936ca8	-
20261003-191547-0744	CP-8	Antiphon.Tests.Agents.RunnerClaudeAdapterTrustPromptTests	A_healthy_launch_types_nothing_but_the_input_probe	Passed	a9ab8c1f-25a2-f314-27e4-d5536d0298cf	-
20261003-191547-0744	CP-8	Antiphon.Tests.Agents.RunnerClaudeAdapterTrustPromptTests	A_painted_but_deaf_tui_is_not_ready	Passed	40bf6b51-5608-6a4d-21ad-a8191741e153	-
20261003-191547-0744	CP-8	Antiphon.Tests.Agents.RunnerClaudeAdapterVerifiedPromptTests	Dead_composer_fails_the_prompt_send_with_enter_withheld	Passed	61ed1677-ad7a-0838-6dc9-45d8789527f5	-
20261003-191547-0744	CP-8	Antiphon.Tests.Agents.RunnerClaudeAdapterVerifiedPromptTests	Prompt_is_delivered_as_encoded_body_then_separate_enter_when_composer_echoes	Passed	88945a3f-d115-2d4d-9d00-06f505cce995	-
20261003-191547-0744	CP-8	Antiphon.Tests.Agents.RunnerCodexAdapterReadyTests	Measured_update_picker_sends_one_escape_to_runner	Passed	8b98573d-aaf1-1afd-0736-75fecf7ebee4	-
20261003-191547-0744	CP-8	Antiphon.Tests.Agents.RunnerCodexAdapterReadyTests	Trust_acceptance_requires_both_current_labels	Passed	e91f8d46-758b-e19f-923a-620fc15b3981	-
20261003-191547-0744	CP-8	Antiphon.Tests.Agents.RunnerCodexAdapterReadyTests	Repeated_trust_frames_receive_only_one_enter	Passed	ed7f93ae-53fe-1f17-d8fa-f668cfd38385	-
20261003-191547-0744	CP-8	Antiphon.Tests.Agents.RunnerCodexAdapterReadyTests	Legacy_boot_threshold_never_bypasses_the_positive_gate	Passed	c828b388-3bbb-53f5-cfb8-70f167b92f6b	-
20261003-191547-0744	CP-8	Antiphon.Tests.Agents.RunnerCodexAdapterReadyTests	Legacy_boot_threshold_never_bypasses_the_positive_gate	Passed	f7c92bbc-1d15-86a8-c105-7a5708c1c6e1	-
20261003-191547-0744	CP-8	Antiphon.Tests.Agents.RunnerCodexAdapterReadyTests	Readiness_has_no_input_except_the_known_trust_enter	Passed	14305e42-d955-c720-2a97-014e606a3326	-
20261003-191547-0744	CP-8	Antiphon.Tests.Agents.RunnerCodexAdapterReadyTests	Delayed_mcp_after_loading_withholds_runner_ready	Passed	36d0dda2-9ca1-379a-4422-a2b2aa5b57eb	-
20261003-191547-0744	CP-8	Antiphon.Tests.Agents.RunnerCodexAdapterReadyTests	Timeout_diagnostics_name_blocker_without_prompt_or_screen	Passed	d9617675-5547-f07f-44fa-00e08b1d6198	-
20261003-191547-0744	CP-8	Antiphon.Tests.Agents.RunnerCodexAdapterReadyTests	Raw_history_cannot_authorize_trust_input	Passed	bffb6e91-6319-7942-e8f4-f24eb24359a1	-
20261003-191547-0744	CP-8	Antiphon.Tests.Agents.RunnerCodexAdapterReadyTests	Timeout_stores_the_last_frame_and_logs_only_its_path	Passed	add642bb-9c97-54e5-a050-d955cb64e4f1	-
20261003-191547-0744	CP-8	Antiphon.Tests.Agents.RunnerCodexAdapterReadyTests	One_snapshot_is_used_for_each_startup_decision	Passed	00a24dc8-6e03-79d4-bc11-0267520a8aad	-
20261003-191547-0744	CP-8	Antiphon.Tests.Agents.RunnerCodexAdapterReadyTests	Legacy_boot_threshold_never_bypasses_the_positive_gate	Passed	0e976e65-28d0-8883-644c-7d30f01c5685	-
20261003-191547-0744	CP-8	Antiphon.Tests.Agents.RunnerCodexAdapterSubmitConfirmTests	A_confirmed_first_CR_costs_no_extra_enters	Passed	12d64302-a00b-1c91-09b6-5fcc96c22d7f	-
20261003-191547-0744	CP-8	Antiphon.Tests.Agents.RunnerCodexAdapterSubmitConfirmTests	A_session_with_no_observable_transcript_degrades_to_a_blind_send_instead_of_failing	Passed	72ef0567-73c3-9265-dc79-e4e2fc16bad4	-
20261003-191547-0744	CP-8	Antiphon.Tests.Agents.RunnerCodexAdapterSubmitConfirmTests	A_transient_fetch_failure_on_a_later_turn_does_not_confirm_against_the_previous_UserPrompt	Passed	aaf072ac-51ea-2468-f202-c3c1b859ff71	-
20261003-191547-0744	CP-8	Antiphon.Tests.Agents.RunnerCodexAdapterSubmitConfirmTests	A_blind_first_turn_that_shows_the_Working_indicator_is_a_degraded_success	Passed	b7bdfab9-36f3-8937-84b6-d7c85cdf3bf4	-
20261003-191547-0744	CP-8	Antiphon.Tests.Agents.RunnerCodexAdapterSubmitConfirmTests	A_blind_first_turn_with_the_body_still_standing_after_every_Enter_throws_composer_may_hold_body	Passed	39b0164e-e477-5448-5d3a-5fef05c4bfbb	-
20261003-191547-0744	CP-8	Antiphon.Tests.Agents.RunnerCodexAdapterSubmitConfirmTests	A_folded_first_CR_is_recovered_by_pressing_Enter_again_and_never_by_re_typing	Passed	68e74811-00c4-8ca3-83c9-7b1b5502b208	-
20261003-191547-0744	CP-8	Antiphon.Tests.Agents.RunnerCodexAdapterSubmitConfirmTests	An_unconfirmed_submit_over_a_live_transcript_throws_prompt_delivery	Passed	d29dcb7f-8026-1304-0cc8-b592dd39500f	-
20261003-191547-0744	CP-8	Antiphon.Tests.Agents.RunnerCodexAdapterSubmitConfirmTests	A_body_still_standing_in_the_composer_is_named_in_the_failure_and_blocks_a_re_type	Passed	427015ce-8fef-0d8d-e62c-e271150bdef7	-
20261003-191547-0744	CP-8	Antiphon.Tests.Agents.RunnerCodexAdapterTurnCompleteTests	The_screen_fallback_completes_when_the_working_indicator_appeared_and_then_went	Passed	48571aad-8837-77cc-e4b7-1837b9994b1a	-
20261003-191547-0744	CP-8	Antiphon.Tests.Agents.RunnerCodexAdapterTurnCompleteTests	A_TurnEnd_row_past_the_prompt_baseline_completes_the_turn_with_transcript_reply_text	Passed	30386557-032d-3eb5-777a-ce6b98537dea	-
20261003-191547-0744	CP-8	Antiphon.Tests.Agents.RunnerCodexAdapterTurnCompleteTests	A_TurnEnd_at_or_below_the_baseline_does_not_complete_the_new_turn	Passed	65821282-bc02-6cf2-d683-09e7b316e14c	-
20261003-191547-0744	CP-8	Antiphon.Tests.Agents.RunnerCodexAdapterTurnCompleteTests	A_first_turn_with_no_transcript_yet_still_uses_baseline_zero	Passed	d3ed0167-55b3-1b0f-cac9-68870f45b2b6	-
20261003-191547-0744	CP-8	Antiphon.Tests.Agents.RunnerCodexAdapterTurnCompleteTests	A_transient_fetch_failure_on_a_later_turn_preserves_the_baseline_instead_of_replaying_the_previous_reply	Passed	354acc25-e43a-ca67-b9c4-42fb7c4e5375	-
20261003-191547-0744	CP-8	Antiphon.Tests.Agents.RunnerCodexAdapterTurnCompleteTests	A_session_that_never_visibly_works_reports_the_turn_incomplete_instead_of_scraping_the_status_bar	Passed	fd5694fb-8113-0eee-4a57-9426948ce27d	-
20261003-191547-0744	CP-8	Antiphon.Tests.Agents.RunnerCodexAdapterTurnCompleteTests	The_reply_text_decides_IsAskingQuestion_not_the_screen	Passed	28f01e40-9d68-29d0-a769-976e01faa054	-
20261003-191547-0744	CP-8	Antiphon.Tests.Agents.RunnerGrokAdapterReadyTests	One_deadline_covers_reads_trust_and_minimum_age	Passed	fbd7bc9c-bd09-c162-8b38-4c44580077e3	-
20261003-191547-0744	CP-8	Antiphon.Tests.Agents.RunnerGrokAdapterReadyTests	Floor_modal_invalidates_stale_positive_at_minimum_age	Passed	91f1e63d-7c6c-e07b-c0be-e58bfb7e9e6e	-
20261003-191547-0744	CP-8	Antiphon.Tests.Agents.RunnerGrokAdapterReadyTests	Post_trust_blank_or_sign_in_is_not_ready	Passed	e88a592c-a7fe-2114-8100-d356344774f3	-
20261003-191547-0744	CP-8	Antiphon.Tests.Agents.RunnerGrokAdapterReadyTests	Exit_and_cancellation_stop_without_input	Passed	179a7774-7d31-139d-1474-1d942ffe02ab	-
20261003-191547-0744	CP-8	Antiphon.Tests.Agents.RunnerGrokAdapterReadyTests	Cancellation_during_held_read_escapes_without_more_io	Passed	4535a028-4411-2a9a-b310-e8bd76fdd351	-
20261003-191547-0744	CP-8	Antiphon.Tests.Agents.RunnerGrokAdapterReadyTests	Cancellation_during_pending_poll_escapes_without_more_io	Passed	58c810e1-15fc-b7b5-9e5f-787218045b9b	-
20261003-191547-0744	CP-8	Antiphon.Tests.Agents.RunnerGrokAdapterReadyTests	Cancellation_during_held_trust_write_escapes_without_more_io	Passed	276c8afa-9d1a-055e-1dd1-e62271a4ac00	-
20261003-191547-0744	CP-8	Antiphon.Tests.Agents.RunnerGrokAdapterReadyTests	Captured_linux_frame_reaches_ready_without_startup_input	Passed	d7d7cfe1-2841-c4e4-177e-b912bbfa89f8	-
20261003-191547-0744	CP-8	Antiphon.Tests.Agents.RunnerGrokAdapterReadyTests	Spinner_sequence_advance_does_not_prevent_positive_ready	Passed	7cd7a999-1083-74b3-0071-8e8a628d44a2	-
20261003-191547-0744	CP-8	Antiphon.Tests.Agents.RunnerGrokAdapterReadyTests	Timeout_captures_last_frame_and_io_failure_preserves_failure	Passed	4a310f41-08ec-34e9-3888-a68eb606da57	-
20261003-191547-0744	CP-8	Antiphon.Tests.Agents.RunnerGrokAdapterReadyTests	Animated_sign_in_blocks_without_input_and_sets_launch_block	Passed	f8134438-ae0d-ba2a-6f0f-3a8cdce1078d	-
20261003-191547-0744	CP-8	Antiphon.Tests.Agents.RunnerGrokAdapterReadyTests	Current_trust_is_answered_once_before_positive_ready	Passed	ec3631da-3852-cffb-209b-10b26d41aed7	-
20261003-191547-0744	CP-8	Antiphon.Tests.Agents.RunnerGrokAdapterReadyTests	Captured_linux_frame_reaches_ready_without_startup_input	Passed	54b47b98-6e25-7efd-3fb6-620b1cca136b	-
20261003-191547-0744	CP-8	Antiphon.Tests.Agents.RunnerGrokAdapterReadyTests	Utc_jump_does_not_advance_monotonic_settle	Passed	89b6f7e7-4401-857a-b75b-8d26e12707ee	-
20261003-191547-0744	CP-8	Antiphon.Tests.Agents.RunnerGrokAdapterSignInPromptTests	A_trust_only_screen_is_unchanged_from_CARD_0315	Passed	7bfeb156-df73-c145-180f-bbc248052316	-
20261003-191547-0744	CP-8	Antiphon.Tests.Agents.RunnerGrokAdapterSignInPromptTests	A_sign_in_screen_is_not_ready_and_types_nothing	Passed	2d4a8501-b3f5-42d9-0c23-e9bfbde73126	-
20261003-191547-0744	CP-8	Antiphon.Tests.Agents.RunnerGrokAdapterSignInPromptTests	A_sign_in_screen_that_also_contains_trust_text_still_types_nothing	Passed	ed900428-5847-c819-48c1-9d4b5536d669	-
20261003-191547-0744	CP-8	Antiphon.Tests.Agents.RunnerGrokAdapterTrustPromptTests	A_launch_into_an_untrusted_directory_answers_y_before_reporting_ready	Passed	5337608c-7311-87ae-6ab3-e8b680337cb8	-
20261003-191547-0744	CP-8	Antiphon.Tests.Agents.RunnerGrokAdapterTrustPromptTests	A_healthy_launch_types_nothing	Passed	f6e79ef9-2dbd-dbc2-6a28-c1fc4e7792e5	-
20261003-191547-0744	CP-8	Antiphon.Tests.Agents.RunnerGrokAdapterTrustPromptTests	A_trust_dialog_that_does_not_clear_is_not_ready	Passed	97bb61eb-7845-44a0-e0c6-8bfff179b496	-
20261003-191547-0744	CP-8	Antiphon.Tests.Agents.RunnerGrokAdapterTrustPromptTests	Enter_is_not_the_affirmative_key	Passed	c0d1dbfb-075b-db85-f019-89eda52f07ba	-
20261003-191547-0744	CP-8	Antiphon.Tests.Agents.RunnerGrokAdapterTurnCompleteTests	A_cancelled_TurnEnd_row_is_still_a_completed_turn	Passed	c9d148c2-a02e-de29-1abe-f3a77a4b88fc	-
20261003-191547-0744	CP-8	Antiphon.Tests.Agents.RunnerGrokAdapterTurnCompleteTests	A_TurnEnd_row_past_the_prompt_baseline_completes_the_turn_with_transcript_reply_text	Passed	27efd905-7dc6-1405-f7f3-d182bacce82d	-
20261003-191547-0744	CP-8	Antiphon.Tests.Agents.RunnerGrokAdapterTurnCompleteTests	A_TurnEnd_at_or_below_the_baseline_does_not_complete_the_new_turn	Passed	a6fb15ee-2b99-d301-85c7-961f5792e1f5	-
20261003-191547-0744	CP-8	Antiphon.Tests.Agents.RunnerGrokAdapterTurnCompleteTests	The_corrected_screen_done_line_completes_when_no_transcript_exists	Passed	2af9fe59-37c8-79b6-9ceb-35b9e400f2fe	-
20261003-191547-0744	CP-8	Antiphon.Tests.Agents.RunnerGrokAdapterTurnCompleteTests	Quiet_fallback_does_not_complete_an_empty_snapshot	Passed	b5bfeb50-c2c7-f679-dab6-3a1777212b06	-
20261003-191547-0744	CP-8	Antiphon.Tests.Agents.RunnerGrokAdapterTurnCompleteTests	A_transient_fetch_failure_on_a_later_turn_preserves_the_baseline_instead_of_replaying_the_previous_reply	Passed	d8fe5734-ddc3-b926-5c05-d94ace761588	-
20261003-191547-0744	CP-8	Antiphon.Tests.Agents.RunnerGrokAdapterTurnCompleteTests	A_first_turn_with_no_transcript_yet_still_uses_baseline_zero	Passed	3fe55d74-dc9b-b95b-320a-514695123e6b	-
20261003-191547-0744	CP-8	Antiphon.Tests.Agents.RunnerTerminalSessionGenerationTests	A_disposed_adapter_stops_its_exit_watcher	Passed	b59abfbb-1013-fc5b-4715-71da2b704cd8	-
20261003-191547-0744	CP-8	Antiphon.Tests.Agents.RunnerTerminalSessionGenerationTests	A_disposed_adapter_stops_its_exit_watcher	Passed	59983e3c-a2f3-1698-a484-7f4d7ca8d361	-
20261003-191547-0744	CP-8	Antiphon.Tests.Agents.RunnerTerminalSessionGenerationTests	A_disposed_adapter_stops_its_exit_watcher	Passed	85702d68-13e7-8727-cd27-648d9558d310	-
20261003-191547-0744	CP-8	Antiphon.Tests.Agents.RunnerTerminalSessionGenerationTests	A_disposed_adapter_stops_its_exit_watcher	Passed	cec67bd3-a3aa-a149-3c3d-05d1b6be5a72	-
20261003-191547-0744	CP-8	Antiphon.Tests.Agents.RunnerTerminalSessionGenerationTests	A_disposed_adapter_stops_its_exit_watcher	Passed	0c604bd1-baeb-8f26-9ec6-2aec7312e9ce	-
20261003-191547-0744	CP-8	Antiphon.Tests.Agents.RunnerTerminalSessionGenerationTests	C514_Every_maintenance_phase_is_guarded_and_stops_on_mismatch	Passed	e0fa6107-3489-1a7a-b919-9b78074bf34a	-
20261003-191547-0744	CP-8	Antiphon.Tests.Agents.RunnerTerminalSessionGenerationTests	An_exit_waiter_finishes_as_superseded_when_GET_names_another_generation	Passed	4e5c000d-05c5-8240-dad0-9affe67d9351	-
20261003-191547-0744	CP-8	Antiphon.Tests.Agents.RunnerTerminalSessionGenerationTests	Cleanup_after_a_Start_that_threw_kills_conditionally_on_the_captured_generation	Passed	3386425a-a042-a2db-9167-0cf200763b7f	-
20261003-191547-0744	CP-8	Antiphon.Tests.Agents.RunnerTerminalSessionInputEncodingTests	AttachAsync_copies_StartedAt_and_Pid_and_polls_Exited	Passed	03e53888-e526-23f6-c66f-9b07f114b42c	-
20261003-191547-0744	CP-8	Antiphon.Tests.Agents.RunnerTerminalSessionInputEncodingTests	AttachAsync_throws_when_the_runner_session_is_not_Running	Passed	61daa498-5c5e-d830-2abf-cfaec030399a	-
20261003-191547-0744	CP-8	Antiphon.Tests.Agents.RunnerTerminalSessionInputEncodingTests	AttachAsync_throws_when_the_session_is_unknown	Passed	f8f9a13a-08ce-4822-e571-e149c060c7da	-
20261003-191547-0744	CP-8	Antiphon.Tests.Agents.RunnerTerminalSessionInputEncodingTests	SendLineAsync_leaves_single_line_prompts_unwrapped	Passed	bad17078-712a-b24c-b284-f069f758f0ee	-
20261003-191547-0744	CP-8	Antiphon.Tests.Agents.RunnerTerminalSessionInputEncodingTests	SendLineAsync_writes_encoded_body_then_separate_cr	Passed	6dbcfb7c-6cfc-3f07-51f9-b4db7777f99a	-
20261003-191547-0744	CP-8	Antiphon.Tests.Agents.TranscriptNormalizerTests	A_signature_only_thinking_record_yields_exactly_one_bare_turn_end	Passed	322e0b14-454b-5293-a1d8-d8bbfcdcdda2	-
20261003-191547-0744	CP-8	Antiphon.Tests.Agents.TranscriptNormalizerTests	Compaction_caveat_meta_record_is_dropped	Passed	ff2efe7a-9aad-5e9c-33a7-8fe0dfd4f97f	-
20261003-191547-0744	CP-8	Antiphon.Tests.Agents.TranscriptNormalizerTests	Compaction_continuation_record_normalizes_to_an_excludable_user_prompt	Passed	c0655c1d-6333-ea0f-8374-fd12520eb20d	-
20261003-191547-0744	CP-8	Antiphon.Tests.Agents.TranscriptNormalizerTests	A_genuine_end_of_turn_record_still_yields_a_TurnEnd	Passed	3149c6d4-7ee5-09d4-f6bd-4dc16e32d166	-
20261003-191547-0744	CP-8	Antiphon.Tests.Agents.TranscriptNormalizerTests	Compact_boundary_is_not_a_turn_end	Passed	9c7684dc-f041-3ce4-ca69-82b7890be24e	-
20261003-191547-0744	CP-8	Antiphon.Tests.Agents.TranscriptNormalizerTests	Both_records_of_one_response_carry_its_stop_reason_and_its_id	Passed	0c70481e-7de5-0a56-0542-acc456af38ab	-
20261003-191547-0744	CP-8	Antiphon.Tests.Agents.TranscriptNormalizerTests	Compact_boundary_line_normalizes_to_CompactBoundary_kind	Passed	a9ed0662-d729-86fd-1e47-d97c0175039c	-
20261003-191547-0744	CP-8	Antiphon.Tests.Agents.TranscriptNormalizerTests	Manual_and_auto_boundaries_are_distinguishable_by_the_working_rules	Passed	40095373-1d51-05b6-a0fb-c687e7411a52	-
20261003-191547-0744	CP-8	Antiphon.Tests.Agents.TranscriptNormalizerTests	Claudes_turn_ending_response_text_shares_its_ApiCallId_with_the_TurnEnd	Passed	0933f605-6e89-ae61-8e82-66691ea32a71	-
20261003-191547-0744	CP-8	Antiphon.Tests.Agents.TranscriptNormalizerTests	A_wall_stub_stamps_the_api_error_fields_on_both_its_parts	Passed	ef7a4ea2-14ac-23ca-de77-3705e0f60cdb	-
20261003-191547-0744	CP-8	Antiphon.Tests.Agents.TranscriptNormalizerTests	Every_measured_stub_class_carries_its_fields_and_trips_the_predicate	Passed	1b956104-0ac5-cbb4-d307-2bdb1a48b4b2	-
20261003-191547-0744	CP-8	Antiphon.Tests.Agents.TranscriptNormalizerTests	A_genuine_end_of_turn_record_still_yields_a_TurnEnd	Passed	15cf1cb1-675a-0ee8-0818-50352fd28e51	-
20261003-191547-0744	CP-8	Antiphon.Tests.Agents.TranscriptNormalizerTests	A_tool_use_record_stamped_end_turn_yields_a_ToolCall_and_no_TurnEnd	Passed	aad8e48c-cfcf-802e-dbb9-1a0010700ad6	-
20261003-191547-0744	CP-8	Antiphon.Tests.Agents.TranscriptNormalizerTests	An_unknown_queue_operation_yields_nothing	Passed	e413dc5c-3295-e8ef-23b2-7c254b409283	-
20261003-191547-0744	CP-8	Antiphon.Tests.Agents.TranscriptNormalizerTests	Queue_operation_records_normalize_to_housekeeping_kinds	Passed	0f98846e-df3b-a72a-212b-aefa82660e25	-
20261003-191547-0744	CP-8	Antiphon.Tests.Agents.TranscriptNormalizerTests	Queue_operation_records_normalize_to_housekeeping_kinds	Passed	60a3d391-a64e-673f-0abb-bcf296797948	-
20261003-191547-0744	CP-8	Antiphon.Tests.Agents.TranscriptNormalizerTests	Queue_operation_records_normalize_to_housekeeping_kinds	Passed	f7dd4cfa-e708-7283-9e8d-3c2a74149a8a	-
20261003-191547-0744	CP-8	Antiphon.Tests.Agents.TranscriptNormalizerTests	Queued_command_attachment_normalizes_to_a_distinct_queued_user_prompt	Passed	539921e2-ed77-cc81-5c8d-6339c4eb1075	-
20261003-191547-0744	CP-8	Antiphon.Tests.Agents.TranscriptNormalizerTests	The_sibling_thinking_record_of_a_mis_stamped_response_still_yields_a_bare_TurnEnd	Passed	b3ed6017-b842-50e4-141f-f39808d8b3a0	-
20261003-191547-0744	CP-8	Antiphon.Tests.Agents.TranscriptNormalizerTests	Meta_user_records_are_skipped	Passed	117a169f-deb2-db88-fc1c-12c3ce551d3c	-
20261003-191547-0744	CP-8	Antiphon.Tests.Agents.TranscriptNormalizerTests	User_records_never_carry_usage	Passed	13369794-a619-ffc1-4541-c276f963a20e	-
20261003-191547-0744	CP-8	Antiphon.Tests.Agents.TranscriptNormalizerTests	Assistant_without_usage_yields_null_token_fields	Passed	0bd9638d-49eb-9668-8466-e905ad08f5b8	-
20261003-191547-0744	CP-8	Antiphon.Tests.Agents.TranscriptNormalizerTests	Assistant_usage_and_message_id_are_attached_to_every_part	Passed	0624e0b3-b4fd-319e-436a-80ddb65352b4	-
20261003-191547-0744	CP-8	Antiphon.Tests.Agents.TranscriptNormalizerTests	A_synthetic_api_error_stub_carries_no_model	Passed	fa1751ae-f325-b603-c92b-25dbde24ace5	-
20261003-191547-0744	CP-8	Antiphon.Tests.Agents.TranscriptNormalizerTests	Assistant_message_model_is_stamped_on_every_assistant_part	Passed	c4a9bad7-94be-09d6-aa88-1ec8964d0401	-
20261003-191547-0744	CP-8	Antiphon.Tests.Agents.TranscriptNormalizerTests	Ai_title_becomes_turn_title	Passed	0c91927f-5972-a349-25b2-9b2182976eae	-
20261003-191547-0744	CP-8	Antiphon.Tests.Agents.TranscriptNormalizerTests	User_tool_result_is_extracted_with_error_flag	Passed	2f4b0dfe-704e-5593-cbc7-e0ad503e2ae7	-
20261003-191547-0744	CP-8	Antiphon.Tests.Agents.TranscriptNormalizerTests	User_string_content_is_a_prompt	Passed	a42f8207-feac-d270-034b-92a70f8a036e	-
20261003-191547-0744	CP-8	Antiphon.Tests.Agents.TranscriptNormalizerTests	Assistant_thinking_block_is_captured	Passed	66876320-bacc-64e7-caf9-6a885efd8d2f	-
20261003-191547-0744	CP-8	Antiphon.Tests.Agents.TranscriptNormalizerTests	Assistant_end_turn_emits_turn_end_marker	Passed	6f922bed-2289-86eb-d438-14bf6e44f14e	-
20261003-191547-0744	CP-8	Antiphon.Tests.Agents.TranscriptNormalizerTests	Assistant_text_plus_tool_use_with_tool_use_stop_reason_yields_no_turn_end	Passed	1328d232-f08c-e0f0-9a4a-e11d05f5fd8a	-
20261003-191547-0744	CP-8	Antiphon.Tests.Agents.TranscriptNormalizerTests	Other_system_records_are_still_skipped	Passed	72de3e4d-0916-14c0-12e5-7d9b8ab0bfd2	-
20261003-191547-0744	CP-8	Antiphon.Tests.Agents.TranscriptNormalizerTests	The_predicate_requires_a_stub_bearing_kind	Passed	c089aefe-4871-8437-8c2d-5533696fcb50	-
20261003-191547-0744	CP-8	Antiphon.Tests.Agents.TranscriptNormalizerTests	An_agent_merely_writing_the_limit_message_never_trips_the_predicate	Passed	ac5626af-1cde-2920-b1de-f769a00cddb7	-
20261003-191547-0744	CP-8	Antiphon.Tests.Agents.TranscriptNormalizerTests	A_fable_5_cap_stub_stamps_the_api_error_fields_and_keeps_the_incident_text	Passed	16802237-b2c6-1c9b-4031-d78e59ee3abf	-
20261003-191547-0744	CP-8	Antiphon.Tests.Agents.TranscriptNormalizerTests	The_benign_no_response_synthetic_is_not_a_stub	Passed	958f534d-345f-1aa1-e8db-1ba06ff3a438	-
20261003-191547-0744	CP-8	Antiphon.Tests.Agents.TranscriptNormalizerTests	A_max_tokens_truncation_mid_tool_call_still_yields_a_TurnEnd	Passed	d5cfc7de-5926-c111-cf15-3c61011b3b6c	-
20261003-191547-0744	CP-8	Antiphon.Tests.Agents.TranscriptNormalizerTests	Invalid_blank_and_metadata_only_lines_yield_nothing	Passed	8ce4e089-84fa-afb0-a216-2069fad4f415	-
20261003-191547-0744	CP-8	Antiphon.Tests.Agents.TranscriptTurnBaselineTests	A_failed_read_with_no_prior_observation_is_the_first_turn_floor	Passed	efbe1b5c-3422-7b04-a9ef-3889484b3e4a	-
20261003-191547-0744	CP-8	Antiphon.Tests.Agents.TranscriptTurnBaselineTests	A_failed_read_preserves_the_last_known_sequence	Passed	e4c47ca2-f048-d281-3ea8-9292994cc6c6	-
20261003-191547-0744	CP-8	Antiphon.Tests.Agents.TranscriptTurnBaselineTests	A_successful_read_wins_even_when_its_LastSequence_is_zero	Passed	554c9369-c7a5-7906-de26-5c3027ae4955	-
20261003-191547-0744	CP-8	Antiphon.Tests.ApiKeys.AgentLaunchEnvTests	an_unusable_variable_name_is_refused	Passed	d9a318a4-01dd-efd2-0e95-f72e57c2db04	-
20261003-191547-0744	CP-8	Antiphon.Tests.ApiKeys.AgentLaunchEnvTests	a_malformed_placeholder_is_refused_at_write_time_naming_the_variable	Passed	5883999f-1adf-e965-b6d9-2a06b97e8871	-
20261003-191547-0744	CP-8	Antiphon.Tests.ApiKeys.AgentLaunchEnvTests	the_agent_env_beats_the_definition_env_and_loses_to_the_orchestration_block	Passed	a22f3f7d-64b1-d5cf-c356-3d2db6a0f305	-
20261003-191547-0744	CP-8	Antiphon.Tests.ApiKeys.AgentLaunchEnvTests	an_oversize_value_is_refused_without_echoing_it	Passed	e7c19659-8908-a4f5-1eb1-4be5f0c9fc76	-
20261003-191547-0744	CP-8	Antiphon.Tests.ApiKeys.AgentLaunchEnvTests	names_are_trimmed_and_an_empty_environment_is_the_shared_empty	Passed	5353d018-f162-bd23-b9c2-0d388ec8b13c	-
20261003-191547-0744	CP-8	Antiphon.Tests.ApiKeys.AgentLaunchEnvTests	the_launch_override_beats_the_agent_env_and_loses_to_the_orchestration_block	Passed	2fbf0169-3488-6a77-502c-0ba03b54fc20	-
20261003-191547-0744	CP-8	Antiphon.Tests.ApiKeys.AgentLaunchEnvTests	the_agents_own_launch_env_beats_a_project_default	Passed	c214cd02-20dd-c038-02c3-213602132554	-
20261003-191547-0744	CP-8	Antiphon.Tests.ApiKeys.AgentLaunchEnvTests	five_layers_contest_pairwise_and_the_more_specific_one_wins_each_time	Passed	101ec813-fabc-98f5-9065-47c7048439dd	-
20261003-191547-0744	CP-8	Antiphon.Tests.ApiKeys.AgentLaunchEnvTests	inherited_env_beats_a_project_default_and_loses_to_the_agent	Passed	cf9fff44-5cd5-ce81-e95c-406f483f784e	-
20261003-191547-0744	CP-8	Antiphon.Tests.ApiKeys.AgentLaunchEnvTests	six_layers_contest_and_inherited_sits_between_project_and_agent	Passed	0f20bcdd-68e7-668f-c5f3-6564429f9066	-
20261003-191547-0744	CP-8	Antiphon.Tests.ApiKeys.AgentLaunchEnvTests	an_unusable_variable_name_is_refused	Passed	d1169464-0ab5-79db-4a77-c1d2fa0d1f59	-
20261003-191547-0744	CP-8	Antiphon.Tests.ApiKeys.AgentLaunchEnvTests	FilterTo_keeps_only_allowlisted_names_and_ProjectionsEqual_is_ordinal	Passed	3ddff4fb-8bfb-961e-b0dd-abddab3863bc	-
20261003-191547-0744	CP-8	Antiphon.Tests.ApiKeys.AgentLaunchEnvTests	ValidateOverride_refuses_ANTIPHON_prefixed_names_including_lowercase	Passed	290dd0f1-82df-2222-8e47-c3a79bc7a894	-
20261003-191547-0744	CP-8	Antiphon.Tests.ApiKeys.AgentLaunchEnvTests	Validate_still_accepts_ANTIPHON_names_the_existing_agent_PATCH_must_not_422	Passed	6e302fe7-c9ab-ec6d-0228-b2f1a50228b5	-
20261003-191547-0744	CP-8	Antiphon.Tests.ApiKeys.AgentLaunchEnvTests	unreadable_stored_json_reads_as_no_environment_rather_than_killing_the_launch	Passed	ab090ff3-4966-fa7b-0a83-9d488b404ce0	-
20261003-191547-0744	CP-8	Antiphon.Tests.ApiKeys.AgentLaunchEnvTests	unreadable_stored_json_reads_as_no_environment_rather_than_killing_the_launch	Passed	a3ce1b14-40c9-5a4a-216f-075d0a70a7bb	-
20261003-191547-0744	CP-8	Antiphon.Tests.ApiKeys.AgentLaunchEnvTests	a_round_trip_through_the_stored_json_preserves_the_entries	Passed	6b4eca34-f7eb-1ec0-62b9-de7bbf2ae708	-
20261003-191547-0744	CP-8	Antiphon.Tests.ApiKeys.AgentLaunchEnvTests	no_agent_env_changes_nothing_about_a_launch	Passed	e141b96e-bd08-2126-76c8-0c8d14c33e6e	-
20261003-191547-0744	CP-8	Antiphon.Tests.ApiKeys.AgentLaunchEnvTests	an_agent_env_entry_is_present_when_nothing_contests_it	Passed	91c5a1ff-eb51-a76f-52e5-e8152f29997e	-
20261003-191547-0744	CP-8	Antiphon.Tests.ApiKeys.AgentLaunchEnvTests	an_override_can_deliberately_set_a_kind_default_that_would_otherwise_be_gap_filled	Passed	eb2b496c-d75a-6a5f-bf64-b404c1ff8f8a	-
20261003-191547-0744	CP-8	Antiphon.Tests.ApiKeys.AgentLaunchEnvTests	an_unusable_variable_name_is_refused	Passed	c59548d1-6be3-1558-534f-6e9c16f183ca	-
20261003-191547-0744	CP-8	Antiphon.Tests.ApiKeys.AgentLaunchEnvTests	ValidateOverride_accepts_ordinary_names_and_placeholder_values	Passed	ecd88456-e7cb-1113-fb3c-55050d246272	-
20261003-191547-0744	CP-8	Antiphon.Tests.ApiKeys.AgentLaunchEnvTests	unreadable_stored_json_reads_as_no_environment_rather_than_killing_the_launch	Passed	ea9f8ef1-9e22-32a6-30e0-361ae2f26beb	-
20261003-191547-0744	CP-8	Antiphon.Tests.ApiKeys.AgentLaunchEnvTests	unreadable_stored_json_reads_as_no_environment_rather_than_killing_the_launch	Passed	c82e9d14-bd31-580d-c2d6-21b8559b4046	-
20261003-191547-0744	CP-8	Antiphon.Tests.ApiKeys.AgentLaunchEnvTests	the_agents_own_row_is_the_default_source_of_its_launch_env	Passed	a316c0db-4d73-55e9-9cd0-f5a408a744c8	-
20261003-191547-0744	CP-8	Antiphon.Tests.ApiKeys.AgentLaunchEnvTests	a_placeholder_in_a_VARIABLE_NAME_is_refused	Passed	5be03a12-3dba-dbd6-8fd8-66884898de60	-
20261003-191547-0744	CP-8	Antiphon.Tests.ApiKeys.AgentLaunchEnvTests	unreadable_stored_json_reads_as_no_environment_rather_than_killing_the_launch	Passed	d8c96d05-6e6d-291a-cf0d-d5e5e53baeff	-
20261003-191547-0744	CP-8	Antiphon.Tests.ApiKeys.AgentLaunchEnvTests	a_placeholder_in_a_VALUE_is_accepted_unresolved	Passed	30fdeb2c-794e-efea-a5ac-637ce73a94b2	-
20261003-191547-0744	CP-8	Antiphon.Tests.ApiKeys.ApiKeyPlaceholderTests	a_marker_that_is_not_a_well_formed_token_is_a_malformed_one_not_inert_text	Passed	ed7ca640-9faa-aa5d-177c-b7d061562421	-
20261003-191547-0744	CP-8	Antiphon.Tests.ApiKeys.ApiKeyPlaceholderTests	the_tripwire_names_the_session_so_a_failure_reason_says_which_launch_died	Passed	69c9dd8f-ec32-d258-d905-dd36d8056cb1	-
20261003-191547-0744	CP-8	Antiphon.Tests.ApiKeys.ApiKeyPlaceholderTests	the_tripwire_refuses_a_placeholder_in_appended_system_prompt_text	Passed	302e7590-e03f-719b-2846-b75e2a1f1791	-
20261003-191547-0744	CP-8	Antiphon.Tests.ApiKeys.ApiKeyPlaceholderTests	the_tripwire_refuses_a_placeholder_in_a_launch_argument	Passed	10b7bab6-6a29-020f-f7c6-39048d64884a	-
20261003-191547-0744	CP-8	Antiphon.Tests.ApiKeys.ApiKeyPlaceholderTests	the_tripwire_refuses_a_malformed_token_too	Passed	3c655980-abf3-c7b5-b93f-a242f17964e2	-
20261003-191547-0744	CP-8	Antiphon.Tests.ApiKeys.ApiKeyPlaceholderTests	an_ordinary_value_is_left_entirely_alone	Passed	0f1a8869-cb6c-ff34-77f1-e601a4f5941b	-
20261003-191547-0744	CP-8	Antiphon.Tests.ApiKeys.ApiKeyPlaceholderTests	the_tripwire_names_the_variable_and_the_token_and_never_the_value	Passed	72709cee-aaf3-a61d-2750-9ba80ba5c386	-
20261003-191547-0744	CP-8	Antiphon.Tests.ApiKeys.ApiKeyPlaceholderTests	a_fully_resolved_spec_passes_the_tripwire_untouched	Passed	2f0221c3-bc6d-3eda-86b9-1ce9215697e5	-
20261003-191547-0744	CP-8	Antiphon.Tests.ApiKeys.ApiKeyPlaceholderTests	a_well_formed_token_is_found_and_named	Passed	fe71ccf7-924a-7746-0b6e-467ecf5eb453	-
20261003-191547-0744	CP-8	Antiphon.Tests.ApiKeys.ApiKeyPlaceholderTests	a_marker_that_is_not_a_well_formed_token_is_a_malformed_one_not_inert_text	Passed	024537ef-5f5e-3fe3-b76e-a3da20ca4049	-
20261003-191547-0744	CP-8	Antiphon.Tests.ApiKeys.ApiKeyPlaceholderTests	an_ordinary_value_is_left_entirely_alone	Passed	3349df09-2135-4ab7-36f6-e17a01e0319c	-
20261003-191547-0744	CP-8	Antiphon.Tests.ApiKeys.ApiKeyPlaceholderTests	an_ordinary_value_is_left_entirely_alone	Passed	73a51b53-dcc7-3d0d-8e97-c84a7ac8bd48	-
20261003-191547-0744	CP-8	Antiphon.Tests.ApiKeys.ApiKeyPlaceholderTests	an_ordinary_value_is_left_entirely_alone	Passed	1893a790-e18e-5f1e-27e3-b3440f8fa08a	-
20261003-191547-0744	CP-8	Antiphon.Tests.ApiKeys.ApiKeyPlaceholderTests	the_tripwire_refuses_an_unresolved_placeholder_in_an_env_value	Passed	bcf77f8a-357f-ce9d-7de6-9e03491314a6	-
20261003-191547-0744	CP-8	Antiphon.Tests.ApiKeys.ApiKeyPlaceholderTests	a_well_formed_token_beside_a_malformed_one_is_still_reported_malformed	Passed	87400c9b-4448-ee5d-f107-e0366976ca47	-
20261003-191547-0744	CP-8	Antiphon.Tests.ApiKeys.ApiKeyPlaceholderTests	an_ordinary_value_is_left_entirely_alone	Passed	01d1ba8d-4631-239c-1eb5-c1bb6d78a755	-
20261003-191547-0744	CP-8	Antiphon.Tests.ApiKeys.ApiKeyPlaceholderTests	a_marker_that_is_not_a_well_formed_token_is_a_malformed_one_not_inert_text	Passed	87bae5ed-b7ec-d76a-1816-60832d2c0b86	-
20261003-191547-0744	CP-8	Antiphon.Tests.ApiKeys.ApiKeyPlaceholderTests	a_marker_that_is_not_a_well_formed_token_is_a_malformed_one_not_inert_text	Passed	20093563-78b9-181c-c636-071765425633	-
20261003-191547-0744	CP-8	Antiphon.Tests.ApiKeys.ApiKeyProtectorTests	readiness_is_rechecked_for_every_operation_not_once_at_startup	Passed	50d4b09e-b4c2-16a8-636c-47b5c48c5423	-
20261003-191547-0744	CP-8	Antiphon.Tests.ApiKeys.ApiKeyProtectorTests	an_unsaved_row_is_refused_rather_than_sharing_the_empty_guid_purpose	Passed	2aaae9e5-7702-1a20-7496-c7d5a1db8cdb	-
20261003-191547-0744	CP-8	Antiphon.Tests.ApiKeys.ApiKeyProtectorTests	a_value_round_trips_and_the_ciphertext_never_contains_it	Passed	5e000eb7-c4af-c7e8-e703-5138f0766e4a	-
20261003-191547-0744	CP-8	Antiphon.Tests.ApiKeys.ApiKeyProtectorTests	the_purpose_chain_is_keyed_on_the_row_id_so_a_rename_cannot_orphan_a_ciphertext	Passed	37d36e76-8106-0877-96ff-e22dd221b953	-
20261003-191547-0744	CP-8	Antiphon.Tests.ApiKeys.ApiKeyProtectorTests	one_keys_ciphertext_does_not_decrypt_under_another_keys_id	Passed	328c0e59-79b4-ffad-b818-3b6233776bf6	-
20261003-191547-0744	CP-8	Antiphon.Tests.ApiKeys.ApiKeyProtectorTests	a_payload_that_is_not_a_data_protection_blob_is_a_cryptographic_failure	Passed	57d4b20b-6776-7ec5-2435-fa4ffb4656f0	-
20261003-191547-0744	CP-8	Antiphon.Tests.Application.AgentContextContractTests	the_universal_agent_context_stays_within_the_raw_utf8_byte_budget	Passed	46dc5e03-2e18-5dd8-0356-f86dda7bd1d3	-
20261003-191547-0744	CP-8	Antiphon.Tests.Application.AgentContextContractTests	every_local_owner_document_named_by_the_routing_index_exists	Passed	c9b8da4c-1bd8-a9a2-192d-5c4eade3f16f	-
20261003-191547-0744	CP-8	Antiphon.Tests.Application.AgentExecutableResolverTests	Resolves_exact_name_from_search_path	Passed	2d1e334c-0330-0286-9dc8-9c6be13a8eff	-
20261003-191547-0744	CP-8	Antiphon.Tests.Application.AgentExecutableResolverTests	Resolves_sibling_flavor_when_configured_one_is_gone	NotExecuted	bc2a4bcc-624f-93ed-b63f-2c7421ec25bf	Skipped: Sibling executable flavors (.exe/.cmd/.bat) are resolved only on Windows
20261003-191547-0744	CP-8	Antiphon.Tests.Application.AgentExecutableResolverTests	Rooted_path_resolves_only_when_the_file_exists	Passed	6b4dabbc-33ef-f67a-b6a6-23667c705448	-
20261003-191547-0744	CP-8	Antiphon.Tests.Application.AgentExecutableResolverTests	Unresolvable_name_returns_null_and_EnsureSpawnable_throws_with_clear_message	Passed	f420eaa1-cdff-483c-2b52-12a308efcb4f	-
20261003-191547-0744	CP-8	Antiphon.Tests.Application.AgentExecutableResolverTests	Relative_path_with_directory_separator_is_passed_through_unresolved	Passed	958c5eaf-e99d-f947-900f-3ded6bb3afcd	-
20261003-191547-0744	CP-8	Antiphon.Tests.Application.AgentPinPathTests	V02_snapshot_hash_is_stable_for_id_and_text_order	Passed	838ada61-3bf8-9500-7f5b-47dec7ad705a	-
20261003-191547-0744	CP-8	Antiphon.Tests.Application.AgentPinPathTests	V01_canonical_cwd_uses_windows_separators_and_drops_trailing_slash	NotExecuted	473ade5e-7851-236c-4f0d-e29ba3921aa6	Skipped: Canonical pin cwd is a Windows drive-rooted path
20261003-191547-0744	CP-8	Antiphon.Tests.Application.AgentPinPathTests	V01_relative_path_uses_full_agent_id_hex	Passed	f0b14146-be7c-d5db-e61a-6d43e8b89d18	-
20261003-191547-0744	CP-8	Antiphon.Tests.Application.AgentPinPathTests	V02_text_normalizes_crlf_and_rejects_empty_and_controls	Passed	a1f6c734-7f7e-c88d-45f6-7e856563ce85	-
20261003-191547-0744	CP-8	Antiphon.Tests.Application.AgentPresetsTests	apply_no_preset_uses_the_hard_defaults	Passed	a2ca6af3-1042-b50d-3bda-0ab901d2fe36	-
20261003-191547-0744	CP-8	Antiphon.Tests.Application.AgentPresetsTests	apply_omit_takes_the_orchestrator_preset	Passed	2375fc86-a1f9-8759-c1e7-c576c17c5d97	-
20261003-191547-0744	CP-8	Antiphon.Tests.Application.AgentPresetsTests	apply_explicit_false_always_on_and_remote_control_wins	Passed	13578882-ea10-136c-a692-b98e52c5645c	-
20261003-191547-0744	CP-8	Antiphon.Tests.Application.AgentPresetsTests	apply_explicit_empty_bundle_keys_wins	Passed	2077ae65-0780-da6f-64a3-c4222381098d	-
20261003-191547-0744	CP-8	Antiphon.Tests.Application.AgentPresetsTests	apply_explicit_prompt_skips_render	Passed	4715f175-65b6-ac4d-5c81-2b540d968b67	-
20261003-191547-0744	CP-8	Antiphon.Tests.Application.AgentPresetsTests	apply_null_prompt_renders_project_board_and_directory	Passed	4abd0f9f-6709-f86a-0d11-5d4a5b8dbcc1	-
20261003-191547-0744	CP-8	Antiphon.Tests.Application.AgentPresetsTests	apply_unknown_key_throws_preset	Passed	cf00c8a0-fc86-1db5-b548-981ee2f28744	-
20261003-191547-0744	CP-8	Antiphon.Tests.Application.AgentTaskDecisionQuestionTests	Every_non_none_impact_requires_a_human	Passed	e938236d-2732-04fe-332e-375ac33dc04d	-
20261003-191547-0744	CP-8	Antiphon.Tests.Application.AgentTaskDecisionQuestionTests	Granted_category_returns_continue	Passed	84033b83-5bb8-bdc3-0e2a-b19d03ef6589	-
20261003-191547-0744	CP-8	Antiphon.Tests.Application.AgentTaskDecisionQuestionTests	Every_non_none_impact_requires_a_human	Passed	28e52fc6-b2fc-db19-da40-217056ebae12	-
20261003-191547-0744	CP-8	Antiphon.Tests.Application.AgentTaskDecisionQuestionTests	Repository_path_boundary_rechecks_links_and_rejects_directories	Passed	c49f912b-04c8-b727-1769-c3f8448f09d6	-
20261003-191547-0744	CP-8	Antiphon.Tests.Application.AgentTaskDecisionQuestionTests	Every_non_none_impact_requires_a_human	Passed	531558ea-954d-3d3a-b845-0b46f3c95ec4	-
20261003-191547-0744	CP-8	Antiphon.Tests.Application.AgentTaskDecisionQuestionTests	Every_non_none_impact_requires_a_human	Passed	71f7c739-6ad2-8bbd-50f3-dcdd43c5ef00	-
20261003-191547-0744	CP-8	Antiphon.Tests.Application.AgentTaskDecisionQuestionTests	Every_non_none_impact_requires_a_human	Passed	1803213b-7708-624e-792a-9481d4039273	-
20261003-191547-0744	CP-8	Antiphon.Tests.Application.AgentTaskDecisionQuestionTests	Every_non_none_impact_requires_a_human	Passed	c83f4fd4-0d9a-0155-ec9f-33d69aa7571b	-
20261003-191547-0744	CP-8	Antiphon.Tests.Application.AgentTaskDecisionQuestionTests	Every_non_none_impact_requires_a_human	Passed	d8e38a0e-d894-af3e-b241-ac6e43a183de	-
20261003-191547-0744	CP-8	Antiphon.Tests.Application.AgentTaskDecisionQuestionTests	Exact_grant_continues_a_bounded_line_ending_repair	Passed	97cc9756-6a58-fadc-126e-1f0e298ed07e	-
20261003-191547-0744	CP-8	Antiphon.Tests.Application.AgentTaskDecisionQuestionTests	Every_non_none_impact_requires_a_human	Passed	9d0a54c9-d85d-7367-d772-536b6cbec0da	-
20261003-191547-0744	CP-8	Antiphon.Tests.Application.AgentTaskDecisionQuestionTests	One_named_grant_must_cover_all_effects	Passed	b677425a-f7d6-1791-7421-8fbfc20b876f	-
20261003-191547-0744	CP-8	Antiphon.Tests.Application.AgentTaskDecisionQuestionTests	Granted_category_returns_continue	Passed	e1d720bb-c828-f535-9d50-50286f399c92	-
20261003-191547-0744	CP-8	Antiphon.Tests.Application.AgentTaskDecisionQuestionTests	Granted_category_returns_continue	Passed	c286af97-afc4-31fa-ca18-21bce1db6a8c	-
20261003-191547-0744	CP-8	Antiphon.Tests.Application.AgentTaskDecisionQuestionTests	A_sibling_path_and_a_second_grant_cannot_expand_the_named_grant	Passed	df6e457e-eb93-fd3a-7aa7-f36e1332970e	-
20261003-191547-0744	CP-8	Antiphon.Tests.Application.AgentTaskDecisionQuestionTests	Attribute_requests_are_exact	Passed	c8a82179-e3f1-7ca1-7180-1826ff697384	-
20261003-191547-0744	CP-8	Antiphon.Tests.Application.AgentTaskDecisionQuestionTests	Two_attribute_targets_must_both_be_exact_and_line_endings_only	Passed	55d75e0c-4bec-4607-69e0-0fe5718b54ee	-
20261003-191547-0744	CP-8	Antiphon.Tests.Application.AgentTaskDecisionQuestionTests	Every_non_none_impact_requires_a_human	Passed	d5feee40-528d-8738-1afd-57c178c0b5bc	-
20261003-191547-0744	CP-8	Antiphon.Tests.Application.AgentTaskDispatcherPredicateTests	C672_LaunchesPreparedMirror	Passed	ff95af05-da92-b575-b613-7a895668733d	-
20261003-191547-0744	CP-8	Antiphon.Tests.Application.AgentTaskDispatcherPredicateTests	C672_LaunchesPreparedMirror	Passed	30e169cc-08a8-8a6b-2f44-1f1f6f389bb9	-
20261003-191547-0744	CP-8	Antiphon.Tests.Application.AgentTaskDispatcherPredicateTests	C672_LaunchesPreparedMirror	Passed	fc5f5c6a-a64f-6c3a-d9b7-4be2ce2ef7c1	-
20261003-191547-0744	CP-8	Antiphon.Tests.Application.AgentTaskDispatcherPredicateTests	C672_LaunchesPreparedMirror	Passed	5a17037c-4b89-289e-a230-9e8f8513d71f	-
20261003-191547-0744	CP-8	Antiphon.Tests.Application.AgentTaskDispatcherPredicateTests	C672_LaunchesPreparedMirror	Passed	3be53f20-2f2e-639c-d442-b65fdace2506	-
20261003-191547-0744	CP-8	Antiphon.Tests.Application.AgentTaskDispatcherPredicateTests	C672_LaunchesPreparedMirror	Passed	beeaf79f-d46b-ccdb-ba38-d202473c3a43	-
20261003-191547-0744	CP-8	Antiphon.Tests.Application.AgentTaskDispatcherPredicateTests	C672_LaunchesPreparedMirror	Passed	6511ec0d-96ef-5240-2287-ef5bcdc0cbb3	-
20261003-191547-0744	CP-8	Antiphon.Tests.Application.AgentTaskDispatcherPredicateTests	C672_LaunchesPreparedMirror	Passed	acf00110-326e-e274-dae4-8ff44a18c320	-
20261003-191547-0744	CP-8	Antiphon.Tests.Application.AgentTaskLandQueueVisibilityTests	C641_Duplicate_enqueue_and_release_preserve_positions	Passed	0fe47af3-df79-3329-2c99-5ce059ad64e8	-
20261003-191547-0744	CP-8	Antiphon.Tests.Application.AgentTaskLandQueueVisibilityTests	C641_Old_entry_completion_cannot_release_new_requeue_claim	Passed	475bcfae-c033-430b-c607-6396f1ef7694	-
20261003-191547-0744	CP-8	Antiphon.Tests.Application.AgentTaskLandQueueVisibilityTests	C641_Concurrent_enqueue_snapshot_is_consistent	Passed	e48f0088-7b10-9424-e0ac-056f8b8b66f7	-
20261003-191547-0744	CP-8	Antiphon.Tests.Application.AgentTaskLandQueueVisibilityTests	C641_Restart_has_no_invented_running_owner	Passed	8132aa64-7b76-4cd5-cca7-42860bfdbfbb	-
20261003-191547-0744	CP-8	Antiphon.Tests.Application.AgentTaskLandQueueVisibilityTests	C641_Snapshot_matches_channel_order_and_running_owner	Passed	672bf3c6-33cb-95d4-bcef-5d378044e905	-
20261003-191547-0744	CP-8	Antiphon.Tests.Application.AgentTaskLandVerificationEvidenceTests	C448_V34_CountersNeedExecutedPassingTests	Passed	ce8b1cee-0a40-d3c7-43b7-5471d9566f45	-
20261003-191547-0744	CP-8	Antiphon.Tests.Application.AgentTaskLandVerificationEvidenceTests	C448_V34_CountersNeedExecutedPassingTests	Passed	5170d839-7c09-9812-e397-99ccc3d8f0d9	-
20261003-191547-0744	CP-8	Antiphon.Tests.Application.AgentTaskLandVerificationEvidenceTests	C448_V34_CountersNeedExecutedPassingTests	Passed	8ad3ae1f-2fac-2a1e-6903-619d8eb86b12	-
20261003-191547-0744	CP-8	Antiphon.Tests.Application.AgentTaskLandVerificationEvidenceTests	C448_V34_CountersNeedExecutedPassingTests	Passed	01025978-a0a1-da0a-13d7-d7c2dc2bc91a	-
20261003-191547-0744	CP-8	Antiphon.Tests.Application.AgentTaskLandVerificationEvidenceTests	C448_V34_CountersNeedExecutedPassingTests	Passed	3ad23a2c-e467-fb0b-66a4-498a40d28b9d	-
20261003-191547-0744	CP-8	Antiphon.Tests.Application.AgentTaskLandVerificationEvidenceTests	C448_V34_CountersNeedExecutedPassingTests	Passed	d486bce9-c145-35fe-5e57-47a8bdb82ad2	-
20261003-191547-0744	CP-8	Antiphon.Tests.Application.AgentTaskLandVerificationEvidenceTests	C448_V34_CountersNeedExecutedPassingTests	Passed	67fa8fd3-d8c0-9629-5b76-b2f906ba8804	-
20261003-191547-0744	CP-8	Antiphon.Tests.Application.AgentTaskLandVerificationEvidenceTests	C448_V34_CountersNeedExecutedPassingTests	Passed	0c5ea6af-2251-54a9-f2b2-679542919612	-
20261003-191547-0744	CP-8	Antiphon.Tests.Application.AgentTaskLandVerificationEvidenceTests	C448_V34_CountersNeedExecutedPassingTests	Passed	d7a3ba59-1343-1560-6ffb-567ac40bede8	-
20261003-191547-0744	CP-8	Antiphon.Tests.Application.AgentTaskLandingStateTests	C488_VerifiedCommitExact	Passed	60f2f767-7b64-8cf4-56cb-1bfa278a3655	-
20261003-191547-0744	CP-8	Antiphon.Tests.Application.AgentTaskLandingStateTests	C488_ContainedInputReceiptHasLineage	Passed	35a39e5b-66d4-2128-1929-e9710403329c	-
20261003-191547-0744	CP-8	Antiphon.Tests.Application.AgentTaskLandingStateTests	C488_VersionedReceiptMatrix	Passed	8f59a906-f9b5-d330-5c0b-798e972fc747	-
20261003-191547-0744	CP-8	Antiphon.Tests.Application.AgentTaskLandingStateTests	C488_V2ReceiptNeedsLineage	Passed	f1071db3-0e56-749e-57cd-305e8a411139	-
20261003-191547-0744	CP-8	Antiphon.Tests.Application.AgentTaskLandingStateTests	C688_SchemaThreeArms	Passed	6d4f1a6b-200b-2c4a-c419-fd8242883dfb	-
20261003-191547-0744	CP-8	Antiphon.Tests.Application.AgentTaskLandingStateTests	C488_V2ReceiptNeedsApprovedOriginal	Passed	d990240e-9504-2b9d-5e64-eccb2dfa930b	-
20261003-191547-0744	CP-8	Antiphon.Tests.Application.AgentTaskLandingStateTests	C688_SchemaThreeArms	Passed	75ace26d-b0bd-a308-398f-4491ba828495	-
20261003-191547-0744	CP-8	Antiphon.Tests.Application.AgentTaskLandingStateTests	C688_SchemaThreeArms	Passed	b5d0e794-6279-5191-7faf-9fd68c81debc	-
20261003-191547-0744	CP-8	Antiphon.Tests.Application.AgentTaskLandingStateTests	C448_V31_VerificationEvidenceMustDescribeTheExactCommit	Passed	19eee19b-553d-b695-2bd1-9f793f98bd91	-
20261003-191547-0744	CP-8	Antiphon.Tests.Application.AgentTaskLandingStateTests	C488_UnknownVersionRefuses	Passed	304c6f13-b5b8-09a2-69bd-5c35bde33f30	-
20261003-191547-0744	CP-8	Antiphon.Tests.Application.AgentTaskLandingStateTests	C448_V31_VerificationEvidenceMustDescribeTheExactCommit	Passed	f733dcd3-54dd-c61c-0a9e-d191e3c084f9	-
20261003-191547-0744	CP-8	Antiphon.Tests.Application.AgentTaskLandingStateTests	C448_V31_VerificationEvidenceMustDescribeTheExactCommit	Passed	e82d7c5f-3e57-8106-dd6e-fd48b4dff430	-
20261003-191547-0744	CP-8	Antiphon.Tests.Application.AgentTaskLandingStateTests	C448_V31_VerificationEvidenceMustDescribeTheExactCommit	Passed	2a5d3e8b-f7ff-a93b-a02e-da46d1571bf8	-
20261003-191547-0744	CP-8	Antiphon.Tests.Application.AgentTaskLandingStateTests	C448_V31_VerificationEvidenceMustDescribeTheExactCommit	Passed	15e67dbf-f0a5-51ca-4d77-2af112a68986	-
20261003-191547-0744	CP-8	Antiphon.Tests.Application.AgentTaskLandingStateTests	C448_V31_VerificationEvidenceMustDescribeTheExactCommit	Passed	76940b99-8046-946f-0189-e7178c841ed4	-
20261003-191547-0744	CP-8	Antiphon.Tests.Application.AgentTaskLandingStateTests	C448_V31_VerificationEvidenceMustDescribeTheExactCommit	Passed	0cb74f09-cbab-3df0-40fd-59854130075e	-
20261003-191547-0744	CP-8	Antiphon.Tests.Application.AgentTaskLandingStateTests	C448_V31_VerificationEvidenceMustDescribeTheExactCommit	Passed	88f60f78-b845-cf6e-918b-77cf1b07bc24	-
20261003-191547-0744	CP-8	Antiphon.Tests.Application.AgentTaskLandingStateTests	C448_V31_VerificationEvidenceMustDescribeTheExactCommit	Passed	37ce11a4-2f1a-9134-ec7b-0e9ab21a1bbc	-
20261003-191547-0744	CP-8	Antiphon.Tests.Application.AgentTaskLandingStateTests	C448_V31_VerificationEvidenceMustDescribeTheExactCommit	Passed	31bade75-50a7-cf86-87b1-25e93dc70df2	-
20261003-191547-0744	CP-8	Antiphon.Tests.Application.AgentTaskLandingStateTests	C448_V31_VerificationEvidenceMustDescribeTheExactCommit	Passed	654cccc1-9e7b-7a69-e34a-ac6cf231f7ab	-
20261003-191547-0744	CP-8	Antiphon.Tests.Application.AgentTaskLandingStateTests	C448_V31_VerificationEvidenceMustDescribeTheExactCommit	Passed	bf3b05d5-e4d3-8908-b544-0c732e38e3af	-
20261003-191547-0744	CP-8	Antiphon.Tests.Application.AgentTaskLandingStateTests	C448_V31_VerificationEvidenceMustDescribeTheExactCommit	Passed	1b401f39-09d9-a0a8-fc9c-8c4fbc1ac53b	-
20261003-191547-0744	CP-8	Antiphon.Tests.Application.AgentTaskLandingStateTests	C688_SchemaThreeArms	Passed	a187dcd1-e07e-0b64-5d38-2cbda9482106	-
20261003-191547-0744	CP-8	Antiphon.Tests.Application.AgentTaskLandingStateTests	C488_V2ReceiptNeedsRequestBinding	Passed	70cf564e-0094-ae10-f553-fc9feedf48a3	-
20261003-191547-0744	CP-8	Antiphon.Tests.Application.AgentTaskLandingStateTests	C688_SchemaThreeArms	Passed	50ebd67c-6816-7730-ff41-58fa28c575bc	-
20261003-191547-0744	CP-8	Antiphon.Tests.Application.AgentTaskLandingStateTests	RR_V7_RefusedReplacementEligibilityDependsOnlyOnAdmission	Passed	e930a168-26fd-1dc2-0244-03001d1fbb1c	-
20261003-191547-0744	CP-8	Antiphon.Tests.Application.AgentTaskLandingStateTests	C688_SchemaThreeArms	Passed	7736230f-6f10-28e9-bbbc-35def0f18612	-
20261003-191547-0744	CP-8	Antiphon.Tests.Application.AgentTaskLandingStateTests	RR_V7_RefusedReplacementEligibilityDependsOnlyOnAdmission	Passed	2d9f4b54-fd43-e2f2-6d3c-aa6f72613d52	-
20261003-191547-0744	CP-8	Antiphon.Tests.Application.AgentTaskLandingStateTests	RR_V7_RefusedReplacementEligibilityDependsOnlyOnAdmission	Passed	43af5007-92b5-b628-11c3-1095811bd45a	-
20261003-191547-0744	CP-8	Antiphon.Tests.Application.AgentTaskLandingStateTests	RR_V7_RefusedReplacementEligibilityDependsOnlyOnAdmission	Passed	89943f8a-7a13-2a3f-ce4e-537823c0145a	-
20261003-191547-0744	CP-8	Antiphon.Tests.Application.AgentTaskLandingStateTests	RR_V7_RefusedReplacementEligibilityDependsOnlyOnAdmission	Passed	8c5bf415-981a-0db3-6b1a-a8f95cfc2ca9	-
20261003-191547-0744	CP-8	Antiphon.Tests.Application.AgentTaskLandingStateTests	RR_V7_RefusedReplacementEligibilityDependsOnlyOnAdmission	Passed	d8ed6fed-228f-7d58-ec96-700882aaafd2	-
20261003-191547-0744	CP-8	Antiphon.Tests.Application.AgentTaskLandingStateTests	RR_V7_RefusedReplacementEligibilityDependsOnlyOnAdmission	Passed	db3b99f3-2255-588a-700a-ab585e9a18d5	-
20261003-191547-0744	CP-8	Antiphon.Tests.Application.AgentTaskLandingStateTests	RR_V7_RefusedReplacementEligibilityDependsOnlyOnAdmission	Passed	161669c1-c9a9-fde1-c400-c4e05f8d1c31	-
20261003-191547-0744	CP-8	Antiphon.Tests.Application.AgentTaskLandingStateTests	RR_V7_RefusedReplacementEligibilityDependsOnlyOnAdmission	Passed	b2dc1fb2-7692-dd02-b814-2f8f1222a537	-
20261003-191547-0744	CP-8	Antiphon.Tests.Application.AgentTaskLandingStateTests	RR_V7_RefusedReplacementEligibilityDependsOnlyOnAdmission	Passed	2dd224c6-f9e9-b290-4875-d3d3fbda1c62	-
20261003-191547-0744	CP-8	Antiphon.Tests.Application.AgentTaskLandingStateTests	RR_V7_RefusedReplacementEligibilityDependsOnlyOnAdmission	Passed	93426b96-5bfd-2a5f-4353-d01debc574bc	-
20261003-191547-0744	CP-8	Antiphon.Tests.Application.AgentTaskLandingStateTests	RR_V7_RefusedReplacementEligibilityDependsOnlyOnAdmission	Passed	c22d019d-f1a0-9b4e-f88e-8718982a5332	-
20261003-191547-0744	CP-8	Antiphon.Tests.Application.AgentTaskLandingStateTests	RR_V7_RefusedReplacementEligibilityDependsOnlyOnAdmission	Passed	0d24b2dc-81c2-a9b8-e3f3-82e2aeeba4ff	-
20261003-191547-0744	CP-8	Antiphon.Tests.Application.AgentTaskLandingStateTests	RR_V7_RefusedReplacementEligibilityDependsOnlyOnAdmission	Passed	bd5595dc-2bda-805c-aa56-52c2833c7411	-
20261003-191547-0744	CP-8	Antiphon.Tests.Application.AgentTaskLandingStateTests	RR_V7_RefusedReplacementEligibilityDependsOnlyOnAdmission	Passed	16273584-a230-0b29-b825-20059325f451	-
20261003-191547-0744	CP-8	Antiphon.Tests.Application.AgentTaskLandingStateTests	C711_TargetRaceRefusalPolicy	Passed	76abbcc2-2b23-2364-46e0-ac949f1fc675	-
20261003-191547-0744	CP-8	Antiphon.Tests.Application.AgentTaskLandingStateTests	C711_TargetRaceRefusalPolicy	Passed	33bf1fe6-8f14-5ac8-ccac-183cda30cbaa	-
20261003-191547-0744	CP-8	Antiphon.Tests.Application.AgentTaskLandingStateTests	C688_SchemaThreeArms	Passed	900b26d4-d0f6-8189-82a1-810d91a243b3	-
20261003-191547-0744	CP-8	Antiphon.Tests.Application.AgentTaskLandingStateTests	C711_TargetRaceRefusalPolicy	Passed	53968cec-1ebf-c1e1-884f-b56b47db1f90	-
20261003-191547-0744	CP-8	Antiphon.Tests.Application.AgentTaskLandingStateTests	C711_TargetRaceRefusalPolicy	Passed	74d3a776-de1f-feec-d648-326a7884f139	-
20261003-191547-0744	CP-8	Antiphon.Tests.Application.AgentTaskLandingStateTests	C711_TargetRaceRefusalPolicy	Passed	2edbd29f-542c-061f-454a-6905112b9463	-
20261003-191547-0744	CP-8	Antiphon.Tests.Application.AgentTaskLandingStateTests	C711_TargetRaceRefusalPolicy	Passed	08fa7c86-1a9f-2e01-866d-2065dbbc2884	-
20261003-191547-0744	CP-8	Antiphon.Tests.Application.AgentTaskLandingStateTests	C711_TargetRaceRefusalPolicy	Passed	3165b5dc-2f11-b7a9-9ede-339c36a37da9	-
20261003-191547-0744	CP-8	Antiphon.Tests.Application.AgentTaskLandingStateTests	C711_TargetRaceRefusalPolicy	Passed	d8dd9945-b56b-d120-b46c-e5eab8c7b8b2	-
20261003-191547-0744	CP-8	Antiphon.Tests.Application.AgentTaskLandingStateTests	C711_TargetRaceRefusalPolicy	Passed	278f7997-04a2-7c21-becb-63fd0eb81d50	-
20261003-191547-0744	CP-8	Antiphon.Tests.Application.AgentTaskLandingStateTests	RR_V7_RefusedReplacementEligibilityDependsOnlyOnAdmission	Passed	281d12bb-7048-eb25-bbcc-439815ba2b69	-
20261003-191547-0744	CP-8	Antiphon.Tests.Application.AgentTaskLandingStateTests	RR_V7_RefusedReplacementEligibilityDependsOnlyOnAdmission	Passed	7e6a20cf-dfed-7eb7-dc62-f775c7bb6ce1	-
20261003-191547-0744	CP-8	Antiphon.Tests.Application.AgentTaskLandingStateTests	C711_TargetRaceRefusalPolicy	Passed	c2233c0e-eb7a-05fe-bc37-f6c7ea11e362	-
20261003-191547-0744	CP-8	Antiphon.Tests.Application.AgentTaskLandingStateTests	RR_V7_RefusedReplacementEligibilityDependsOnlyOnAdmission	Passed	325e043f-6899-4462-0ebe-85cf0955e1fe	-
20261003-191547-0744	CP-8	Antiphon.Tests.Application.AgentTaskLandingStateTests	RR_V7_RefusedReplacementEligibilityDependsOnlyOnAdmission	Passed	b373f566-16c6-adab-10c8-23291e299fe8	-
20261003-191547-0744	CP-8	Antiphon.Tests.Application.AgentTaskLandingStateTests	C688_SchemaThreeArms	Passed	5353bb36-f30f-fb48-ba35-f12fcd66a8ac	-
20261003-191547-0744	CP-8	Antiphon.Tests.Application.AgentTaskLandingStateTests	C448_V22_StageDurationsUseTheirOwnAcknowledgedIntervals	Passed	e2206e84-c015-31c7-5da4-4c02e6bb5e33	-
20261003-191547-0744	CP-8	Antiphon.Tests.Application.AgentTaskLandingStateTests	C448_V31_TransitionsRequireEvidence	Passed	f3b7d1d7-c3ef-6d00-d4ce-ff7bd63d296a	-
20261003-191547-0744	CP-8	Antiphon.Tests.Application.AgentTaskLandingStateTests	C448_V17_ResolvedInterruptedRebaseCanOpenNewOperation	Passed	ab5c7359-2f98-69c2-1adb-2d64db8eb734	-
20261003-191547-0744	CP-8	Antiphon.Tests.Application.AgentTaskLandingStateTests	C448_V17_ResolvedInterruptedRebaseCanOpenNewOperation	Passed	20b00dd9-97d4-6d19-b7de-f7f134c77a2e	-
20261003-191547-0744	CP-8	Antiphon.Tests.Application.AgentTaskLandingStateTests	C448_V17_ResolvedInterruptedRebaseCanOpenNewOperation	Passed	461601b9-c73f-6851-09d5-c8fa305b2657	-
20261003-191547-0744	CP-8	Antiphon.Tests.Application.AgentTaskLandingStateTests	RR_V7_RefusedReplacementEligibilityDependsOnlyOnAdmission	Passed	0a226f6e-4f0c-f9e3-6d08-2502585fcd10	-
20261003-191547-0744	CP-8	Antiphon.Tests.Application.AgentTaskLandingStateTests	RR_V7_RefusedReplacementEligibilityDependsOnlyOnAdmission	Passed	89ef3e6c-7dad-b88a-12b5-f11b5ca9598f	-
20261003-191547-0744	CP-8	Antiphon.Tests.Application.AgentTaskLandingStateTests	RR_V7_RefusedReplacementEligibilityDependsOnlyOnAdmission	Passed	4b5bb0f9-0c62-0d16-b62e-b9c34e3c7788	-
20261003-191547-0744	CP-8	Antiphon.Tests.Application.AgentTaskLandingStateTests	RR_V7_RefusedReplacementEligibilityDependsOnlyOnAdmission	Passed	acb5a564-479b-5b70-cf45-fff62848db41	-
20261003-191547-0744	CP-8	Antiphon.Tests.Application.AgentTaskLandingStateTests	RR_V7_RefusedReplacementEligibilityDependsOnlyOnAdmission	Passed	6b1a4c1a-a524-f81d-55c0-a1c0fd9600a1	-
20261003-191547-0744	CP-8	Antiphon.Tests.Application.AgentTaskLandingStateTests	RR_V7_RefusedReplacementEligibilityDependsOnlyOnAdmission	Passed	4f429665-eede-a8ad-05e6-d84a7491910b	-
20261003-191547-0744	CP-8	Antiphon.Tests.Application.AgentTaskLandingStateTests	C448_V17_ResolvedInterruptedRebaseCanOpenNewOperation	Passed	2e133fa0-7c45-933a-5b8f-fba8962e080d	-
20261003-191547-0744	CP-8	Antiphon.Tests.Application.AgentTaskLandingStateTests	RR_V7_RefusedReplacementEligibilityDependsOnlyOnAdmission	Passed	2e197dd8-83f8-b467-d494-911d175a5705	-
20261003-191547-0744	CP-8	Antiphon.Tests.Application.AgentTaskLandingStateTests	RR_V7_RefusedReplacementEligibilityDependsOnlyOnAdmission	Passed	af22ced3-5f05-cb77-e594-ae4393fb0a57	-
20261003-191547-0744	CP-8	Antiphon.Tests.Application.AgentTaskLandingStateTests	RR_V7_RefusedReplacementEligibilityDependsOnlyOnAdmission	Passed	fb5f04ec-fe52-44f8-aab2-ee20a4b371ab	-
20261003-191547-0744	CP-8	Antiphon.Tests.Application.AgentTaskLandingStateTests	RR_V7_RefusedReplacementEligibilityDependsOnlyOnAdmission	Passed	2830c3a3-858e-c1a1-c477-53575aec1083	-
20261003-191547-0744	CP-8	Antiphon.Tests.Application.AgentTaskLandingStateTests	RR_V7_RefusedReplacementEligibilityDependsOnlyOnAdmission	Passed	54c4f487-cef5-7feb-87de-9d9204a5b390	-
20261003-191547-0744	CP-8	Antiphon.Tests.Application.AgentTaskLandingStateTests	RR_V7_RefusedReplacementEligibilityDependsOnlyOnAdmission	Passed	2d435b5d-2d2f-663b-f765-f38fab933036	-
20261003-191547-0744	CP-8	Antiphon.Tests.Application.AgentTaskLandingStateTests	RR_V7_RefusedReplacementEligibilityDependsOnlyOnAdmission	Passed	a090b875-70d6-6442-7f0f-5d26c1f25165	-
20261003-191547-0744	CP-8	Antiphon.Tests.Application.AgentTaskLivenessTests	ClassifyFailure_process_exit_and_legacy_unknown_are_not_operator_stops	Passed	977ec20b-456b-5d25-4efe-0d4fb4b1e1bc	-
20261003-191547-0744	CP-8	Antiphon.Tests.Application.AgentTaskLivenessTests	ClassifyFailure_ProviderSignInRequired_is_AuthenticationRequired_with_reason_verbatim	Passed	15a2f90b-8773-3a2d-087d-64e1c449014a	-
20261003-191547-0744	CP-8	Antiphon.Tests.Application.AgentTaskLivenessTests	ClassifyFailure_preserves_an_existing_session_failure_reason	Passed	77edc4dd-d415-04a9-92e6-fd60119fd839	-
20261003-191547-0744	CP-8	Antiphon.Tests.Application.AgentTaskLivenessTests	ClassifyFailure_empty_stopped_without_operator_source_is_StoppedBeforeFirstPrompt	Passed	eb2caca6-c3fb-28ba-b409-dd14ab0397d8	-
20261003-191547-0744	CP-8	Antiphon.Tests.Application.AgentTaskLivenessTests	ClassifyFailure_empty_stopped_with_OperatorRequest_names_the_source	Passed	655da7f9-ee42-c77b-42a7-2b629dbff350	-
20261003-191547-0744	CP-8	Antiphon.Tests.Application.AgentTaskLivenessTests	ClassifyFailure_names_SystemRequest_and_ProcessExit_and_reserves_not_recorded_for_Unknown	Passed	c5c72082-1788-5045-7e3c-c36af650d628	-
20261003-191547-0744	CP-8	Antiphon.Tests.Application.AlarmSettingsValidatorTests	defaults_validate_and_nonpositive_values_are_named	Passed	74ea29d2-39c5-f3b9-76a2-1d9ba8db9408	-
20261003-191547-0744	CP-8	Antiphon.Tests.Application.ApiErrorClassifierTests	An_unknown_class_falls_back_to_the_status	Passed	55f3f086-1c96-2195-4ace-07409f848b38	-
20261003-191547-0744	CP-8	Antiphon.Tests.Application.ApiErrorClassifierTests	Fable_5_per_model_cap_text_is_still_a_wall	Passed	25abdcce-ad72-a75a-1610-b878b95aadef	-
20261003-191547-0744	CP-8	Antiphon.Tests.Application.ApiErrorClassifierTests	Nothing_recognizable_is_unknown	Passed	1f488fd5-37dd-8984-9b7a-f49a31f74907	-
20261003-191547-0744	CP-8	Antiphon.Tests.Application.ApiErrorClassifierTests	Http_403_without_capacity_vocabulary_needs_a_human	Passed	fcd34a56-3854-9e6b-ccc3-3e9c74454f80	-
20261003-191547-0744	CP-8	Antiphon.Tests.Application.ApiErrorClassifierTests	Http_403_with_capacity_vocabulary_is_a_wall	Passed	256c167d-b2e9-740f-cf20-64fd16d72229	-
20261003-191547-0744	CP-8	Antiphon.Tests.Application.ApiErrorClassifierTests	Http_402_is_a_wall	Passed	f96517b8-ca3d-a136-fdf2-b936c1e38d7e	-
20261003-191547-0744	CP-8	Antiphon.Tests.Application.ApiErrorClassifierTests	Model_not_found_needs_a_human	Passed	6c6910c8-89aa-1e42-f5d2-ae6a9e39f6e9	-
20261003-191547-0744	CP-8	Antiphon.Tests.Application.ApiErrorClassifierTests	Transport_class_is_Transient	Passed	a8e9418f-7969-2f9d-387e-de743b033ae8	-
20261003-191547-0744	CP-8	Antiphon.Tests.Application.ApiErrorClassifierTests	A_connection_drop_without_a_status_is_transient	Passed	00ddeb49-3836-fa03-8600-2e0d7d33ecf5	-
20261003-191547-0744	CP-8	Antiphon.Tests.Application.ApiErrorClassifierTests	Authentication_failed_needs_a_human	Passed	66524c7f-4675-ee68-05e0-cb2093dba9cf	-
20261003-191547-0744	CP-8	Antiphon.Tests.Application.ApiErrorClassifierTests	A_wall_with_unparseable_reset_text_is_still_a_wall	Passed	5f26f1e9-5dd4-605f-6fc9-f29fd90113d9	-
20261003-191547-0744	CP-8	Antiphon.Tests.Application.ApiErrorClassifierTests	Http_400_needs_a_human	Passed	595bef57-275a-1880-b7e9-b4c4da0d463d	-
20261003-191547-0744	CP-8	Antiphon.Tests.Application.ApiErrorClassifierTests	Server_error_529_is_transient	Passed	bfef2f26-d3a1-28c1-b05b-787d322a8eab	-
20261003-191547-0744	CP-8	Antiphon.Tests.Application.ApiErrorClassifierTests	Rate_limit_is_a_wall	Passed	accdcc8e-02fc-51c3-1d05-04567a6e851f	-
20261003-191547-0744	CP-8	Antiphon.Tests.Application.ApiErrorClassifierTests	Classless_statusless_text_stays_Unknown	Passed	05a63cfe-ec42-aaf3-a78a-d42ad86e932b	-
20261003-191547-0744	CP-8	Antiphon.Tests.Application.ApiErrorClassifierTests	An_unrecognised_class_with_http_401_needs_a_human	Passed	7078278e-4fab-67c1-2409-46b043b99631	-
20261003-191547-0744	CP-8	Antiphon.Tests.Application.ApiErrorRetryScheduleTests	wall_parks_at_three_consecutive_deaths	Passed	1d2bc3bc-1181-fc42-053e-1d9ca599751a	-
20261003-191547-0744	CP-8	Antiphon.Tests.Application.ApiErrorRetryScheduleTests	unknown_give_up_is_the_attempt_cap	Passed	5fb744f6-0831-2189-ee7c-8d58be9a91e2	-
20261003-191547-0744	CP-8	Antiphon.Tests.Application.ApiErrorRetryScheduleTests	needs_human_never_schedules	Passed	d6695f71-7421-01c0-d6eb-f099611327b6	-
20261003-191547-0744	CP-8	Antiphon.Tests.Application.ApiErrorRetryScheduleTests	unknown_shares_the_transient_ladder	Passed	eb85c667-8944-c1e5-dc63-dd57428da9bf	-
20261003-191547-0744	CP-8	Antiphon.Tests.Application.ApiErrorRetryScheduleTests	clamped_input_still_produces_a_rung	Passed	3093dbc2-c615-b6ac-bdda-9deba3605a57	-
20261003-191547-0744	CP-8	Antiphon.Tests.Application.ApiErrorRetryScheduleTests	wall_enters_at_the_30_minute_rung_then_hourly	Passed	4d57a8c3-d75c-4865-5ea0-5c69a7e0dfde	-
20261003-191547-0744	CP-8	Antiphon.Tests.Application.ApiErrorRetryScheduleTests	transient_rungs_are_1_3_5_10_30_60_then_hourly	Passed	dde460b4-f08f-ddbf-9f5c-48f484ab080f	-
20261003-191547-0744	CP-8	Antiphon.Tests.Application.AreaMapContractTests	every_glob_names_something_that_exists_in_the_tree	Passed	e4413203-6f1d-d968-29f4-2b93e5ff2f1a	-
20261003-191547-0744	CP-8	Antiphon.Tests.Application.AreaMapContractTests	every_area_name_is_a_name_and_not_a_path	Passed	b0f0e15e-e20d-3bd7-a850-74eeca72a68b	-
20261003-191547-0744	CP-8	Antiphon.Tests.Application.AreaMapContractTests	docs_is_the_only_area_weighted_allow	Passed	af93e8bc-9683-f9d8-ea5f-806707548e1e	-
20261003-191547-0744	CP-8	Antiphon.Tests.Application.AreaMapContractTests	no_glob_collapses_to_a_directory_another_area_owns_wholesale	Passed	c369816c-aff8-4521-c1bd-ecb812fe21cb	-
20261003-191547-0744	CP-8	Antiphon.Tests.Application.AreaMapContractTests	no_glob_has_an_empty_literal_prefix	Passed	a8227361-b8ab-d0e7-d886-63b160afcafa	-
20261003-191547-0744	CP-8	Antiphon.Tests.Application.AreaMapContractTests	the_repos_own_map_loads	Passed	9d43be42-2893-a286-61b5-630d8edc5611	-
20261003-191547-0744	CP-8	Antiphon.Tests.Application.AreaMapLoaderTests	a_repo_with_no_map_has_no_areas	Passed	ac4703a1-a518-9ec7-2ebd-1f7af58e9eda	-
20261003-191547-0744	CP-8	Antiphon.Tests.Application.AreaMapLoaderTests	a_null_repo_path_has_no_areas	Passed	d028da7d-b922-9c0d-78c0-ec2906738e69	-
20261003-191547-0744	CP-8	Antiphon.Tests.Application.AreaMapLoaderTests	a_malformed_map_is_empty_rather_than_fatal	Passed	e5065a52-e808-1125-918b-ea370856f69b	-
20261003-191547-0744	CP-8	Antiphon.Tests.Application.AreaMapLoaderTests	weight_defaults_to_serialise_and_allow_is_parsed	Passed	61aa78b3-5d58-bac5-49f1-152312d0686f	-
20261003-191547-0744	CP-8	Antiphon.Tests.Application.AreaMapLoaderTests	comments_and_trailing_commas_are_tolerated	Passed	2850fea7-44c5-fea9-1eff-a4bb072b0538	-
20261003-191547-0744	CP-8	Antiphon.Tests.Application.AreaMapLoaderTests	names_are_matched_case_insensitively	Passed	2ab2fd6f-2d27-f4b1-6353-20f0a4f8ec8b	-
20261003-191547-0744	CP-8	Antiphon.Tests.Application.AreaMapLoaderTests	an_edited_map_is_reloaded_rather_than_served_from_the_cache	Passed	ab7d3ada-b75f-fed7-e924-31b4d7216893	-
20261003-191547-0744	CP-8	Antiphon.Tests.Application.AreaMapLoaderTests	an_area_with_no_paths_is_skipped_and_the_rest_of_the_map_survives	Passed	90d493d3-2822-9101-0711-317205c99e42	-
20261003-191547-0744	CP-8	Antiphon.Tests.Application.AreaMapLoaderTests	a_map_that_disappears_falls_back_to_no_areas	Passed	c9363e2f-aadb-a5d0-78cf-413be57b388c	-
20261003-191547-0744	CP-8	Antiphon.Tests.Application.AttentionKindWireTests	Runner_and_task_input_kinds_keep_their_server_json_names	Passed	8036cdf0-e306-f33b-4818-d3b3f0cbbace	-
20261003-191547-0744	CP-8	Antiphon.Tests.Application.AttentionKindWireTests	Every_attention_kind_has_a_distinct_wire_value	Passed	00413a16-8b23-4b28-5349-f4c8c0fc3e6a	-
20261003-191547-0744	CP-8	Antiphon.Tests.Application.AttentionKindWireTests	Host_cleanup_kinds_have_distinct_appended_values_and_json_names	Passed	7fe9c9d4-a943-0b75-a7aa-75b7d8a1fb09	-
20261003-191547-0744	CP-8	Antiphon.Tests.Application.AwayDigestFormatterTests	Ping_first_line_carries_the_short_task_id	Passed	c28c46b3-04fd-c216-0d3b-ac42af5d3de9	-
20261003-191547-0744	CP-8	Antiphon.Tests.Application.AwayDigestFormatterTests	A_waiting_decision_makes_a_digest_that_is_never_quiet	Passed	d0e595c7-362b-802a-fb22-6de76af495d8	-
20261003-191547-0744	CP-8	Antiphon.Tests.Application.AwayDigestFormatterTests	Incident_ping_is_phone_sized_and_carries_the_agent_link	Passed	ed90d016-8f0a-1ffc-8396-e658bf8397bd	-
20261003-191547-0744	CP-8	Antiphon.Tests.Application.AwayDigestFormatterTests	Digest_lists_waiting_decisions_after_needs_you_and_folds_past_five	Passed	2be5531c-071c-05ba-20cc-755c6c0f8ee5	-
20261003-191547-0744	CP-8	Antiphon.Tests.Application.AwayDigestFormatterTests	Decision_ping_first_line_carries_the_card_identifier	Passed	beb15790-0f53-e314-aa56-f0e7b6c99a63	-
20261003-191547-0744	CP-8	Antiphon.Tests.Application.AwayDigestFormatterTests	the_ping_carries_the_question_not_the_report_head	Passed	f612555e-b612-c346-4f70-0de8065bc841	-
20261003-191547-0744	CP-8	Antiphon.Tests.Application.AwayDigestFormatterTests	Formats_five_rows_then_a_fold_and_honours_the_hard_cap	Passed	313969b8-2452-dece-db77-516d38d86256	-
20261003-191547-0744	CP-8	Antiphon.Tests.Application.AwayDigestFormatterTests	Quiet_and_idle_empty_shapes_are_distinct	Passed	62f350f6-f8e9-c9d2-cfc0-03628f94190d	-
20261003-191547-0744	CP-8	Antiphon.Tests.Application.BlockedQuestionTests	replied_event_detail_carries_origin_round_and_text	Passed	fd462efa-be13-65e6-e2c2-9f3ef0b80a6a	-
20261003-191547-0744	CP-8	Antiphon.Tests.Application.BlockedQuestionTests	blocked_event_detail_carries_the_question	Passed	8c68f016-5631-6813-1048-441e0573ff11	-
20261003-191547-0744	CP-8	Antiphon.Tests.Application.BlockedQuestionTests	crlf_reports_extract_the_same_as_lf	Passed	80c7ab39-08cf-b5e2-2620-b315038d3d4f	-
20261003-191547-0744	CP-8	Antiphon.Tests.Application.BlockedQuestionTests	a_question_that_is_the_whole_report_has_no_context	Passed	270d5625-a52f-c889-1cbe-8ac2f211cc33	-
20261003-191547-0744	CP-8	Antiphon.Tests.Application.BlockedQuestionTests	a_trailing_question_paragraph_is_the_question_and_the_rest_is_context	Passed	d0a08c7e-7f29-fd59-db9d-7cba4d4296fd	-
20261003-191547-0744	CP-8	Antiphon.Tests.Application.BlockedQuestionTests	a_two_line_question_paragraph_keeps_both_lines	Passed	29e8829c-ec9d-7ef4-0222-edafe0e5cf43	-
20261003-191547-0744	CP-8	Antiphon.Tests.Application.BlockedQuestionTests	a_report_with_no_trailing_question_is_not_extracted	Passed	db2bf439-4cee-a3e7-2e30-a9e50551bb1d	-
20261003-191547-0744	CP-8	Antiphon.Tests.Application.BoardServiceNeedsHumanReviewTests	Rated_Human_clears_needs_review	Passed	de16ec6f-5999-df89-2f77-ca215ee79629	-
20261003-191547-0744	CP-8	Antiphon.Tests.Application.BoardServiceNeedsHumanReviewTests	Export_origin_does_not_need_review	Passed	75d62f06-306e-e49b-425a-8468d937c727	-
20261003-191547-0744	CP-8	Antiphon.Tests.Application.BoardServiceNeedsHumanReviewTests	Unjudged_author_does_not_need_review	Passed	338b9306-0b77-aa6f-69d5-4786252203d5	-
20261003-191547-0744	CP-8	Antiphon.Tests.Application.BoardServiceNeedsHumanReviewTests	Operator_author_does_not_need_review	Passed	0839faf5-2efd-a49b-d86c-ef39c3e18a58	-
20261003-191547-0744	CP-8	Antiphon.Tests.Application.BoardServiceNeedsHumanReviewTests	Archived_clears_needs_review	Passed	63095c39-69d2-8935-3e4b-5c182b7c4f19	-
20261003-191547-0744	CP-8	Antiphon.Tests.Application.BoardServiceNeedsHumanReviewTests	Moved_to_InProgress_clears_needs_review	Passed	876fe528-7784-beb7-d44c-7c5ab04180c8	-
20261003-191547-0744	CP-8	Antiphon.Tests.Application.BoardServiceNeedsHumanReviewTests	Import_from_non_operator_still_Auto_in_Backlog_needs_review	Passed	8ac36ee1-ea7d-3374-6d0b-df7fb1ab3a0c	-
20261003-191547-0744	CP-8	Antiphon.Tests.Application.BootWedgeContractTests	boot_wedge_relaunch_limit_defaults_to_one	Passed	58769203-3baf-1ef0-b2f4-2e6031fd0156	-
20261003-191547-0744	CP-8	Antiphon.Tests.Application.BootWedgeContractTests	boot_wedged_is_appended_after_queued_input_never_converted	Passed	c945e996-1ab6-4d1f-b7bf-16d90df048f6	-
20261003-191547-0744	CP-8	Antiphon.Tests.Application.CapacityRecoveryPolicyTests	Card0412_V08_oldest_blocked_then_id	Passed	523eaf24-fcc2-beba-ea15-efe919b01db5	-
20261003-191547-0744	CP-8	Antiphon.Tests.Application.CapacityRecoveryPolicyTests	Card0412_V26_settings_bounds	Passed	96186fe9-68fd-fb14-3dad-f510e171c5eb	-
20261003-191547-0744	CP-8	Antiphon.Tests.Application.CapacityRecoveryPolicyTests	Card0412_V08_enqueue_does_not_consume_attempts	Passed	45f62d44-6e2c-d7b3-cc60-5a0ce96a38f6	-
20261003-191547-0744	CP-8	Antiphon.Tests.Application.CapacityRecoveryPolicyTests	Card0412_V08_grant_candidates_include_admitted_awaiting_revalidation	Passed	df1ddc5b-2b53-7705-f2e8-d33d7f7fb508	-
20261003-191547-0744	CP-8	Antiphon.Tests.Application.CapacityRecoveryPolicyTests	Card0412_V08_checked_in_jitter_vectors	Passed	d017b142-136d-3903-9444-c284b9914b7f	-
20261003-191547-0744	CP-8	Antiphon.Tests.Application.CapacityRecoveryPolicyTests	Card0412_V26_unspecified_attempts_honor_wall_death_cap	Passed	ff040f18-a381-327e-f982-2bff460b36aa	-
20261003-191547-0744	CP-8	Antiphon.Tests.Application.CapacityRecoveryPolicyTests	Card0412_V08_default_spacing_and_inclusive_jitter	Passed	ebedfc4c-c424-d10a-8211-1e02c28334cf	-
20261003-191547-0744	CP-8	Antiphon.Tests.Application.CapacityRecoveryPolicyTests	Card0412_V08_eligible_at_adds_stable_jitter	Passed	81f35a33-f24b-d366-5288-459444ac3d25	-
20261003-191547-0744	CP-8	Antiphon.Tests.Application.CardAliasNormalizationTests	Rejects_a_sixth_word	Passed	6eb2f059-b4b4-56f5-0819-0a982efc7127	-
20261003-191547-0744	CP-8	Antiphon.Tests.Application.CardAliasNormalizationTests	Accepts_five_words_at_the_character_cap	Passed	5be9831e-dbc4-2f4c-11cb-ac0e35251eed	-
20261003-191547-0744	CP-8	Antiphon.Tests.Application.CardAliasNormalizationTests	Rejects_an_over_length_value_after_collapse	Passed	cb2f44fb-b149-4885-d014-72fc08d4cdbd	-
20261003-191547-0744	CP-8	Antiphon.Tests.Application.CardAliasNormalizationTests	Board_projection_exposes_the_stored_alias	Passed	9b229def-aad6-7f19-c8a5-453a5d336651	-
20261003-191547-0744	CP-8	Antiphon.Tests.Application.CardAliasNormalizationTests	Trims_and_collapses_internal_whitespace	Passed	be6f6640-a9be-5a98-2e29-11b34c5069c1	-
20261003-191547-0744	CP-8	Antiphon.Tests.Application.CardAliasNormalizationTests	Blank_input_normalizes_to_null	Passed	1b0a3733-f1d3-ed94-ed2a-d37d7dec6ecf	-
20261003-191547-0744	CP-8	Antiphon.Tests.Application.CardAliasNormalizationTests	Rejects_a_newline	Passed	fa62703e-9bf5-00c9-3468-f3bc468d93df	-
20261003-191547-0744	CP-8	Antiphon.Tests.Application.CardFilePolicyTests	Public_projection_has_no_entity_or_private_note_input	Passed	ee14aeae-8841-2f6c-053b-63afc6fb3dd5	-
20261003-191547-0744	CP-8	Antiphon.Tests.Application.CardFilePolicyTests	Warning_dedup_is_per_board_target_reason	Passed	21fa6916-9869-2d61-5c06-fba89f9bda51	-
20261003-191547-0744	CP-8	Antiphon.Tests.Application.CardFilePolicyTests	Board_repository_card_policy_matrix	Passed	8b82e250-0ea7-a7f0-5849-58b17f538d51	-
20261003-191547-0744	CP-8	Antiphon.Tests.Application.CardFilePolicyTests	Defaults_are_board_off_card_Inherit_notes_empty_repository_Unknown	Passed	3315138f-1bfb-6d9e-10ba-e76993481ad9	-
20261003-191547-0744	CP-8	Antiphon.Tests.Application.CardFilePrivacyDocumentationTests	Owner_contracts_preserve_note_read_prohibition_and_backup_ignore	Passed	23f7e12e-a280-0647-9533-e27e2aae2965	-
20261003-191547-0744	CP-8	Antiphon.Tests.Application.CardIdentifierAllocatorTests	Next_three_times_on_one_instance_is_consecutive_and_distinct	Passed	cccb2288-32ce-bd92-07e1-bd582f733163	-
20261003-191547-0744	CP-8	Antiphon.Tests.Application.CardIdentifierAllocatorTests	Highest_plus_one_across_existing_card_identifiers	Passed	0266498a-17ad-e487-b6cd-83e1be61d82e	-
20261003-191547-0744	CP-8	Antiphon.Tests.Application.CardIdentifierAllocatorTests	Hash_N_is_ignored_and_ANT_N_is_counted	Passed	bf385cd2-6cdb-d740-9b07-72e574ddddce	-
20261003-191547-0744	CP-8	Antiphon.Tests.Application.CardIdentifierAllocatorTests	Archived_shaped_rows_are_counted	Passed	bfbbc783-5f9d-0745-d723-9984352bcfc1	-
20261003-191547-0744	CP-8	Antiphon.Tests.Application.CardRankingOrderTests	Same_rank_later_created_with_position_1_sorts_first	Passed	92ebc2a1-e413-25d1-a8f4-964e78b7d4d0	-
20261003-191547-0744	CP-8	Antiphon.Tests.Application.CardRankingOrderTests	Position_is_ignored_across_different_ranks	Passed	6838e5d2-f3c7-08c9-56f3-91b4dd368883	-
20261003-191547-0744	CP-8	Antiphon.Tests.Application.CardRankingOrderTests	Board_and_renderer_put_a_later_critical_now_ahead_of_low_normal	Passed	e41e67fe-f667-49b7-0357-a3f28c0f963c	-
20261003-191547-0744	CP-8	Antiphon.Tests.Application.CardRankingTests	DueAtSortKey_puts_null_after_any_date	Passed	b8beddbe-ac5b-b50a-8133-9039147b1842	-
20261003-191547-0744	CP-8	Antiphon.Tests.Application.CardRankingTests	Due_windows_are_the_documented_constants	Passed	413f51a5-ac38-8df8-df48-703170774883	-
20261003-191547-0744	CP-8	Antiphon.Tests.Application.CardRankingTests	Quadrant_maps_the_four_eisenhower_cells	Passed	18c168a9-efc5-de9b-b534-d37c31a3c99d	-
20261003-191547-0744	CP-8	Antiphon.Tests.Application.CardRankingTests	FromTrackerScale_maps_the_zero_to_five_adapter_scale	Passed	a2839a35-c8ab-ad04-41a7-90a28790dc13	-
20261003-191547-0744	CP-8	Antiphon.Tests.Application.CardRankingTests	FromTrackedIssue_explicit_label_wins_and_operator_default_is_High	Passed	a4cd3ab5-ec9a-969f-f23f-9266881447ab	-
20261003-191547-0744	CP-8	Antiphon.Tests.Application.CardRankingTests	Rank_ignores_blockedDependants_until_CARD_0100	Passed	28119068-d42a-078d-8ada-3ef14910a2e9	-
20261003-191547-0744	CP-8	Antiphon.Tests.Application.CardRankingTests	Rank_due_date_escalation_moves_a_normal_card_into_the_Now_cell	Passed	d5f697d3-5b56-530e-112f-01b96e9102d1	-
20261003-191547-0744	CP-8	Antiphon.Tests.Application.CardRankingTests	EffectiveUrgency_stored_Now_is_not_lowered_by_a_distant_due_date	Passed	ae16ca19-6bd0-f50e-6832-921acdc46cc8	-
20261003-191547-0744	CP-8	Antiphon.Tests.Application.CardRankingTests	EffectiveUrgency_due_just_past_fourteen_days_does_not_escalate	Passed	2f4fdc86-acc6-226c-b843-5adc8d52e806	-
20261003-191547-0744	CP-8	Antiphon.Tests.Application.CardRankingTests	EffectiveUrgency_due_just_past_three_days_and_within_fourteen_implies_Soon	Passed	ba10d507-7260-0bbf-f591-aa661c5c58c0	-
20261003-191547-0744	CP-8	Antiphon.Tests.Application.CardRankingTests	EffectiveUrgency_due_within_three_days_or_passed_implies_Now	Passed	265820c3-d518-2666-d0ad-cc4bf94c2362	-
20261003-191547-0744	CP-8	Antiphon.Tests.Application.CardRankingTests	Rank_prefers_critical_normal_over_normal_now_and_low_now_over_the_default	Passed	1a54f05a-18af-8992-4197-479c38a816fd	-
20261003-191547-0744	CP-8	Antiphon.Tests.Application.CardRankingTests	Rank_table_matches_the_twelve_cells	Passed	d614ded7-ac43-6eac-a4a8-aed64a0c67ec	-
20261003-191547-0744	CP-8	Antiphon.Tests.Application.CardTaskFileRendererTests	Nullable_keys_and_outcome_are_omitted_on_a_live_card	Passed	32b9d354-6d1e-03b1-624e-54b8ed189bee	-
20261003-191547-0744	CP-8	Antiphon.Tests.Application.CardTaskFileRendererTests	AutoCommit_defaults_false_so_the_first_restart_cannot_commit_unreviewed	Passed	413d131a-7f2a-7e2b-9698-d26bf5c30432	-
20261003-191547-0744	CP-8	Antiphon.Tests.Application.CardTaskFileRendererTests	Outcome_is_present_only_with_a_terminal_reason	Passed	6fdfebd7-cb64-1808-db73-d7c06bc834dc	-
20261003-191547-0744	CP-8	Antiphon.Tests.Application.CardTaskFileRendererTests	Index_group_order_omits_empty_groups_and_orders_inside_a_group	Passed	a42a9b72-005a-a971-7bb5-5d0c31aff30b	-
20261003-191547-0744	CP-8	Antiphon.Tests.Application.CardTaskFileRendererTests	Index_orders_a_later_placed_card_ahead_of_an_older_same_rank_card	Passed	e3ed15d0-25f0-4536-5615-87a58951aca2	-
20261003-191547-0744	CP-8	Antiphon.Tests.Application.CardTaskFileRendererTests	Identifier_sanitising_and_empty_title_slug	Passed	b8d32081-4808-74f0-2e62-d9354e7e5d53	-
20261003-191547-0744	CP-8	Antiphon.Tests.Application.CardTaskFileRendererTests	Frontmatter_and_index_carry_author_and_the_review_marker	Passed	e346c155-7cb8-4ef3-33e2-0f95d2f9ffc4	-
20261003-191547-0744	CP-8	Antiphon.Tests.Application.CardTaskFileRendererTests	Frontmatter_carries_every_record_field_and_quotes_a_hostile_title	Passed	1258fd30-33b5-c3e8-df0b-61e0981fe02b	-
20261003-191547-0744	CP-8	Antiphon.Tests.Application.CardTaskFileRendererTests	YamlQuote_escapes_backslash_and_quotes	Passed	c50420a9-c128-bf2b-3787-4bd12edcc85b	-
20261003-191547-0744	CP-8	Antiphon.Tests.Application.CardTaskFileRendererTests	Slug_rules_cap_at_60_and_collapse_non_alphanumerics	Passed	b810a97e-00dc-cd00-54ce-9aedd6fe415b	-
20261003-191547-0744	CP-8	Antiphon.Tests.Application.CardTaskFileRendererTests	Alias_is_metadata_and_does_not_replace_the_canonical_title	Passed	7810b0bd-dc7a-06e2-8b2d-bd5eca29c0d9	-
20261003-191547-0744	CP-8	Antiphon.Tests.Application.CardWorkflowRunFactoryTests	CreateFromRevision_snapshots_every_stage_in_order_with_queued_status_and_first_stage_pointer	Passed	92d44213-2c09-0bfc-5e31-1aac45b06bcd	-
20261003-191547-0744	CP-8	Antiphon.Tests.Application.ChannelContractsTests	Note_bodies_reference_workspace_files_and_no_reply	Passed	b6e7736f-2bba-5296-ea7c-b16325cd7ee2	-
20261003-191547-0744	CP-8	Antiphon.Tests.Application.ChannelContractsTests	IsNoReply_matches_whole_turn_only	Passed	15684450-c2d7-785b-244c-657a3efeb78b	-
20261003-191547-0744	CP-8	Antiphon.Tests.Application.ChannelContractsTests	Envelope_contains_title_author_username_and_local_time	Passed	f6f9b19f-e507-fd14-9791-9361061573c5	-
20261003-191547-0744	CP-8	Antiphon.Tests.Application.ChannelContractsTests	Direct_message_envelope_omits_title	Passed	ce1f9988-b58b-2eed-434c-147e6d80d928	-
20261003-191547-0744	CP-8	Antiphon.Tests.Application.ChannelContractsTests	Envelope_renders_local_time_in_the_given_zone	Passed	6e7e460e-0520-fe31-2df2-4aee65e83d7c	-
20261003-191547-0744	CP-8	Antiphon.Tests.Application.ChannelContractsTests	Batch_format_places_all_but_newest_under_context_marker	Passed	7828a72c-1f01-a83d-db6c-b52a03271598	-
20261003-191547-0744	CP-8	Antiphon.Tests.Application.ChannelContractsTests	Batch_of_one_uses_plain_envelope	Passed	a3087458-af40-aabe-5d8d-c293259dff6f	-
20261003-191547-0744	CP-8	Antiphon.Tests.Application.ChannelContractsTests	Preset_contains_envelope_reply_contract_no_reply_and_compaction_note	Passed	1af94589-3ac0-f1af-aad1-17445d8043a6	-
20261003-191547-0744	CP-8	Antiphon.Tests.Application.ChannelContractsTests	Slack_preset_adds_threading_guidance_without_changing_the_shared_reply_contract	Passed	767af5f7-df39-9129-e87e-4a9822e81265	-
20261003-191547-0744	CP-8	Antiphon.Tests.Application.ChannelContractsTests	Record_incident_raise_alert_parameter_defaults_to_true	Passed	d98de64a-c72e-087e-22c5-e851abbc31b6	-
20261003-191547-0744	CP-8	Antiphon.Tests.Application.ChannelContractsTests	WithSessionTag_differs_across_session_ids	Passed	76e87239-bfe7-a0fd-326b-b8949b8c4d5e	-
20261003-191547-0744	CP-8	Antiphon.Tests.Application.ChannelContractsTests	WithSessionTag_prefixes_the_short_id_and_leaves_the_body_intact	Passed	4e62b256-7250-2c7b-2653-7a00fb8d6c2a	-
20261003-191547-0744	CP-8	Antiphon.Tests.Application.ChannelContractsTests	Preamble_with_no_bound_channels_says_none_yet	Passed	0cd6e572-f9f7-3429-5bdf-5b1a2b4e0af1	-
20261003-191547-0744	CP-8	Antiphon.Tests.Application.ChannelContractsTests	Preamble_placeholders_render_agent_name_and_bound_channel_titles	Passed	67a33d8d-a6cb-3529-d002-fc8fd7809751	-
20261003-191547-0744	CP-8	Antiphon.Tests.Application.ChannelInboundDebouncerTests	Different_senders_same_conversation_do_not_merge	Passed	3135a507-7236-f38f-5bc0-72b7a94933b9	-
20261003-191547-0744	CP-8	Antiphon.Tests.Application.ChannelInboundDebouncerTests	Hard_cap_flushes_under_continuous_typing	Passed	d1ed1f1d-d30d-36be-6682-2564263817fe	-
20261003-191547-0744	CP-8	Antiphon.Tests.Application.ChannelInboundDebouncerTests	Zero_window_is_synchronous_passthrough	Passed	2ac219fd-180c-58c2-89a3-05f011f6ecd4	-
20261003-191547-0744	CP-8	Antiphon.Tests.Application.ChannelInboundDebouncerTests	Flush_all_drains_pending_lanes_through_their_own_callbacks	Passed	782f9769-4553-916c-5ccc-4838504f39e0	-
20261003-191547-0744	CP-8	Antiphon.Tests.Application.ChannelInboundDebouncerTests	Throwing_flush_is_contained	Passed	4603b702-8f2a-6eaa-c7a8-03776f3e52a8	-
20261003-191547-0744	CP-8	Antiphon.Tests.Application.ChannelInboundDebouncerTests	Different_conversations_never_merge	Passed	3b445d88-2856-aaeb-10a1-72972810803b	-
20261003-191547-0744	CP-8	Antiphon.Tests.Application.ChannelInboundDebouncerTests	Same_sender_messages_within_window_merge_into_one_flush	Passed	0a458075-cb63-c939-336e-224e2cf8da04	-
20261003-191547-0744	CP-8	Antiphon.Tests.Application.ChannelMachineTurnMatchTests	Header_probe_skips_leading_blank_lines_and_empty_body	Passed	9826a96b-e30b-c08a-fe4d-3ef54318059e	-
20261003-191547-0744	CP-8	Antiphon.Tests.Application.ChannelMachineTurnMatchTests	System_and_session_tokens_are_injection_shaped	Passed	da694e9d-15bc-b00d-23c8-d76338ffb3de	-
20261003-191547-0744	CP-8	Antiphon.Tests.Application.ChannelMachineTurnMatchTests	Channel_envelope_and_operator_prose_are_not_injection_shaped	Passed	97bec776-b0c9-5917-e7c6-26d0f7bdb58f	-
20261003-191547-0744	CP-8	Antiphon.Tests.Application.ChannelMachineTurnMatchTests	Flattened_task_done_fails_120_char_body_containment_and_passes_id_and_header	Passed	8ba36f36-4d2c-81e8-2dc9-83f4774a0368	-
20261003-191547-0744	CP-8	Antiphon.Tests.Application.ChannelMachineTurnMatchTests	Superseded_joined_check_header_is_injection_shaped_and_collects_the_check_id	Passed	1292c37f-8638-c359-c089-ca682d127390	-
20261003-191547-0744	CP-8	Antiphon.Tests.Application.ChannelMachineTurnMatchTests	Scheduled_banner_is_injection_shaped_and_has_no_task_id	Passed	6cfae26f-effa-2e29-8a47-ec2bbb76cc38	-
20261003-191547-0744	CP-8	Antiphon.Tests.Application.ChannelMachineTurnMatchTests	Header_probe_is_the_first_line_never_the_report_body	Passed	393c52ac-4f10-961b-0608-c5c34ec03b0e	-
20261003-191547-0744	CP-8	Antiphon.Tests.Application.ChannelMachineTurnMatchTests	Antiphon_task_marker_is_injection_shaped_but_not_a_source_task_id	Passed	3c3e3ae0-6f18-84da-c51b-9e370393c45c	-
20261003-191547-0744	CP-8	Antiphon.Tests.Application.ChannelMachineTurnMatchTests	Check_id_via_conversation_key_matches_the_header_short_id	Passed	74d2c4a8-51d3-2ad0-8706-2ac49120e238	-
20261003-191547-0744	CP-8	Antiphon.Tests.Application.ChannelMachineTurnMatchTests	Batched_two_task_headers_collect_both_ids	Passed	7cff193f-55f8-f6a1-272e-3c7d87c05c94	-
20261003-191547-0744	CP-8	Antiphon.Tests.Application.ChannelOutboundContractTests	Model_keeps_optional_binding_and_unique_delivery_links	Passed	a6451774-e3d5-45e3-3fab-6e1b65e7cb36	-
20261003-191547-0744	CP-8	Antiphon.Tests.Application.ChannelOutboundContractTests	Server_and_gateway_keep_source_and_transport_boundaries	Passed	04066fd0-e5c2-1c8d-6c31-10461bc84e4d	-
20261003-191547-0744	CP-8	Antiphon.Tests.Application.ChannelOutboundEvidenceAccountingTests	Local_marker_cannot_discharge_the_native_receipt_gate	Passed	cdf6bc26-d5a2-5a28-6b09-c585e18dee65	-
20261003-191547-0744	CP-8	Antiphon.Tests.Application.ChannelOutboundEvidenceAccountingTests	Positive_control_needs_named_assertion_red_and_separate_restored_green	Passed	9f2037e7-abda-134b-d9da-fa5070334054	-
20261003-191547-0744	CP-8	Antiphon.Tests.Application.ChannelOutboundEvidenceAccountingTests	Broad_id_tokens_cannot_stand_in_for_assertion_evidence	Passed	90d8ffe8-2e1d-ab25-e28c-a2268875b0b4	-
20261003-191547-0744	CP-8	Antiphon.Tests.Application.ChannelOutboundEvidenceAccountingTests	Zero_tests_skips_and_missing_required_ids_cannot_claim_ordinary_completion	Passed	4d287a33-98a4-071c-8f3f-7b144f2d962a	-
20261003-191547-0744	CP-8	Antiphon.Tests.Application.ChannelOutboundStorageTests	Source_zip_manifest_rejects_unsafe_or_ambiguous_members	Passed	a2dd6fb7-c1de-5b2d-d92c-be4d0e408f13	-
20261003-191547-0744	CP-8	Antiphon.Tests.Application.ChannelOutboundStorageTests	Complete_source_stamp_requires_every_manifested_attachment	Passed	54f7cd3f-3e24-1b83-220d-273e9501ffdd	-
20261003-191547-0744	CP-8	Antiphon.Tests.Application.ChannelOutboundStorageTests	Output_rename_and_link_swap_after_inspection_seals_the_opened_file	Passed	89199b46-e6e4-8004-6389-60cb13027b18	-
20261003-191547-0744	CP-8	Antiphon.Tests.Application.ChannelOutboundStorageTests	Output_manifest_cannot_override_frozen_routing	Passed	2b96fa34-a7a8-dfad-c4cf-b84363ace3b0	-
20261003-191547-0744	CP-8	Antiphon.Tests.Application.ChannelOutboundStorageTests	Worker_created_sealed_reply_cannot_bypass_manifest_validation_on_recovery	Passed	c232519f-23a0-6723-df24-e2be1221b0ec	-
20261003-191547-0744	CP-8	Antiphon.Tests.Application.ChannelOutboundStorageTests	Source_zip_manifest_rejects_unsafe_or_ambiguous_members	Passed	0fb038d1-6f80-6a1c-f34f-cbc07b7f20f7	-
20261003-191547-0744	CP-8	Antiphon.Tests.Application.ChannelOutboundStorageTests	Source_zip_manifest_rejects_unsafe_or_ambiguous_members	Passed	8a0450d6-3a0d-b7f7-5110-870892c203c8	-
20261003-191547-0744	CP-8	Antiphon.Tests.Application.ChannelOutboundStorageTests	Source_zip_manifest_rejects_unsafe_or_ambiguous_members	Passed	7a34aa61-0d01-3f28-54d4-4c7c9117b166	-
20261003-191547-0744	CP-8	Antiphon.Tests.Application.ChannelOutboundStorageTests	Source_zip_manifest_rejects_unsafe_or_ambiguous_members	Passed	494475f0-fde4-f33e-48dd-4a2e81430ea2	-
20261003-191547-0744	CP-8	Antiphon.Tests.Application.ChannelOutboundStorageTests	Source_zip_manifest_rejects_unsafe_or_ambiguous_members	Passed	99b1f27d-94e0-ca54-1436-3883f4a5836d	-
20261003-191547-0744	CP-8	Antiphon.Tests.Application.ChannelOutboundStorageTests	Failed_staging_never_exposes_a_partial_snapshot	Passed	3ae34417-186b-c4ef-8768-f395e627daf9	-
20261003-191547-0744	CP-8	Antiphon.Tests.Application.ChannelOutboundStorageTests	Failed_staging_never_exposes_a_partial_snapshot	Passed	9565512b-9590-4faa-17cc-822faabf2f8d	-
20261003-191547-0744	CP-8	Antiphon.Tests.Application.ChannelOutboundStorageTests	Source_zip_manifest_rejects_unsafe_or_ambiguous_members	Passed	e2f835ea-2704-657b-be28-afe1b315157f	-
20261003-191547-0744	CP-8	Antiphon.Tests.Application.ChannelOutboundStorageTests	Attachment_source_url_does_not_supply_worker_input	Passed	dac9335a-f4be-28fe-80c9-132e8f59e819	-
20261003-191547-0744	CP-8	Antiphon.Tests.Application.ChannelOutboundStorageTests	Inline_and_zip_sources_share_the_expanded_budget	Passed	ee6c69e6-1e12-ee13-5c66-2a8a789c4b12	-
20261003-191547-0744	CP-8	Antiphon.Tests.Application.ChannelOutboundStorageTests	Source_zip_expansion_accepts_exact_budget_and_refuses_one_extra_byte	Passed	634833d9-6be5-3353-57c9-a66956d9f6f6	-
20261003-191547-0744	CP-8	Antiphon.Tests.Application.ChannelOutboundStorageTests	Manifested_zip_sources_are_expanded_from_attached_bytes	Passed	0c36d7b6-c287-5c12-271b-51bc96ea3706	-
20261003-191547-0744	CP-8	Antiphon.Tests.Application.ChannelOutboundStorageTests	Converted_files_are_sealed_with_original_sources_and_frozen_routing	Passed	ecd25182-e194-a075-6b5a-302bc5a71753	-
20261003-191547-0744	CP-8	Antiphon.Tests.Application.ChannelOutboundStorageTests	Source_zip_manifest_rejects_unsafe_or_ambiguous_members	Passed	5e77733d-b06d-3f81-6c43-f07060592b6f	-
20261003-191547-0744	CP-8	Antiphon.Tests.Application.ChannelOutboundStorageTests	Near_default_wire_cap_accepts_exact_serialized_size_and_refuses_one_more_byte	Passed	481533af-6342-91ef-af90-b4da7450cf05	-
20261003-191547-0744	CP-8	Antiphon.Tests.Application.ChannelOutboundStorageTests	Exactly_fourteen_mebibytes_of_original_bytes_can_be_staged	Passed	1b55318b-c520-9413-ccc3-e384d74acdeb	-
20261003-191547-0744	CP-8	Antiphon.Tests.Application.ChannelOutboundStorageTests	Oversized_reply_never_exposes_snapshot_directory	Passed	3e283f3b-8987-5a6b-5bed-13f0634b51e3	-
20261003-191547-0744	CP-8	Antiphon.Tests.Application.ChannelOutboundStorageTests	Frozen_reply_and_input_bytes_survive_source_mutation	Passed	23a6bcf5-3544-fca5-ba89-2da3f43d606a	-
20261003-191547-0744	CP-8	Antiphon.Tests.Application.ChannelOutboundStorageTests	Failed_staging_never_exposes_a_partial_snapshot	Passed	568443dd-b998-e4b2-e90d-d221a2e5388d	-
20261003-191547-0744	CP-8	Antiphon.Tests.Application.ChannelOutboundStorageTests	Failed_staging_never_exposes_a_partial_snapshot	Passed	a54d95b2-c103-a972-d8b7-f62bdd87b666	-
20261003-191547-0744	CP-8	Antiphon.Tests.Application.ChannelOutboundStorageTests	Failed_staging_never_exposes_a_partial_snapshot	Passed	20f79340-4382-f142-0803-cdb78dca2a04	-
20261003-191547-0744	CP-8	Antiphon.Tests.Application.ChannelOutboundStorageTests	Serialized_limit_counts_unicode_metadata_and_base64_at_exact_boundary	Passed	72b5da9c-cc4b-bdd0-1208-7ab3788c9874	-
20261003-191547-0744	CP-8	Antiphon.Tests.Application.ChannelOutboundStorageTests	Source_zip_manifest_rejects_unsafe_or_ambiguous_members	Passed	6babed76-145f-ac8f-f352-ae1aea9736aa	-
20261003-191547-0744	CP-8	Antiphon.Tests.Application.ChannelPromptCorrelationUnitTests	Marker_generation_parsing_and_spoofed_input	Passed	3c4364e7-21c7-8463-07dc-6893e2272ae7	-
20261003-191547-0744	CP-8	Antiphon.Tests.Application.ChannelPromptCorrelationUnitTests	Content_marker_empty_short_and_common_head_negatives	Passed	7e25a095-c818-4ca8-34fa-511128f8e32e	-
20261003-191547-0744	CP-8	Antiphon.Tests.Application.ChannelPromptCorrelationUnitTests	Attempt_eligibility_matrix	Passed	516ff7fc-0253-04e7-768b-c9e38c1448bf	-
20261003-191547-0744	CP-8	Antiphon.Tests.Application.ChannelPromptCorrelationUnitTests	C584_Repair_LegacyCannotClaimMarkedPrompt	Passed	cef5dc0e-48fe-fe33-38a7-4ed1f7248db4	-
20261003-191547-0744	CP-8	Antiphon.Tests.Application.ChannelPromptCorrelationUnitTests	C584_Repair2_MachineOwnershipRequiresCompleteAttempt	Passed	8fe40484-ee1b-1413-1944-c1397e1d510f	-
20261003-191547-0744	CP-8	Antiphon.Tests.Application.ChannelPromptCorrelationUnitTests	Grok_acp_preserves_literal_text	Passed	178afce6-3cdd-03fb-6eb9-431856af3508	-
20261003-191547-0744	CP-8	Antiphon.Tests.Application.ChannelPromptCorrelationUnitTests	Claude_and_codex_preserve_literal_text	Passed	608541fc-8e87-3f15-8593-b3b9c2e178cb	-
20261003-191547-0744	CP-8	Antiphon.Tests.Application.ChannelPromptCorrelationUnitTests	Whole_body_whitespace_positive_matrix	Passed	522a1d22-ed56-2be6-d13f-35fb322a63e0	-
20261003-191547-0744	CP-8	Antiphon.Tests.Application.CheckCompactionContinuationSettingsTests	Only_zero_or_at_least_ten_minutes_validate	Passed	6fc50cc3-e536-a4ce-bd52-c2b15490e584	-
20261003-191547-0744	CP-8	Antiphon.Tests.Application.CheckInterpretationValidatorTests	Card0415_V06_empty_ready_and_noncontract_readings_fail	Passed	90076e4e-b556-a3fb-dade-71654433b028	-
20261003-191547-0744	CP-8	Antiphon.Tests.Application.CheckInterpretationValidatorTests	Card0415_V06_empty_ready_and_noncontract_readings_fail	Passed	b1ab9c41-3c43-021b-bdc8-1e8ab2c97c6e	-
20261003-191547-0744	CP-8	Antiphon.Tests.Application.CheckInterpretationValidatorTests	Card0415_V06_empty_ready_and_noncontract_readings_fail	Passed	073ee378-5707-9468-6c1f-725591320100	-
20261003-191547-0744	CP-8	Antiphon.Tests.Application.CheckInterpretationValidatorTests	Card0415_V06_empty_ready_and_noncontract_readings_fail	Passed	840cebd4-3283-d6a8-af1d-6f4ed564b50a	-
20261003-191547-0744	CP-8	Antiphon.Tests.Application.CheckInterpretationValidatorTests	Card0415_V06_empty_ready_and_noncontract_readings_fail	Passed	4f2d1e7b-ca9f-3534-3823-dd7f07b2ea7e	-
20261003-191547-0744	CP-8	Antiphon.Tests.Application.CheckInterpretationValidatorTests	Card0415_V06_same_Check_and_current_turn_are_required	Passed	42a95a92-2194-ece7-ad23-6a89aa6b5a9e	-
20261003-191547-0744	CP-8	Antiphon.Tests.Application.CheckInterpretationValidatorTests	Card0415_V06_current_done_token_is_required	Passed	db27c445-b252-08c7-d9a5-163159f639c5	-
20261003-191547-0744	CP-8	Antiphon.Tests.Application.CheckInterpretationValidatorTests	Card0415_V06_empty_ready_and_noncontract_readings_fail	Passed	5cee2fcc-7d05-893e-e0e8-eae8c77435ff	-
20261003-191547-0744	CP-8	Antiphon.Tests.Application.CheckInterpretationValidatorTests	Card0415_V06_empty_ready_and_noncontract_readings_fail	Passed	387e90c0-d33b-9607-e2fa-0751bf18ff0d	-
20261003-191547-0744	CP-8	Antiphon.Tests.Application.CheckInterpretationValidatorTests	Card0415_V06_same_Check_and_current_turn_are_required	Passed	68130df9-2a18-db99-e096-897238af534b	-
20261003-191547-0744	CP-8	Antiphon.Tests.Application.CheckInterpretationValidatorTests	Card0415_V06_multiple_physical_lines_fail	Passed	89a16e4d-5626-07d7-0503-fdd8225633d2	-
20261003-191547-0744	CP-8	Antiphon.Tests.Application.CheckInterpretationValidatorTests	Card0415_V06_empty_ready_and_noncontract_readings_fail	Passed	62b3eaf6-42d6-efb3-6699-80e7ddc1e26e	-
20261003-191547-0744	CP-8	Antiphon.Tests.Application.CheckInterpretationValidatorTests	Card0415_V06_multiple_physical_lines_fail	Passed	f0ec0200-1837-7bdb-3539-1177346bf94b	-
20261003-191547-0744	CP-8	Antiphon.Tests.Application.CheckInterpretationValidatorTests	Card0415_V06_multiple_physical_lines_fail	Passed	0b83800b-c75b-d413-4f90-c16252e4f759	-
20261003-191547-0744	CP-8	Antiphon.Tests.Application.CheckInterpretationValidatorTests	Card0415_V06_leftover_markers_fail	Passed	655760f4-1a3f-89bf-7350-48fc3e4f9a84	-
20261003-191547-0744	CP-8	Antiphon.Tests.Application.CheckInterpretationValidatorTests	Card0415_V06_leftover_markers_fail	Passed	56e47344-0c74-0d1b-2bdf-8a22a5419186	-
20261003-191547-0744	CP-8	Antiphon.Tests.Application.CheckInterpretationValidatorTests	Card0415_V06_leftover_markers_fail	Passed	0f5d12fa-49d8-768b-ab52-900b973ba70c	-
20261003-191547-0744	CP-8	Antiphon.Tests.Application.CheckInterpretationValidatorTests	Card0415_V06_current_done_token_is_required	Passed	60de8ee1-fffa-ebe7-bf25-e6b26e50830e	-
20261003-191547-0744	CP-8	Antiphon.Tests.Application.CheckInterpretationValidatorTests	Card0415_V06_current_done_token_is_required	Passed	4fa6a1e6-f6b8-54e5-add6-0e5bf70d939c	-
20261003-191547-0744	CP-8	Antiphon.Tests.Application.CheckInterpretationValidatorTests	Card0415_V06_multiple_physical_lines_fail	Passed	4b2b10c6-1e4d-e35d-c1da-bbcb55953689	-
20261003-191547-0744	CP-8	Antiphon.Tests.Application.CheckInterpretationValidatorTests	Card0415_V06_UTF16_length_counts_surrogate_pairs_and_combining_marks	Passed	0a847d81-602b-7a1a-a94a-6fbbdf45b202	-
20261003-191547-0744	CP-8	Antiphon.Tests.Application.CheckInterpretationValidatorTests	Card0415_V06_length_is_checked_before_presentation	Passed	cc456b43-be2d-947a-c02c-8b00bd9f3a9e	-
20261003-191547-0744	CP-8	Antiphon.Tests.Application.CheckInterpretationValidatorTests	Card0415_V06_length_is_checked_before_presentation	Passed	623eb192-98b1-861e-0fb4-bb817ff80b59	-
20261003-191547-0744	CP-8	Antiphon.Tests.Application.CheckInterpretationValidatorTests	Card0415_V06_current_done_token_is_required	Passed	2e23d76b-29c5-a80e-d714-05249435cde6	-
20261003-191547-0744	CP-8	Antiphon.Tests.Application.CheckInterpretationValidatorTests	Card0415_V06_current_prefixes_and_legitimate_evidence_pass	Passed	6a40f17f-1a78-b9d8-55cf-feb6baf9882e	-
20261003-191547-0744	CP-8	Antiphon.Tests.Application.CheckInterpretationValidatorTests	Card0415_V06_same_Check_and_current_turn_are_required	Passed	5f4d5c27-0d2d-0c7c-7921-817c70d2b292	-
20261003-191547-0744	CP-8	Antiphon.Tests.Application.CheckInterpretationValidatorTests	Card0415_V06_current_prefixes_and_legitimate_evidence_pass	Passed	8378540f-380c-9018-cc13-c016147d9c6a	-
20261003-191547-0744	CP-8	Antiphon.Tests.Application.CheckInterpretationValidatorTests	Card0415_V06_terminal_success_is_required	Passed	0d52d5b6-9fe6-3180-4ec6-ead8d39daa62	-
20261003-191547-0744	CP-8	Antiphon.Tests.Application.CheckInterpretationValidatorTests	Card0415_V06_current_prefixes_and_legitimate_evidence_pass	Passed	6008ee07-4279-af98-4fbe-d22b7b87562c	-
20261003-191547-0744	CP-8	Antiphon.Tests.Application.CheckInterpretationValidatorTests	Card0415_V06_current_prefixes_and_legitimate_evidence_pass	Passed	d397b672-6438-b643-e847-5f959b65aaaf	-
20261003-191547-0744	CP-8	Antiphon.Tests.Application.CheckInterpretationValidatorTests	Card0415_V06_current_done_token_is_required	Passed	fbf0f9ea-439c-40b1-7df0-507af1f6d8de	-
20261003-191547-0744	CP-8	Antiphon.Tests.Application.CheckInterpretationValidatorTests	Card0415_V06_terminal_success_is_required	Passed	4008dfb8-35f8-6533-7d78-aa70aea3c8ad	-
20261003-191547-0744	CP-8	Antiphon.Tests.Application.CheckInterpretationValidatorTests	Card0415_V06_terminal_success_is_required	Passed	538098dc-fdc2-8d69-9212-e7af7e053101	-
20261003-191547-0744	CP-8	Antiphon.Tests.Application.CheckInterpretationValidatorTests	Card0415_V06_length_is_checked_before_presentation	Passed	e82971e8-10e9-4b0c-b0b4-a00afe53bc0f	-
20261003-191547-0744	CP-8	Antiphon.Tests.Application.CheckInterpretationValidatorTests	Card0415_V06_terminal_success_is_required	Passed	28caf178-775b-cb5a-eaf5-4727d4ab7a61	-
20261003-191547-0744	CP-8	Antiphon.Tests.Application.CheckInterpretationValidatorTests	Card0415_V06_current_prefixes_and_legitimate_evidence_pass	Passed	96c3f410-8f4d-2ea0-fd7d-64557fea7268	-
20261003-191547-0744	CP-8	Antiphon.Tests.Application.CheckScheduleBackoffTests	the_ramp_does_not_scale_with_the_declared_duration	Passed	d075013d-04df-51bb-4269-52f14eaddedf	-
20261003-191547-0744	CP-8	Antiphon.Tests.Application.CheckScheduleBackoffTests	the_ramp_stops_climbing_at_the_ceiling	Passed	3a5cb84b-e133-f33d-cfba-935db8d8207b	-
20261003-191547-0744	CP-8	Antiphon.Tests.Application.CheckScheduleBackoffTests	the_ramp_is_a_fibonacci_sequence_from_the_base_capped_at_the_ceiling	Passed	378ca355-cb99-6432-a94e-5c531dd960b5	-
20261003-191547-0744	CP-8	Antiphon.Tests.Application.CheckScheduleBackoffTests	a_degenerate_configuration_still_produces_a_positive_gap	Passed	05458f7e-71ee-a160-c0f9-d76b0326b757	-
20261003-191547-0744	CP-8	Antiphon.Tests.Application.CheckScheduleElapsedTimesTests	a_sixty_minute_task_checks_at_the_decided_elapsed_times	Passed	c41ae8c2-2821-dc38-ba0f-7529f56aa31a	-
20261003-191547-0744	CP-8	Antiphon.Tests.Application.CheckScheduleElapsedTimesTests	a_ten_minute_task_checks_at_the_decided_elapsed_times	Passed	fd28137c-9366-a671-be5d-fea4c1e4e552	-
20261003-191547-0744	CP-8	Antiphon.Tests.Application.CheckScheduleElapsedTimesTests	a_twenty_five_minute_task_checks_at_the_decided_elapsed_times	Passed	d768ca80-9aca-51be-5902-b50616fa89bf	-
20261003-191547-0744	CP-8	Antiphon.Tests.Application.CheckScheduleRoundingTests	an_already_round_value_passes_through_unchanged	Passed	adce7a6e-da44-640e-f715-58bc2fc065bb	-
20261003-191547-0744	CP-8	Antiphon.Tests.Application.CheckScheduleRoundingTests	the_shipped_ramp_sequence_is_unchanged_by_rounding	Passed	2bfe8f81-d2e1-5c90-6166-c74b2e9a0b93	-
20261003-191547-0744	CP-8	Antiphon.Tests.Application.CheckScheduleRoundingTests	a_raw_value_rounds_to_the_decided_case	Passed	5d03fa0d-8120-b69e-a3ad-5379edff01e7	-
20261003-191547-0744	CP-8	Antiphon.Tests.Application.CheckScheduleRoundingTests	a_raw_value_rounds_to_the_decided_case	Passed	6089ccbf-8123-b855-dba3-ea8d6697b5e6	-
20261003-191547-0744	CP-8	Antiphon.Tests.Application.CheckScheduleRoundingTests	a_raw_value_rounds_to_the_decided_case	Passed	e7309e80-beb4-a7bf-a6ae-832af020e305	-
20261003-191547-0744	CP-8	Antiphon.Tests.Application.CheckScheduleRoundingTests	a_raw_value_rounds_to_the_decided_case	Passed	b8951f7c-9a03-cb92-e85e-3660313ea6f7	-
20261003-191547-0744	CP-8	Antiphon.Tests.Application.CheckScheduleRoundingTests	a_raw_value_rounds_to_the_decided_case	Passed	f64ab38e-2572-4e41-7c68-ab7ac710fef1	-
20261003-191547-0744	CP-8	Antiphon.Tests.Application.CheckSpecialistLaunchPolicyTests	Card0415_V08_changed_owned_policy_file_invalidates_arming	Passed	b5525e35-8e3d-f2c9-0c81-ce41356e59cb	-
20261003-191547-0744	CP-8	Antiphon.Tests.Application.CheckSpecialistLaunchPolicyTests	Card0415_V05_hook_disabling_environment_refuses_launch	Passed	fa5c0334-1746-d28a-e4b2-4606aaafe684	-
20261003-191547-0744	CP-8	Antiphon.Tests.Application.CheckSpecialistLaunchPolicyTests	Card0415_V05_uncertified_provider_or_backend_refuses_launch	Passed	077f44d3-a83d-31be-64fc-37f49a38d74a	-
20261003-191547-0744	CP-8	Antiphon.Tests.Application.CheckSpecialistLaunchPolicyTests	Card0415_V05_uncertified_provider_or_backend_refuses_launch	Passed	93244da2-292f-5a0c-f886-ba708b667d85	-
20261003-191547-0744	CP-8	Antiphon.Tests.Application.CheckSpecialistLaunchPolicyTests	Card0415_V05_uncertified_provider_or_backend_refuses_launch	Passed	32aac0b4-d4e7-d85c-cc50-a8a985fec84d	-
20261003-191547-0744	CP-8	Antiphon.Tests.Application.CheckSpecialistLaunchPolicyTests	Card0415_V05_missing_current_contract_refuses_launch	Passed	ac22e9d8-b039-a2f7-fea3-3f6f4522b8bd	-
20261003-191547-0744	CP-8	Antiphon.Tests.Application.CheckSpecialistLaunchPolicyTests	Card0415_V05_launch_rearms_explicit_hooks_without_claiming_certification	Passed	c31e48e7-b6bc-253c-a273-1afb6edfa3bf	-
20261003-191547-0744	CP-8	Antiphon.Tests.Application.CheckSpecialistLaunchPolicyTests	Card0415_V05_hook_disabling_environment_refuses_launch	Passed	23197c78-e3fc-c889-f29b-2e76ed4fabe8	-
20261003-191547-0744	CP-8	Antiphon.Tests.Application.CheckSpecialistLaunchPolicyTests	Card0415_V05_inherited_policy_overrides_refuse_launch	Passed	8abf6978-1db0-ceb0-65e3-cc1ab8217499	-
20261003-191547-0744	CP-8	Antiphon.Tests.Application.CheckSpecialistLaunchPolicyTests	Card0415_V05_inherited_policy_overrides_refuse_launch	Passed	08d13414-52b0-9059-50a1-43088aedc5b1	-
20261003-191547-0744	CP-8	Antiphon.Tests.Application.CheckSpecialistLaunchPolicyTests	Card0415_V05_inherited_policy_overrides_refuse_launch	Passed	1a5af8e4-d567-8134-c3c1-f2a2434eaabb	-
20261003-191547-0744	CP-8	Antiphon.Tests.Application.CheckSpecialistLaunchPolicyTests	Card0415_V05_inherited_policy_overrides_refuse_launch	Passed	723297de-4da9-1c03-2b99-66d14ec6493e	-
20261003-191547-0744	CP-8	Antiphon.Tests.Application.CheckSpecialistLaunchPolicyTests	Card0415_V05_inherited_policy_overrides_refuse_launch	Passed	95faa6ca-18fc-7508-fec0-8f559e5c9d5d	-
20261003-191547-0744	CP-8	Antiphon.Tests.Application.CheckSpecialistLaunchPolicyTests	Card0415_V08_changed_owned_policy_file_invalidates_arming	Passed	30e1f2d1-f4b0-4671-673f-0da07263f63d	-
20261003-191547-0744	CP-8	Antiphon.Tests.Application.CheckSpecialistLaunchPolicyTests	Card0415_V05_inherited_policy_overrides_refuse_launch	Passed	5ecb8899-b91a-4b59-1493-3b18d6319e0b	-
20261003-191547-0744	CP-8	Antiphon.Tests.Application.CheckSpecialistLaunchPolicyTests	Card0415_V05_inherited_policy_overrides_refuse_launch	Passed	023f9c33-3fa1-7ef2-eb5f-5194715811d5	-
20261003-191547-0744	CP-8	Antiphon.Tests.Application.CheckSpecialistLaunchPolicyTests	Card0415_V05_inherited_policy_overrides_refuse_launch	Passed	c4d717fd-9115-05c3-db34-1071deae8f25	-
20261003-191547-0744	CP-8	Antiphon.Tests.Application.CheckSpecialistLaunchPolicyTests	Card0415_V05_inherited_policy_overrides_refuse_launch	Passed	0363cc65-1b2d-c42d-007e-d469b1ccd190	-
20261003-191547-0744	CP-8	Antiphon.Tests.Application.CheckSpecialistLaunchPolicyTests	Card0415_V05_inherited_policy_overrides_refuse_launch	Passed	9abf0f6f-f4ed-961b-e9f8-929e3431f355	-
20261003-191547-0744	CP-8	Antiphon.Tests.Application.CheckSpecialistLaunchPolicyTests	Card0415_V05_inherited_policy_overrides_refuse_launch	Passed	e7ded1ff-1ad3-2e95-e596-fdaf00c13146	-
20261003-191547-0744	CP-8	Antiphon.Tests.Application.CheckpointManifestDocumentationTests	the_doc_section_is_a_selection_readable_table	Passed	5b234070-db62-dbe5-23ea-eb7d362df248	-
20261003-191547-0744	CP-8	Antiphon.Tests.Application.CheckpointManifestDocumentationTests	the_checkpoint_phrases_are_pinned_in_every_copy	Passed	452738d3-098b-f27f-3d6f-092f149e5e99	-
20261003-191547-0744	CP-8	Antiphon.Tests.Application.CheckpointManifestDocumentationTests	the_doc_has_the_build_slots_section	Passed	839a1cd5-5a79-345a-ba4b-9ecb2844a455	-
20261003-191547-0744	CP-8	Antiphon.Tests.Application.CheckpointManifestDocumentationTests	the_code_bundle_reports_slot_per_row	Passed	52c98f12-b1dc-337a-b121-f4e1e528d64b	-
20261003-191547-0744	CP-8	Antiphon.Tests.Application.CheckpointManifestDocumentationTests	the_checkpoint_tool_is_pinned_in_every_copy	Passed	fe6c56a6-7b60-011b-ee25-5c86b1e481f7	-
20261003-191547-0744	CP-8	Antiphon.Tests.Application.CheckpointManifestDocumentationTests	the_review_bundle_names_each_checkpoint_defect	Passed	3034233c-29e5-dfe5-6f41-5c396f1dc891	-
20261003-191547-0744	CP-8	Antiphon.Tests.Application.CheckpointManifestDocumentationTests	the_code_recipe_carries_the_checkpoints_pointer	Passed	34202315-b0d2-ee12-9c4b-0be61437dad8	-
20261003-191547-0744	CP-8	Antiphon.Tests.Application.ClaudeLaunchArgsTests	every_emitted_effort_is_in_the_cli_catalog_and_never_max	Passed	a8be2507-ffcf-c2ed-ab2f-e1624ea292f7	-
20261003-191547-0744	CP-8	Antiphon.Tests.Application.ClaudeLaunchArgsTests	the_flag_is_effort_as_its_own_argv_element	Passed	c8fde473-2170-d1b0-b6af-7698af676b3a	-
20261003-191547-0744	CP-8	Antiphon.Tests.Application.ClaudeLaunchArgsTests	every_tier_names_its_own_effort	Passed	240c4673-cc1d-0574-cc56-ab8224ea277f	-
20261003-191547-0744	CP-8	Antiphon.Tests.Application.ClaudeLaunchArgsTests	every_tier_names_its_own_effort	Passed	e918dbb5-4e42-0854-83fa-639c3113b476	-
20261003-191547-0744	CP-8	Antiphon.Tests.Application.ClaudeLaunchArgsTests	every_tier_names_its_own_effort	Passed	6216a3dd-5fb1-29d6-de64-9ade543f642f	-
20261003-191547-0744	CP-8	Antiphon.Tests.Application.ClaudeLaunchArgsTests	the_effort_ladder_is_monotonic_with_the_tier_ladder	Passed	659e7445-7973-6dfc-cefa-c3125b194e58	-
20261003-191547-0744	CP-8	Antiphon.Tests.Application.ClaudeLaunchArgsTests	every_tier_names_its_own_effort	Passed	4728d5a0-dfc7-9946-582a-4c042afa6972	-
20261003-191547-0744	CP-8	Antiphon.Tests.Application.ClaudeRemoteControlLaunchArgsTests	Non_claude_kinds_leave_args_unchanged	Passed	86a079a8-327d-6a1b-2478-419c931dc69b	-
20261003-191547-0744	CP-8	Antiphon.Tests.Application.ClaudeRemoteControlLaunchArgsTests	ClaudeCode_appends_settings_file_with_exactly_the_off_key	Passed	c271d78b-ef58-25d0-7126-35802aefac95	-
20261003-191547-0744	CP-8	Antiphon.Tests.Application.ClaudeRemoteControlLaunchArgsTests	Non_claude_kinds_leave_args_unchanged	Passed	9ad4bc71-c3fe-9f8f-3ea1-1734d7efdf8d	-
20261003-191547-0744	CP-8	Antiphon.Tests.Application.ClaudeRemoteControlLaunchArgsTests	Non_claude_kinds_leave_args_unchanged	Passed	dc78a139-ba42-1fb6-4d42-1593934d5162	-
20261003-191547-0744	CP-8	Antiphon.Tests.Application.ClaudeRemoteControlLaunchArgsTests	Existing_settings_file_is_merged_and_stays_a_single_flag	Passed	6b451426-1b1c-abf9-3874-0b39c3910537	-
20261003-191547-0744	CP-8	Antiphon.Tests.Application.ClaudeRemoteControlLaunchArgsTests	Runner_path_replaces_a_windows_settings_file	Passed	7210c1c1-7e60-a993-5fdc-8acd3e7acde5	-
20261003-191547-0744	CP-8	Antiphon.Tests.Application.ClaudeRemoteControlLaunchArgsTests	Runner_path_twice_stays_a_single_flag	Passed	b040d383-2eb0-bd5a-9191-5de5e84f5413	-
20261003-191547-0744	CP-8	Antiphon.Tests.Application.ClaudeRemoteControlLaunchArgsTests	ApplyOff_twice_does_not_duplicate_the_flag	Passed	78dabd23-2afb-db28-e6db-fc448d63c822	-
20261003-191547-0744	CP-8	Antiphon.Tests.Application.ClaudeRemoteControlLaunchArgsTests	Off_settings_path_round_trips_through_LaunchArgvGuard	NotExecuted	13ca2c05-8796-c5c5-880e-1b03832d9470	Skipped: CommandLineToArgvW is Windows-only
20261003-191547-0744	CP-8	Antiphon.Tests.Application.ClaudeRemoteControlLaunchArgsTests	Non_claude_kinds_leave_args_unchanged	Passed	435aaf85-4ca0-d6da-51ae-49e6ca290113	-
20261003-191547-0744	CP-8	Antiphon.Tests.Application.ClaudeRemoteControlLaunchArgsTests	Existing_inline_json_settings_are_merged_into_a_file	Passed	312ee2a0-30e8-012a-f21b-cce144d1bfe1	-
20261003-191547-0744	CP-8	Antiphon.Tests.Application.CodexLaunchArgsTests	the_standing_instruction_channel_is_developer_instructions	Passed	9e7ef52f-bfe6-0c62-71f2-74bc34acfee0	-
20261003-191547-0744	CP-8	Antiphon.Tests.Application.CodexLaunchArgsTests	every_tier_names_its_own_reasoning_effort	Passed	da6d8a9d-238d-5d08-9414-a898be69c006	-
20261003-191547-0744	CP-8	Antiphon.Tests.Application.CodexLaunchArgsTests	every_tier_names_its_own_reasoning_effort	Passed	93fcf47e-5905-1294-6d68-c0659902daa0	-
20261003-191547-0744	CP-8	Antiphon.Tests.Application.CodexLaunchArgsTests	every_tier_names_its_own_reasoning_effort	Passed	227d0888-d610-81ae-b802-0f77e39a14c5	-
20261003-191547-0744	CP-8	Antiphon.Tests.Application.CodexLaunchArgsTests	every_tier_names_its_own_reasoning_effort	Passed	40ffac95-ae5c-9ff6-17a9-be71fcea442e	-
20261003-191547-0744	CP-8	Antiphon.Tests.Application.CodexLaunchArgsTests	the_effort_ladder_is_monotonic_with_the_tier_ladder	Passed	889a20a0-ec4a-6f9a-b08e-1646725be48f	-
20261003-191547-0744	CP-8	Antiphon.Tests.Application.CodexLaunchArgsTests	the_instruction_value_is_never_quoted_or_escaped_by_us	Passed	2c3750c0-bf5e-9d71-6d03-13e3fd2c9631	-
20261003-191547-0744	CP-8	Antiphon.Tests.Application.CodexLaunchArgsTests	disable_paste_burst_is_the_top_level_true_override	Passed	0bcb543f-616b-e372-9fbb-8bd411f9fdee	-
20261003-191547-0744	CP-8	Antiphon.Tests.Application.CodexPhoneHomeProjectionTests	Arguments_survive_projection_byte_for_byte	Passed	589efa4d-6a0d-0fa5-c647-b1f2e2ad76c4	-
20261003-191547-0744	CP-8	Antiphon.Tests.Application.CodexPhoneHomeProjectionTests	Runner_gate_admits_codex_worker_tasks_only	Passed	4cea56d0-7e11-d0de-8814-feb08c7171ce	-
20261003-191547-0744	CP-8	Antiphon.Tests.Application.CodexPhoneHomeProjectionTests	Standard_exes_project_with_mirror_and_home	Passed	32e7a5c2-dfe1-92be-927c-a45d41802e40	-
20261003-191547-0744	CP-8	Antiphon.Tests.Application.CodexPhoneHomeProjectionTests	Credential_names_are_refused_without_values	Passed	1a2aac19-6afd-d244-4a9e-343dc53a1484	-
20261003-191547-0744	CP-8	Antiphon.Tests.Application.CodexPhoneHomeProjectionTests	Local_and_pinned_grok_contracts_are_unchanged	Passed	0e98c78c-9fbd-e15a-db81-9e3cc45f9cba	-
20261003-191547-0744	CP-8	Antiphon.Tests.Application.ColumnTextTests	A_surrogate_pair_is_never_split	Passed	720e95dc-a832-a5a2-7e9f-aabd2292725d	-
20261003-191547-0744	CP-8	Antiphon.Tests.Application.ColumnTextTests	A_zero_budget_yields_nothing_rather_than_throwing	Passed	8b2dcf5c-5572-668a-c887-db0c9fcef33d	-
20261003-191547-0744	CP-8	Antiphon.Tests.Application.ColumnTextTests	Text_that_fits_is_returned_unchanged	Passed	162d4f6b-6e4b-5e16-a858-e7f8e5a91e27	-
20261003-191547-0744	CP-8	Antiphon.Tests.Application.ColumnTextTests	WithoutNul_replaces_each_NUL_and_returns_the_same_instance_when_clean	Passed	bf8f42d4-22da-75c1-886a-1b8ce04049f1	-
20261003-191547-0744	CP-8	Antiphon.Tests.Application.ColumnTextTests	Null_survives_as_null	Passed	de307a60-cc9d-b7ee-2ad3-bb0118ead417	-
20261003-191547-0744	CP-8	Antiphon.Tests.Application.ColumnTextTests	Clipping_fits_the_marker_inside_the_budget	Passed	1d76f837-5921-1e51-a864-80da799d1d65	-
20261003-191547-0744	CP-8	Antiphon.Tests.Application.CommitOnSettleDocumentationTests	Docs_name_the_two_leg_recovery_search_and_every_degraded_outcome	Passed	86601714-3dde-9a61-25a2-2a1c814e58fb	-
20261003-191547-0744	CP-8	Antiphon.Tests.Application.CommitOnSettleDocumentationTests	Docs_name_the_flag_the_endpoint_and_the_policy	Passed	86be255d-1782-17c8-fe99-0e25a69e9e05	-
20261003-191547-0744	CP-8	Antiphon.Tests.Application.CommitOnSettlePolicyResolverTests	Resolve_task_then_project_then_global	Passed	50fb65cc-1243-221b-7d92-458253b661e0	-
20261003-191547-0744	CP-8	Antiphon.Tests.Application.CommitOnSettlePolicyResolverTests	Resolve_task_then_project_then_global	Passed	7a5a0a8a-e78a-11db-9f80-538daf6689d8	-
20261003-191547-0744	CP-8	Antiphon.Tests.Application.CommitOnSettlePolicyResolverTests	Resolve_task_then_project_then_global	Passed	461ba6b7-c633-5e8f-82ac-59407b87e785	-
20261003-191547-0744	CP-8	Antiphon.Tests.Application.CommitOnSettlePolicyResolverTests	Resolve_task_then_project_then_global	Passed	c8e378bc-c7c2-366b-45bc-6c4a63696e15	-
20261003-191547-0744	CP-8	Antiphon.Tests.Application.CommitOnSettlePolicyResolverTests	Resolve_task_then_project_then_global	Passed	1b5917fe-8319-88d8-1590-03c53bbfc569	-
20261003-191547-0744	CP-8	Antiphon.Tests.Application.CommitOnSettlePolicyResolverTests	Resolve_task_then_project_then_global	Passed	78d6809d-322a-a753-9930-92f664c63fac	-
20261003-191547-0744	CP-8	Antiphon.Tests.Application.CommitOnSettlePolicyResolverTests	Resolve_task_then_project_then_global	Passed	4062ddad-9e47-07ba-3e45-1128be5c9201	-
20261003-191547-0744	CP-8	Antiphon.Tests.Application.CommitOnSettlePolicyResolverTests	Resolve_task_then_project_then_global	Passed	8cdaaf0f-9e99-5ce9-c577-9b4cacab4723	-
20261003-191547-0744	CP-8	Antiphon.Tests.Application.CommitOnSettlePolicyResolverTests	Resolve_task_then_project_then_global	Passed	b7a858b3-c7a5-97a7-e007-a39e2c879483	-
20261003-191547-0744	CP-8	Antiphon.Tests.Application.CommitOnSettlePolicyResolverTests	Resolve_task_then_project_then_global	Passed	ee2b82d4-d23a-23d2-6386-51f40ca058a5	-
20261003-191547-0744	CP-8	Antiphon.Tests.Application.CommitOnSettlePolicyResolverTests	Resolve_task_then_project_then_global	Passed	f8c6fd56-aa1a-ec2d-bd95-3b0512aa88ff	-
20261003-191547-0744	CP-8	Antiphon.Tests.Application.CommitOnSettlePolicyResolverTests	Resolve_task_then_project_then_global	Passed	01e3c59c-b6f2-0b94-9077-6eee78506b0e	-
20261003-191547-0744	CP-8	Antiphon.Tests.Application.CommitOnSettlePolicyResolverTests	Resolve_task_then_project_then_global	Passed	829d1867-f7f6-0ce4-8ad1-f12233af8f8f	-
20261003-191547-0744	CP-8	Antiphon.Tests.Application.CommitOnSettlePolicyResolverTests	Resolve_task_then_project_then_global	Passed	9c06ed24-1df5-6da0-9cc6-bb64c6df64da	-
20261003-191547-0744	CP-8	Antiphon.Tests.Application.CommitOnSettlePolicyResolverTests	Resolve_task_then_project_then_global	Passed	4f68b98c-9c83-784f-c111-2e8c19db58d3	-
20261003-191547-0744	CP-8	Antiphon.Tests.Application.CommitOnSettlePolicyResolverTests	Resolve_task_then_project_then_global	Passed	a5f1f38f-9967-54f9-3022-85b4b1fc2ad9	-
20261003-191547-0744	CP-8	Antiphon.Tests.Application.CommitOnSettlePolicyResolverTests	Resolve_task_then_project_then_global	Passed	c78dcd9d-a5b0-f747-ded0-5252b6f6e546	-
20261003-191547-0744	CP-8	Antiphon.Tests.Application.CommitOnSettlePolicyResolverTests	Resolve_task_then_project_then_global	Passed	8aeea9a8-f69e-848a-2748-ce683a9f7e28	-
20261003-191547-0744	CP-8	Antiphon.Tests.Application.CommitOnSettlePolicyResolverTests	Resolve_task_then_project_then_global	Passed	904f1174-4228-ec08-07ef-af711d2d98de	-
20261003-191547-0744	CP-8	Antiphon.Tests.Application.CommitOnSettlePolicyResolverTests	Resolve_task_then_project_then_global	Passed	06524dc5-310f-a1b5-7ede-f3616d318adb	-
20261003-191547-0744	CP-8	Antiphon.Tests.Application.CommitOnSettlePolicyResolverTests	Resolve_task_then_project_then_global	Passed	240e8b83-ac72-a105-71f4-510001c30e87	-
20261003-191547-0744	CP-8	Antiphon.Tests.Application.CommitOnSettlePolicyResolverTests	Resolve_task_then_project_then_global	Passed	a52cf830-25e2-4efb-881f-5a750a3ff6f2	-
20261003-191547-0744	CP-8	Antiphon.Tests.Application.CommitOnSettlePolicyResolverTests	Resolve_task_then_project_then_global	Passed	64932a75-e577-8953-9578-1341702abafc	-
20261003-191547-0744	CP-8	Antiphon.Tests.Application.CommitOnSettlePolicyResolverTests	Resolve_task_then_project_then_global	Passed	48a1cc12-8d82-87e3-d7d4-290c480283f3	-
20261003-191547-0744	CP-8	Antiphon.Tests.Application.CommitRecoveryObligationsTests	Describe_names_the_event_the_digest_and_the_recipe	Passed	64dd2dad-11cf-fd3d-dbe9-c0dd81317f45	-
20261003-191547-0744	CP-8	Antiphon.Tests.Application.CommitRecoveryObligationsTests	Abandoned_whose_detail_starts_with_the_started_id_resolves	Passed	3953ff45-6cfc-29f7-e3b3-80b906901a23	-
20261003-191547-0744	CP-8	Antiphon.Tests.Application.CommitRecoveryObligationsTests	Resolution_rows_naming_another_obligation_do_not_resolve	Passed	6f0cb962-40aa-2b0a-1f64-20874006c408	-
20261003-191547-0744	CP-8	Antiphon.Tests.Application.CommitRecoveryObligationsTests	NotNeeded_whose_detail_starts_with_the_started_id_and_a_space_resolves	Passed	adc5962a-1189-a89d-db63-2611a7d9fb7f	-
20261003-191547-0744	CP-8	Antiphon.Tests.Application.CommitRecoveryObligationsTests	Unresolved_lists_a_started_obligation_with_no_resolution	Passed	1788e47b-6e7f-aa4b-e6a9-908f06b64ede	-
20261003-191547-0744	CP-8	Antiphon.Tests.Application.CommitRecoveryObligationsTests	Abandon_builds_the_type_36_row_with_the_prefix_convention	Passed	aca98464-086a-90db-c45a-e1318dfea673	-
20261003-191547-0744	CP-8	Antiphon.Tests.Application.CommitRecoveryObligationsTests	ShouldHold_rules	Passed	d1e25f4e-b112-de15-de43-2bd4467a4fdc	-
20261003-191547-0744	CP-8	Antiphon.Tests.Application.CommitRecoveryObligationsTests	Default_hold_is_720_minutes	Passed	90e46d7d-59fa-d09e-b84d-e9046b5c0e96	-
20261003-191547-0744	CP-8	Antiphon.Tests.Application.CommitRecoveryObligationsTests	Committed_at_or_after_the_start_resolves_and_before_does_not	Passed	3c9a21ef-830e-cd2e-2f41-c9df90c3f758	-
20261003-191547-0744	CP-8	Antiphon.Tests.Application.CompactionContinuationPolicyTests	Latest_arrival_controls_the_ten_minute_boundary	Passed	c8064f13-063e-8a10-1625-9ed4e7469f84	-
20261003-191547-0744	CP-8	Antiphon.Tests.Application.CompactionContinuationPolicyTests	Manual_and_unknown_compaction_never_arm_recovery	Passed	fdf386c9-51dd-cbb0-a651-11e04c2c4ebd	-
20261003-191547-0744	CP-8	Antiphon.Tests.Application.CompactionContinuationPolicyTests	Post_boundary_assistant_work_excludes_silent_continuation	Passed	1f80bed5-a9e5-3d5c-ccea-547b16d76d2b	-
20261003-191547-0744	CP-8	Antiphon.Tests.Application.CompactionContinuationPolicyTests	Ten_minutes_without_a_turn_end_is_insufficient_without_boundary	Passed	6b7a5b88-47e6-c6ea-a3d1-52f61052c13f	-
20261003-191547-0744	CP-8	Antiphon.Tests.Application.CompactionContinuationPolicyTests	Unmatched_tool_before_boundary_is_not_silent	Passed	d61e5b07-3988-5edf-5d75-b613cbbbc3d7	-
20261003-191547-0744	CP-8	Antiphon.Tests.Application.CompactionContinuationPolicyTests	Missing_continuation_never_arms_recovery	Passed	1ba5ff73-2d96-503a-c81b-512cb4e60656	-
20261003-191547-0744	CP-8	Antiphon.Tests.Application.CompactionContinuationPolicyTests	Non_running_session_never_arms_recovery	Passed	41f18644-cbd4-4974-ad21-b8216e3c297d	-
20261003-191547-0744	CP-8	Antiphon.Tests.Application.CompactionContinuationPolicyTests	Non_running_session_never_arms_recovery	Passed	e5b4fc28-fbdc-7160-590a-64509c08a97c	-
20261003-191547-0744	CP-8	Antiphon.Tests.Application.CompactionContinuationPolicyTests	Idle_compaction_never_arms_recovery	Passed	fd5b6378-d5fc-ee36-d504-596a4dc164b5	-
20261003-191547-0744	CP-8	Antiphon.Tests.Application.CompactionContinuationPolicyTests	Historical_backfill_cannot_arm_current_generation	Passed	6d00e96d-7c77-0e99-9bc5-a7de2194e029	-
20261003-191547-0744	CP-8	Antiphon.Tests.Application.CompactionContinuationPolicyTests	Thinking_after_boundary_permanently_disqualifies_it	Passed	f94caa8b-8f2c-8bae-9a63-e26f67b8451f	-
20261003-191547-0744	CP-8	Antiphon.Tests.Application.CompactionContinuationPolicyTests	Tool_call_after_boundary_disqualifies_it	Passed	7c1bf0b7-458f-a3f3-7e5c-5cd84b3a0415	-
20261003-191547-0744	CP-8	Antiphon.Tests.Application.CompactionContinuationPolicyTests	Tool_result_after_boundary_disqualifies_it	Passed	f3c1d15e-e5c9-98fc-6022-4a8b5891515e	-
20261003-191547-0744	CP-8	Antiphon.Tests.Application.CompactionContinuationPolicyTests	Unknown_activity_after_boundary_is_not_silence	Passed	1fb7c227-e656-0b6f-4dac-91e1085d3974	-
20261003-191547-0744	CP-8	Antiphon.Tests.Application.CompactionContinuationPolicyTests	Turn_end_after_boundary_disqualifies_it	Passed	c9288e19-1da2-2f6e-3974-852d74e4d726	-
20261003-191547-0744	CP-8	Antiphon.Tests.Application.CompactionContinuationPolicyTests	Repeated_boundaries_postpone_the_grace	Passed	dbcfa414-8eee-e505-719d-4e154b58cbb2	-
20261003-191547-0744	CP-8	Antiphon.Tests.Application.CompactionContinuationPolicyTests	Non_running_session_never_arms_recovery	Passed	c540de41-4e4d-9a03-24eb-393920fed0bf	-
20261003-191547-0744	CP-8	Antiphon.Tests.Application.CompactionContinuationPolicyTests	Ordinary_prompt_after_boundary_disqualifies_it	Passed	e01e6f7b-a5ce-fde0-bd2c-1c8eca3fbe96	-
20261003-191547-0744	CP-8	Antiphon.Tests.Application.CompactionContinuationPolicyTests	Auto_boundary_with_silent_continuation_is_overdue_at_ten_minutes	Passed	9771c863-5cfd-0b7b-c06c-75f48769d832	-
20261003-191547-0744	CP-8	Antiphon.Tests.Application.CompletionHeaderOverlapTests	nothing_overlapping_adds_nothing_to_the_header	Passed	8a6ef3d4-3c9a-8eeb-a4f8-500f95bf1e9d	-
20261003-191547-0744	CP-8	Antiphon.Tests.Application.CompletionHeaderOverlapTests	the_brief_header_names_areas_rather_than_a_glob	Passed	672d63f0-ecf0-60ce-57ee-655b268411e8	-
20261003-191547-0744	CP-8	Antiphon.Tests.Application.CompletionHeaderOverlapTests	the_header_names_the_overlapping_running_tasks	Passed	c0c09716-e4c5-8a4b-1051-e591de57f1cd	-
20261003-191547-0744	CP-8	Antiphon.Tests.Application.CompletionNoteWorkQueueTests	Publication_during_a_flush_is_not_lost	Passed	694bbe92-9977-2083-6144-b863d2ddab75	-
20261003-191547-0744	CP-8	Antiphon.Tests.Application.CompletionNoteWorkQueueTests	Held_publication_wakes_at_its_deadline_and_release_can_wake_it_early	Passed	60580881-60f2-a9cf-e566-d8b4c577f93c	-
20261003-191547-0744	CP-8	Antiphon.Tests.Application.CompletionNoteWorkQueueTests	Overflow_requests_a_sweep_and_retains_a_bounded_batch	Passed	008a05a3-e52f-714c-0a5e-f946b5e50a89	-
20261003-191547-0744	CP-8	Antiphon.Tests.Application.CompletionNoteWorkQueueTests	Duplicate_events_coalesce_and_events_during_work_survive	Passed	b8ee01cb-d035-8705-b8f1-e1cec52bc588	-
20261003-191547-0744	CP-8	Antiphon.Tests.Application.ComplexityRoutingComposeTests	A_preferred_pin_with_no_chain_appends_the_role_policy_candidate	Passed	6aafb948-0d81-71e4-78c6-4eb3cf2ad790	-
20261003-191547-0744	CP-8	Antiphon.Tests.Application.ComplexityRoutingComposeTests	A_chain_alone_keeps_order_and_origin_chain	Passed	a0d77302-9de2-d403-f22d-46bae6f2e7ef	-
20261003-191547-0744	CP-8	Antiphon.Tests.Application.ComplexityRoutingComposeTests	A_required_pin_naming_kind_level_is_the_only_candidate	Passed	3284bae7-dad1-539f-ba4c-a37bec290627	-
20261003-191547-0744	CP-8	Antiphon.Tests.Application.ComplexityRoutingComposeTests	A_preferred_pin_is_prepended_then_the_chain_deduped	Passed	cc842ba9-46f1-8400-9e7a-102a341b6c4f	-
20261003-191547-0744	CP-8	Antiphon.Tests.Application.ComplexityRoutingComposeTests	Passing_an_empty_chain_does_not_append_role_policy	Passed	f3aebb15-517d-5879-a10b-a0baeacb749c	-
20261003-191547-0744	CP-8	Antiphon.Tests.Application.ComplexityRoutingComposeTests	Explicit_level_only_narrows_to_a_single_non_head_survivor_and_is_not_walked	Passed	bc4dbdfb-477e-50e4-6f28-537733031a68	-
20261003-191547-0744	CP-8	Antiphon.Tests.Application.ComplexityRoutingComposeTests	Explicit_request_kind_filters_the_chain_and_does_not_rewrite_pairs	Passed	4de1c37e-d409-b6b6-905f-b35885d031ed	-
20261003-191547-0744	CP-8	Antiphon.Tests.Application.ComplexityRoutingComposeTests	Explicit_kind_and_level_against_a_list_is_one_candidate_and_not_walked	Passed	fba21e32-5fa5-1b1b-0a2d-335a5d1d0f99	-
20261003-191547-0744	CP-8	Antiphon.Tests.Application.ComplexityRoutingComposeTests	Explicit_kind_narrows_the_pin_list_and_does_not_rewrite_pairs	Passed	483ee09d-12e4-d77f-39af-11e32b1eaaf0	-
20261003-191547-0744	CP-8	Antiphon.Tests.Application.ComplexityRoutingComposeTests	A_preferred_pin_list_without_a_chain_appends_role_policy_once	Passed	e9e89258-fa2d-c1fa-2618-0d041c62c57c	-
20261003-191547-0744	CP-8	Antiphon.Tests.Application.ComplexityRoutingComposeTests	A_preferred_pin_list_then_the_chain_without_role_policy	Passed	9f349491-ce9b-c2e1-7502-6baa6ab3da15	-
20261003-191547-0744	CP-8	Antiphon.Tests.Application.ComplexityRoutingComposeTests	A_required_pin_list_is_the_whole_set_and_bypasses_the_chain	Passed	18db6dde-d02e-f5da-bfea-1ca9e3032be1	-
20261003-191547-0744	CP-8	Antiphon.Tests.Application.ComplexityRoutingComposeTests	Pin_plus_chain_source_strips_a_leading_pin_role_from_the_chain_label	Passed	d808228d-9a91-8c7a-5dc7-ff3e41a6decc	-
20261003-191547-0744	CP-8	Antiphon.Tests.Application.ComplexityRoutingComposeTests	An_empty_chain_with_no_pin_is_empty_and_not_walked	Passed	39d7791f-8822-d3f2-0a9b-a95f5a222aa5	-
20261003-191547-0744	CP-8	Antiphon.Tests.Application.ComplexityRoutingComposeTests	Explicit_kind_only_narrows_to_a_single_non_head_survivor_and_is_not_walked	Passed	e6fefa12-bdb2-390e-ac1a-0030f12b0834	-
20261003-191547-0744	CP-8	Antiphon.Tests.Application.ComplexityRoutingComposeTests	A_required_pin_without_kind_or_level_does_not_bypass_the_chain	Passed	a49afb1a-7808-4f50-9e43-5f9caa1359d7	-
20261003-191547-0744	CP-8	Antiphon.Tests.Application.ContextCompactionSettingsTests	defaults_match_the_plan	Passed	14247a8f-9470-f39f-112f-db8465724735	-
20261003-191547-0744	CP-8	Antiphon.Tests.Application.ContextCompactionSettingsTests	validator_accepts_the_defaults	Passed	2ce52b45-8055-393e-b916-3ff943cebea8	-
20261003-191547-0744	CP-8	Antiphon.Tests.Application.ContextCompactionSettingsTests	validator_rejects_non_positive_and_out_of_range_values	Passed	54bf4a11-5869-5938-5806-c6eaf7f9541f	-
20261003-191547-0744	CP-8	Antiphon.Tests.Application.ContextCompactionSettingsTests	a_null_agent_uses_the_global_settings_directly	Passed	2a7bd34a-ab68-2a87-c919-0e76f73f7f0a	-
20261003-191547-0744	CP-8	Antiphon.Tests.Application.ContextCompactionSettingsTests	mixed_overrides_fall_through_per_field	Passed	dfade0b1-3e27-0c2c-65a2-45e4b181d3a7	-
20261003-191547-0744	CP-8	Antiphon.Tests.Application.ContextCompactionSettingsTests	a_non_null_agent_override_wins	Passed	850b94c2-fed2-8703-fd75-15873a94e759	-
20261003-191547-0744	CP-8	Antiphon.Tests.Application.ContextCompactionSettingsTests	null_on_the_agent_columns_falls_through_to_the_global_settings	Passed	ff80a86a-d53b-7f4f-5a1f-cf4fd0401a4a	-
20261003-191547-0744	CP-8	Antiphon.Tests.Application.DelegateBindRefusalRecoveryTests	J4_done_token_only_in_thinking_or_tool_use_does_not_match	Passed	eae4768f-6b7b-17ce-8439-e0791f5c738b	-
20261003-191547-0744	CP-8	Antiphon.Tests.Application.DelegateBindRefusalRecoveryTests	J9_c3_refused_first_timestamp_does_not_match_even_with_brief_and_done	Passed	8aed1193-2c3c-e8dc-c1d9-9a4351ca2d18	-
20261003-191547-0744	CP-8	Antiphon.Tests.Application.DelegateBindRefusalRecoveryTests	J3_done_token_only_on_a_user_record_does_not_match	Passed	b0afc091-36b2-c870-e941-81052b7f341d	-
20261003-191547-0744	CP-8	Antiphon.Tests.Application.DelegateBindRefusalRecoveryTests	J8_queued_command_brief_then_assistant_done_matches	Passed	95e112c0-2cb0-82c6-36c0-873d53da40bb	-
20261003-191547-0744	CP-8	Antiphon.Tests.Application.DelegateBindRefusalRecoveryTests	J2_user_marker_then_assistant_done_dot_does_not_match	Passed	ff82ab5f-c420-8260-e945-198dc848f2c6	-
20261003-191547-0744	CP-8	Antiphon.Tests.Application.DelegateBindRefusalRecoveryTests	J1_user_marker_then_assistant_done_matches	Passed	d3e717d6-9be3-f429-514a-4faca7cc7ac3	-
20261003-191547-0744	CP-8	Antiphon.Tests.Application.DelegateBindRefusalRecoveryTests	J7_assistant_done_before_the_brief_does_not_match	Passed	ee7f4217-2861-0945-5361-8a90ee1f081b	-
20261003-191547-0744	CP-8	Antiphon.Tests.Application.DelegateBindRefusalRecoveryTests	J6_blocked_or_failed_verdict_does_not_match	Passed	b746d947-986d-6946-1140-515fe698d7a2	-
20261003-191547-0744	CP-8	Antiphon.Tests.Application.DelegateBindRefusalRecoveryTests	J4_done_token_only_in_thinking_or_tool_use_does_not_match	Passed	6ae95844-6d5f-98f2-45a2-970d835ff152	-
20261003-191547-0744	CP-8	Antiphon.Tests.Application.DelegateBindRefusalRecoveryTests	J5_done_token_for_another_task_does_not_match	Passed	1373bbbe-7b53-68b9-0481-34238e2ba144	-
20261003-191547-0744	CP-8	Antiphon.Tests.Application.DelegateBindRefusalRecoveryTests	J6_blocked_or_failed_verdict_does_not_match	Passed	2015faeb-2ac9-e443-a0bf-2d9d4a7f0851	-
20261003-191547-0744	CP-8	Antiphon.Tests.Application.DelegationAllowedRootsFileTests	tracked_appsettings_Delegation_has_no_AllowedRoots_key	Passed	16660743-b3d1-6574-1b8e-4745451ebb5d	-
20261003-191547-0744	CP-8	Antiphon.Tests.Application.DelegationCapabilityContractTests	get_dto_serialization_has_no_token_shaped_property	Passed	77bfb6b6-6a0c-21f4-612e-bdfce1328ba3	-
20261003-191547-0744	CP-8	Antiphon.Tests.Application.DelegationCapabilityContractTests	docs_contain_capability_ux_sentence	Passed	a8df22a9-fdb9-aff1-db74-529d725875d2	-
20261003-191547-0744	CP-8	Antiphon.Tests.Application.DelegationCostTests	zero_tokens_cost_nothing	Passed	aa6b8d1b-53fe-e8aa-259a-4c10f8de6ab9	-
20261003-191547-0744	CP-8	Antiphon.Tests.Application.DelegationCostTests	the_cheap_tier_costs_far_less_than_the_frontier_tier_for_the_same_work	Passed	c503ada1-53a5-2795-de90-2f9babb78ea3	-
20261003-191547-0744	CP-8	Antiphon.Tests.Application.DelegationCostTests	the_sonnet_introductory_price_applies_inside_its_window_and_not_after	Passed	82616a43-34e6-064e-1a7d-e76fdb908f89	-
20261003-191547-0744	CP-8	Antiphon.Tests.Application.DelegationCostTests	the_shipped_rate_table_is_the_published_list_price	Passed	6fb60fa7-0f04-0853-4fee-2fa6b0c066bc	-
20261003-191547-0744	CP-8	Antiphon.Tests.Application.DelegationCostTests	an_unknown_tier_falls_back_to_a_real_rate_rather_than_to_zero	Passed	7981aeb8-a686-1a51-cceb-886cbfc13bd1	-
20261003-191547-0744	CP-8	Antiphon.Tests.Application.DelegationCostTests	a_cache_heavy_session_is_priced_at_cache_rates_not_input_rates	Passed	ab1368a8-b4bf-6266-c2d2-edf329788348	-
20261003-191547-0744	CP-8	Antiphon.Tests.Application.DelegationCostTests	a_cache_read_is_a_tenth_of_input_and_a_cache_write_is_a_quarter_more	Passed	e88de8e3-1d2b-2535-e7c5-07b844d325e9	-
20261003-191547-0744	CP-8	Antiphon.Tests.Application.DelegationDenyHookPolicyTests	the_per_task_choice_beats_the_config_both_ways	Passed	c0eedb4e-db21-3002-a7d6-6b39b71be267	-
20261003-191547-0744	CP-8	Antiphon.Tests.Application.DelegationDenyHookPolicyTests	an_orchestrator_in_its_own_worktree_gets_the_hook_by_default	Passed	9675d0ef-582b-8234-7fe6-8f8742e1accc	-
20261003-191547-0744	CP-8	Antiphon.Tests.Application.DelegationDenyHookPolicyTests	a_worker_never_gets_the_hook	Passed	ade7e92f-d3bb-dc98-a850-e1ff860606cf	-
20261003-191547-0744	CP-8	Antiphon.Tests.Application.DelegationDenyHookPolicyTests	config_off_means_no_hook_when_the_task_did_not_ask	Passed	2c9bc3de-6edb-0cba-9f63-a0ce8e7a2c15	-
20261003-191547-0744	CP-8	Antiphon.Tests.Application.DelegationDenyHookPolicyTests	a_shared_orchestrator_never_gets_the_hook	Passed	b0e44ed6-b0fb-424f-85a8-f6f1c1932f0d	-
20261003-191547-0744	CP-8	Antiphon.Tests.Application.DelegationKindPricingTests	the_shipped_grok_table_is_xais_published_list_price	Passed	400ab107-4306-9e18-76a0-b3e79127ed62	-
20261003-191547-0744	CP-8	Antiphon.Tests.Application.DelegationKindPricingTests	a_kind_key_is_matched_without_regard_to_case	Passed	5c107ce4-e189-c946-295c-aad21b69723b	-
20261003-191547-0744	CP-8	Antiphon.Tests.Application.DelegationKindPricingTests	a_grok_task_with_every_table_emptied_still_costs_more_than_nothing	Passed	f385feeb-1ca0-2c16-15db-b85b2d7110dc	-
20261003-191547-0744	CP-8	Antiphon.Tests.Application.DelegationKindPricingTests	an_overlay_with_nothing_usable_in_it_falls_through_to_the_tier_ladder	Passed	0ae402dd-6a1b-2544-0861-1aedfd0517a0	-
20261003-191547-0744	CP-8	Antiphon.Tests.Application.DelegationKindPricingTests	a_tier_missing_from_a_kinds_overlay_falls_back_to_that_kinds_high_rate	Passed	81930c65-54bf-9ab3-7890-c8652082e417	-
20261003-191547-0744	CP-8	Antiphon.Tests.Application.DelegationKindPricingTests	a_kind_with_no_overlay_prices_on_the_claude_ladder_rather_than_at_zero	Passed	a00fc100-d72f-d1e4-7504-99173cd7aa84	-
20261003-191547-0744	CP-8	Antiphon.Tests.Application.DelegationKindPricingTests	the_claude_ladder_still_reads_its_published_list_price_with_the_overlay_shipped	Passed	10551b90-1bf5-b9bc-8cab-6a029dc41241	-
20261003-191547-0744	CP-8	Antiphon.Tests.Application.DelegationKindPricingTests	a_grok_session_is_priced_from_grok_rates_not_from_the_claude_rung_it_shares	Passed	f499ff9d-8654-f960-daed-ab2bb590cd06	-
20261003-191547-0744	CP-8	Antiphon.Tests.Application.DelegationKindPricingTests	the_sonnet_introductory_window_does_not_reach_grok	Passed	04fdaf61-6032-0bed-15ff-4e65204cdfe9	-
20261003-191547-0744	CP-8	Antiphon.Tests.Application.DelegationKindPricingTests	the_claude_cache_multipliers_do_not_leak_onto_grok	Passed	d5548f66-5889-de81-0388-bc948ff22785	-
20261003-191547-0744	CP-8	Antiphon.Tests.Application.DelegationKindPricingTests	omitting_the_kind_prices_exactly_as_claude_code_at_every_tier_and_in_the_promo_window	Passed	084754ef-ca7c-c22f-4b94-c4dee414d2bf	-
20261003-191547-0744	CP-8	Antiphon.Tests.Application.DelegationKindPricingTests	a_grok_escalation_at_any_level_costs_the_same_because_every_rung_is_grok_4_7	Passed	564c9e86-acac-331d-6b5b-a740188af357	-
20261003-191547-0744	CP-8	Antiphon.Tests.Application.DelegationLeaseSettingsTests	LandYieldToDispatchMaxSeconds_outside_zero_to_600_is_a_failure_naming_the_key	Passed	029f6be4-2eef-ae8c-fa91-b728de360a1d	-
20261003-191547-0744	CP-8	Antiphon.Tests.Application.DelegationLeaseSettingsTests	LandYieldToDispatchMaxSeconds_outside_zero_to_600_is_a_failure_naming_the_key	Passed	59c3c92f-4f5d-c492-6b13-459d9d42cd18	-
20261003-191547-0744	CP-8	Antiphon.Tests.Application.DelegationLeaseSettingsTests	LandYieldToDispatchMaxSeconds_outside_zero_to_600_is_a_failure_naming_the_key	Passed	d02bc004-3ccd-fe02-af3d-4dc959e0cefc	-
20261003-191547-0744	CP-8	Antiphon.Tests.Application.DelegationLeaseSettingsTests	LandYieldToDispatchMaxSeconds_from_zero_to_600_validates	Passed	4e37ea24-5dd0-9d64-8dc0-1350f1a4d066	-
20261003-191547-0744	CP-8	Antiphon.Tests.Application.DelegationLeaseSettingsTests	LandYieldToDispatchMaxSeconds_from_zero_to_600_validates	Passed	fc6d8ab0-581e-dd9b-2e62-cdeeffd5db59	-
20261003-191547-0744	CP-8	Antiphon.Tests.Application.DelegationLeaseSettingsTests	LandYieldToDispatchMaxSeconds_from_zero_to_600_validates	Passed	c8a0a424-6b49-8fa9-2a8b-35ae3bf27ab9	-
20261003-191547-0744	CP-8	Antiphon.Tests.Application.DelegationLeaseSettingsTests	The_default_budget_is_90_seconds	Passed	95bf6151-14f5-ed14-235a-705800c0371c	-
20261003-191547-0744	CP-8	Antiphon.Tests.Application.DelegationLeaseSettingsTests	LandYieldToDispatchMaxSeconds_from_zero_to_600_validates	Passed	498992c7-9691-c72c-f377-694312f5c518	-
20261003-191547-0744	CP-8	Antiphon.Tests.Application.DelegationPoolDefaultsTests	the_shipped_pool_timings_are_five_minutes_reserved_and_an_hour_to_retire	Passed	7ec52945-c561-eb4f-e268-c6a5eb5c514e	-
20261003-191547-0744	CP-8	Antiphon.Tests.Application.DelegationQuestionDetectionTests	asks_uses_the_last_non_empty_line_when_there_is_no_question_mark	Passed	6fc0918d-f75a-f90e-97ab-be34196ad419	-
20261003-191547-0744	CP-8	Antiphon.Tests.Application.DelegationQuestionDetectionTests	asks_is_capped_at_240_characters	Passed	2043d3a9-1880-42e7-c236-a1e6c3bdcff5	-
20261003-191547-0744	CP-8	Antiphon.Tests.Application.DelegationQuestionDetectionTests	asks_uses_the_extracted_question_when_a_trailing_mark_exists	Passed	9850b888-738f-037b-a79d-af41c01793af	-
20261003-191547-0744	CP-8	Antiphon.Tests.Application.DelegationQuestionDetectionTests	the_incident_approval_sentence_is_not_a_question	Passed	a3b8317c-8c0f-0432-6cc7-a7705ebeca63	-
20261003-191547-0744	CP-8	Antiphon.Tests.Application.DelegationQuestionDetectionTests	an_empty_report_is_not_a_question	Passed	7f810482-99c7-cdb3-b62d-bca03612f58f	-
20261003-191547-0744	CP-8	Antiphon.Tests.Application.DelegationQuestionDetectionTests	a_plain_outcome_report_is_not_a_question	Passed	11599e8d-4ecc-f128-f404-0fe3d0cb77cd	-
20261003-191547-0744	CP-8	Antiphon.Tests.Application.DelegationQuestionDetectionTests	a_question_mark_buried_mid_report_does_not_block	Passed	8784b29e-c531-b65e-253d-bbac859ca8c8	-
20261003-191547-0744	CP-8	Antiphon.Tests.Application.DelegationQuestionDetectionTests	a_trailing_question_reads_as_blocked	Passed	fd8e9ea1-c366-28a1-1621-e50501736710	-
20261003-191547-0744	CP-8	Antiphon.Tests.Application.DelegationReportFormatterTests	a_brief_pointer_names_the_spill_file_when_one_was_written	Passed	71507758-3434-e3c9-b995-372318e73b6e	-
20261003-191547-0744	CP-8	Antiphon.Tests.Application.DelegationReportFormatterTests	a_stage_role_brief_pointer_still_fits_in_one_transport_chunk	Passed	91750b8e-9c05-2964-5348-022820c59ba7	-
20261003-191547-0744	CP-8	Antiphon.Tests.Application.DelegationReportFormatterTests	a_brief_pointer_fits_in_one_transport_chunk	Passed	08e4a0de-d1dd-59fc-02dd-f17126153315	-
20261003-191547-0744	CP-8	Antiphon.Tests.Application.DelegationReportFormatterTests	the_handoff_block_paragraph_appears_for_every_stage_role	Passed	61ae63ad-4ed2-cfb9-8c49-041d7f9bc3ea	-
20261003-191547-0744	CP-8	Antiphon.Tests.Application.DelegationReportFormatterTests	a_brief_at_a_size_that_stranded_a_real_task_is_not_typed_inline	Passed	eaf2e149-2387-b8a6-98cd-aa289feb5d2e	-
20261003-191547-0744	CP-8	Antiphon.Tests.Application.DelegationReportFormatterTests	a_brief_at_a_size_that_stranded_a_real_task_is_not_typed_inline	Passed	ba81d0e8-c799-bc3a-184a-69b5d98a48a0	-
20261003-191547-0744	CP-8	Antiphon.Tests.Application.DelegationReportFormatterTests	the_handoff_block_paragraph_appears_for_every_stage_role	Passed	f5472bd6-4890-0de3-097c-cbe20361e7b1	-
20261003-191547-0744	CP-8	Antiphon.Tests.Application.DelegationReportFormatterTests	TryReadFindingLine_ignores_a_token_for_a_different_task	Passed	52c14314-93a7-d597-41df-e37b67b749f3	-
20261003-191547-0744	CP-8	Antiphon.Tests.Application.DelegationReportFormatterTests	reported_repository_paths_reject_a_posix_absolute_path_outside_the_repository	Passed	4b101c01-ab4f-2d4e-cce5-73cf961a93de	-
20261003-191547-0744	CP-8	Antiphon.Tests.Application.DelegationReportFormatterTests	reported_repository_paths_ignore_a_url_and_a_prose_fragment	Passed	1283777a-a66c-8342-6ed7-b89eb246e32a	-
20261003-191547-0744	CP-8	Antiphon.Tests.Application.DelegationReportFormatterTests	a_brief_tells_the_delegate_to_spill_past_the_ceiling	Passed	128f279d-79e4-6bec-5f2a-576bf7053fa0	-
20261003-191547-0744	CP-8	Antiphon.Tests.Application.DelegationReportFormatterTests	a_worker_brief_does_not_ask_for_a_subtree_rollup	Passed	b4222a4d-1971-6c3c-1db9-1583bf2f9f8c	-
20261003-191547-0744	CP-8	Antiphon.Tests.Application.DelegationReportFormatterTests	TryReadReportVerdict_reads_the_last_line_and_strips_it	Passed	22cb4b25-6fb1-d075-7456-2c58deabf645	-
20261003-191547-0744	CP-8	Antiphon.Tests.Application.DelegationReportFormatterTests	TryFindReportToken_requires_this_tasks_prefix_and_a_valid_last_line	Passed	6113bf0f-010c-2d45-cf2d-fcbf1567d549	-
20261003-191547-0744	CP-8	Antiphon.Tests.Application.DelegationReportFormatterTests	TryReadReportVerdict_ignores_a_token_for_a_different_task	Passed	cbbd22c5-cdc8-beb9-0a20-234eca017930	-
20261003-191547-0744	CP-8	Antiphon.Tests.Application.DelegationReportFormatterTests	TryReadReportVerdict_accepts_blocked_and_failed_case_insensitively	Passed	7f6a0502-053d-f7c3-9c66-2ed21ddd4752	-
20261003-191547-0744	CP-8	Antiphon.Tests.Application.DelegationReportFormatterTests	TryReadFindingLine_reads_found_with_the_detail	Passed	2499aead-0ba2-cc9a-ef98-2da721a221be	-
20261003-191547-0744	CP-8	Antiphon.Tests.Application.DelegationReportFormatterTests	TryReadFindingLine_reads_clean	Passed	e049c21d-2551-90bb-06cb-9d934af7cfe3	-
20261003-191547-0744	CP-8	Antiphon.Tests.Application.DelegationReportFormatterTests	TryReadFindingLine_absent_is_false_and_unreported	Passed	a64a4905-fad9-23ad-db92-37a2c0ead59b	-
20261003-191547-0744	CP-8	Antiphon.Tests.Application.DelegationReportFormatterTests	TryReadFindingLine_accepts_the_marker_mid_report	Passed	2dd4e33a-52ee-8e82-edeb-861953496017	-
20261003-191547-0744	CP-8	Antiphon.Tests.Application.DelegationReportFormatterTests	TryReadFindingLine_both_markers_the_last_in_the_window_wins	Passed	9d63bf2b-72f0-d0c8-7b71-393582508c74	-
20261003-191547-0744	CP-8	Antiphon.Tests.Application.DelegationReportFormatterTests	a_completion_note_header_is_a_prefix_of_its_body	Passed	b55aa1c4-f79f-468a-0228-0574f738e286	-
20261003-191547-0744	CP-8	Antiphon.Tests.Application.DelegationReportFormatterTests	the_finding_contract_is_present_only_when_orchestration_stage_is_set	Passed	e47eaced-0eb2-6353-35ee-05bcc9cf526b	-
20261003-191547-0744	CP-8	Antiphon.Tests.Application.DelegationReportFormatterTests	the_reporting_contract_asks_for_the_closing_verdict_line	Passed	bbc773d6-5564-72f4-6354-696dd3b1bf02	-
20261003-191547-0744	CP-8	Antiphon.Tests.Application.DelegationReportFormatterTests	the_handoff_block_paragraph_appears_for_every_stage_role	Passed	d16322e8-23b7-cd48-2871-1ab8c3ddfe70	-
20261003-191547-0744	CP-8	Antiphon.Tests.Application.DelegationReportFormatterTests	an_excerpt_says_plainly_that_it_is_not_the_whole_report	Passed	4aa9da5e-3d76-2c98-3558-c25b03597294	-
20261003-191547-0744	CP-8	Antiphon.Tests.Application.DelegationReportFormatterTests	an_excerpt_never_cuts_mid_word	Passed	804f80c7-68c2-0be0-cfcb-65858d9a1a4f	-
20261003-191547-0744	CP-8	Antiphon.Tests.Application.DelegationReportFormatterTests	the_shipped_ceiling_stays_below_the_measured_pty_cliff	Passed	62d3fc08-5f9a-82be-6902-71a4584b4567	-
20261003-191547-0744	CP-8	Antiphon.Tests.Application.DelegationReportFormatterTests	a_refocus_spill_file_carries_the_line_the_pointer_does_not	Passed	1fe2e277-639a-4156-03a0-67d41a8aedae	-
20261003-191547-0744	CP-8	Antiphon.Tests.Application.DelegationReportFormatterTests	reported_repository_paths_keep_a_posix_absolute_path_inside_the_repository	Passed	057c8a5a-7bfb-6da4-011b-69128195c272	-
20261003-191547-0744	CP-8	Antiphon.Tests.Application.DelegationReportFormatterTests	reported_repository_paths_normalize_relative_and_absolute_windows_forms	NotExecuted	13b26d39-8cfb-b5bd-9670-dcab0fc4ae45	Skipped: Drive-letter report paths resolve only against a Windows repo root
20261003-191547-0744	CP-8	Antiphon.Tests.Application.DelegationReportFormatterTests	a_report_within_the_ceiling_is_forwarded_whole	Passed	d2596588-72ff-635d-e2e9-5cb59390bd57	-
20261003-191547-0744	CP-8	Antiphon.Tests.Application.DelegationReportFormatterTests	an_oversized_report_keeps_its_beginning_and_its_end	Passed	596b9f3d-e9a2-f381-2033-4bf95062b911	-
20261003-191547-0744	CP-8	Antiphon.Tests.Application.DelegationReportFormatterTests	a_polled_note_body_names_the_short_id_and_withheld_character_count	Passed	831a0745-5889-8f24-91ea-602668f7f99e	-
20261003-191547-0744	CP-8	Antiphon.Tests.Application.DelegationReportFormatterTests	a_note_digest_normalizes_line_endings_trailing_whitespace_and_outer_blank_lines	Passed	f32dfffd-420a-43dc-a012-55a8803328fc	-
20261003-191547-0744	CP-8	Antiphon.Tests.Application.DelegationReportFormatterTests	a_note_digest_preserves_an_interior_word_difference	Passed	3b174590-cb0f-32bc-34d1-f0066779cedf	-
20261003-191547-0744	CP-8	Antiphon.Tests.Application.DelegationReportFormatterTests	the_completion_note_measures_duration_from_the_latest_reply	Passed	cc09bd4c-6563-e7f6-7814-ff49a27e146d	-
20261003-191547-0744	CP-8	Antiphon.Tests.Application.DelegationReportFormatterTests	a_degenerate_excerpt_budget_never_produces_more_text_than_it_was_given	Passed	683fe7ce-c316-60d3-ee89-19c6ed98c60b	-
20261003-191547-0744	CP-8	Antiphon.Tests.Application.DelegationReportFormatterTests	the_completion_note_identifies_the_agent_tier_duration_and_cost	Passed	888194d3-a0ce-3049-446a-a7a460d27324	-
20261003-191547-0744	CP-8	Antiphon.Tests.Application.DelegationReportFormatterTests	the_completion_note_uses_lf_endings_only	Passed	fc924583-597a-b4cb-085e-ed66804e0ae9	-
20261003-191547-0744	CP-8	Antiphon.Tests.Application.DelegationReportFormatterTests	a_brief_carries_the_task_marker_so_the_reply_can_be_correlated	Passed	7317d37a-3ddb-59ed-c0d3-0b50ca9652bc	-
20261003-191547-0744	CP-8	Antiphon.Tests.Application.DelegationReportFormatterTests	a_brief_carries_standing_authority_only_when_set	Passed	2bfc6e0b-684b-dbfd-56f8-b2a4e575e91c	-
20261003-191547-0744	CP-8	Antiphon.Tests.Application.DelegationReportFormatterTests	a_blocked_question_note_puts_reason_asks_authority_and_next_outside_the_excerpt	Passed	9e98457c-1ab6-9493-5704-100a177c110f	-
20261003-191547-0744	CP-8	Antiphon.Tests.Application.DelegationReportFormatterTests	a_brief_pointer_does_not_carry_the_refocus_line	Passed	8be41290-f157-ec4e-8761-920c5c40f9b8	-
20261003-191547-0744	CP-8	Antiphon.Tests.Application.DelegationReportFormatterTests	a_blocked_note_without_authority_names_reply_not_continue	Passed	ac8283fe-7cea-fb27-e5d5-cf0a59c33e51	-
20261003-191547-0744	CP-8	Antiphon.Tests.Application.DelegationReportFormatterTests	a_shared_write_role_brief_explicitly_requires_a_commit	Passed	d5da0dd2-ad15-6a3b-db6b-02446f32c588	-
20261003-191547-0744	CP-8	Antiphon.Tests.Application.DelegationReportFormatterTests	a_shared_write_role_brief_explicitly_requires_a_commit	Passed	8ee3f29e-6c16-0324-dbb1-60d5e184e97b	-
20261003-191547-0744	CP-8	Antiphon.Tests.Application.DelegationReportFormatterTests	a_non_shared_or_read_only_brief_does_not_request_a_commit	Passed	89388ad5-487f-91c7-ca5f-691b5993d055	-
20261003-191547-0744	CP-8	Antiphon.Tests.Application.DelegationReportFormatterTests	a_never_commit_brief_carries_the_do_not_commit_line_and_not_the_commit_line	Passed	8c78e72d-9b49-f4b1-2d57-d1a509e82c9b	-
20261003-191547-0744	CP-8	Antiphon.Tests.Application.DelegationReportFormatterTests	a_never_commit_brief_carries_the_do_not_commit_line_and_not_the_commit_line	Passed	4ad46d0d-36d4-d782-e3e4-cea1a768e2f7	-
20261003-191547-0744	CP-8	Antiphon.Tests.Application.DelegationReportFormatterTests	a_never_commit_brief_carries_the_do_not_commit_line_and_not_the_commit_line	Passed	f3b1ab5b-f911-5a4f-6734-5859f1819053	-
20261003-191547-0744	CP-8	Antiphon.Tests.Application.DelegationReportFormatterTests	a_never_commit_brief_carries_the_do_not_commit_line_and_not_the_commit_line	Passed	2fd32762-fcce-c1ea-019b-432445e4739e	-
20261003-191547-0744	CP-8	Antiphon.Tests.Application.DelegationReportFormatterTests	a_never_commit_readonly_brief_keeps_the_read_only_line	Passed	0f55ccbe-71bb-ed17-1986-523312268f14	-
20261003-191547-0744	CP-8	Antiphon.Tests.Application.DelegationReportFormatterTests	an_excerpt_falls_back_to_the_api_url_when_there_is_no_spill_file	Passed	748b974e-0eae-4218-a2f9-e3e75334cb57	-
20261003-191547-0744	CP-8	Antiphon.Tests.Application.DelegationReportFormatterTests	an_excerpt_points_at_the_spill_file_when_the_delegate_wrote_one	Passed	507f4b6b-5516-08ae-eeba-efc3db8995f0	-
20261003-191547-0744	CP-8	Antiphon.Tests.Application.DelegationReportFormatterTests	a_shared_write_role_brief_explicitly_requires_a_commit	Passed	07a90036-40ea-ecb1-82d8-747c7446a33f	-
20261003-191547-0744	CP-8	Antiphon.Tests.Application.DelegationReportFormatterTests	a_refocus_brief_carries_the_unrelated_work_line_after_the_marker	Passed	b2132a94-518f-bb03-99f4-fe6d3a751700	-
20261003-191547-0744	CP-8	Antiphon.Tests.Application.DelegationReportFormatterTests	the_stage_handoff_contract_is_at_most_700_characters	Passed	af06617e-18b5-afb9-ba6c-b4d6a67f30c8	-
20261003-191547-0744	CP-8	Antiphon.Tests.Application.DelegationReportFormatterTests	a_sub_orchestrator_brief_asks_for_a_rollup_not_a_relay	Passed	6b770f6e-e7d6-afc2-3799-ca986951d9ef	-
20261003-191547-0744	CP-8	Antiphon.Tests.Application.DelegationReportFormatterTests	the_handoff_block_paragraph_is_absent_for_helper_roles	Passed	231235c9-d99a-24a3-0610-d32e806ae149	-
20261003-191547-0744	CP-8	Antiphon.Tests.Application.DelegationReportFormatterTests	the_handoff_block_paragraph_is_absent_for_helper_roles	Passed	489ccc68-208f-419c-8fb3-27354411b081	-
20261003-191547-0744	CP-8	Antiphon.Tests.Application.DelegationReportFormatterTests	a_completion_note_header_carries_next_after_deliverable	Passed	4b3a4d7a-1d71-1f9a-4c10-0ffb52555519	-
20261003-191547-0744	CP-8	Antiphon.Tests.Application.DelegationReportFormatterTests	a_completion_note_header_carries_report_and_git	Passed	9a2f439d-8167-936e-7324-41298425fc3a	-
20261003-191547-0744	CP-8	Antiphon.Tests.Application.DelegationReportFormatterTests	a_diagnose_role_pointer_does_not_reintroduce_the_blocked_token	Passed	a3e66bbd-44a3-b0de-5107-5257ebb21210	-
20261003-191547-0744	CP-8	Antiphon.Tests.Application.DelegationReportFormatterTests	a_diagnose_role_brief_asks_for_done_and_never_offers_blocked	Passed	dd15d400-bffc-a848-c4c1-b20b8d44d48c	-
20261003-191547-0744	CP-8	Antiphon.Tests.Application.DelegationReportFormatterTests	a_check_role_pointer_does_not_reintroduce_the_blocked_token	Passed	eaaf8a5e-d527-891e-26ad-d61d45a21996	-
20261003-191547-0744	CP-8	Antiphon.Tests.Application.DelegationReportFormatterTests	a_brief_at_a_size_that_stranded_a_real_task_is_not_typed_inline	Passed	c53655d3-cc57-bb45-221d-f75c3b3fa7db	-
20261003-191547-0744	CP-8	Antiphon.Tests.Application.DelegationReportFormatterTests	a_brief_at_a_size_that_stranded_a_real_task_is_not_typed_inline	Passed	8c4151df-b119-d286-f4d1-e82b7546d245	-
20261003-191547-0744	CP-8	Antiphon.Tests.Application.DelegationReportFormatterTests	a_read_only_brief_says_not_to_write	Passed	79b0a1b8-9e56-a436-8477-7d148cc47d2e	-
20261003-191547-0744	CP-8	Antiphon.Tests.Application.DelegationReportFormatterTests	a_runner_spill_pointer_keeps_attribution_when_its_heading_is_lost	Passed	590268d0-0811-4b2b-310f-319beed313ec	-
20261003-191547-0744	CP-8	Antiphon.Tests.Application.DelegationReportFormatterTests	an_oversized_brief_becomes_a_pointer_that_keeps_the_task_marker	Passed	1eb820af-7e43-86fa-3bfc-269c2e9e9470	-
20261003-191547-0744	CP-8	Antiphon.Tests.Application.DelegationReportFormatterTests	the_handoff_block_paragraph_is_absent_for_helper_roles	Passed	da4b2cb8-92d3-ca10-8a31-6c44a08c956d	-
20261003-191547-0744	CP-8	Antiphon.Tests.Application.DelegationReportFormatterTests	the_handoff_block_paragraph_is_absent_for_helper_roles	Passed	ac7e98d9-5acb-f1df-7aec-4a4d4923c2bc	-
20261003-191547-0744	CP-8	Antiphon.Tests.Application.DelegationReportFormatterTests	a_worker_brief_still_offers_all_three_verdict_tokens	Passed	3035aa8c-7d1d-7f25-c8bb-a46126ff4f04	-
20261003-191547-0744	CP-8	Antiphon.Tests.Application.DelegationReportFormatterTests	a_check_role_brief_asks_for_done_and_never_offers_blocked	Passed	0bbbf58e-28c4-7521-244a-37c6c3f406f7	-
20261003-191547-0744	CP-8	Antiphon.Tests.Application.DelegationReportFormatterTests	a_docs_brief_does_not_include_the_stage_handoff_block	Passed	13a4d072-d0ed-56a2-4d8b-9c0f4e3f9a82	-
20261003-191547-0744	CP-8	Antiphon.Tests.Application.DelegationReportFormatterTests	the_handoff_block_paragraph_is_absent_for_helper_roles	Passed	270f0e39-4cf9-df13-04ca-f69405c35019	-
20261003-191547-0744	CP-8	Antiphon.Tests.Application.DelegationReportFormatterTests	C470_mutation_brief_and_handoff_contract	Passed	33b5d05c-f07d-be4d-a328-4560ebfe73df	-
20261003-191547-0744	CP-8	Antiphon.Tests.Application.DelegationReportFormatterTests	C467_V19_CompletionHeadersSeparatePublication	Passed	f6e1444c-3828-f8ba-bd33-d305b73a9a95	-
20261003-191547-0744	CP-8	Antiphon.Tests.Application.DelegationReportFormatterTests	C467_V19_CompletionHeadersSeparatePublication	Passed	8221f01a-2655-86f1-b1f1-6466f1741c78	-
20261003-191547-0744	CP-8	Antiphon.Tests.Application.DelegationReportFormatterTests	the_deliverable_block_survives_an_excerpted_report	Passed	aaa60072-65f4-f0de-b3bd-9c2664d604f3	-
20261003-191547-0744	CP-8	Antiphon.Tests.Application.DelegationReportFormatterTests	a_completion_note_carries_deliverable_header_bit_and_attach_block_after_the_report	Passed	62175f6e-05e1-f571-4b0a-78df05ca7512	-
20261003-191547-0744	CP-8	Antiphon.Tests.Application.DelegationReportFormatterTests	a_completion_note_header_is_a_prefix_of_its_body_with_a_warning	Passed	0de6c750-134c-1f8e-fc9f-4ede06727c35	-
20261003-191547-0744	CP-8	Antiphon.Tests.Application.DelegationReportFormatterTests	the_handoff_block_paragraph_is_absent_for_helper_roles	Passed	45d5f176-68a1-3e37-23bf-cfd40654a142	-
20261003-191547-0744	CP-8	Antiphon.Tests.Application.DelegationReportFormatterTests	the_handoff_block_paragraph_appears_for_every_stage_role	Passed	270cad30-8345-a748-eeca-83e7493e1406	-
20261003-191547-0744	CP-8	Antiphon.Tests.Application.DelegationReportFormatterTests	the_handoff_block_paragraph_appears_for_every_stage_role	Passed	c32b9758-6676-bc2c-e6c1-88159e4ed0ca	-
20261003-191547-0744	CP-8	Antiphon.Tests.Application.DelegationReportFormatterTests	the_handoff_block_paragraph_is_absent_for_helper_roles	Passed	f932d9e6-6c56-9c87-ce79-cc77aabc77da	-
20261003-191547-0744	CP-8	Antiphon.Tests.Application.DelegationReportFormatterTests	the_handoff_block_paragraph_is_absent_for_helper_roles	Passed	ab47f47b-e360-dbe2-bfba-15f7f3c32ab2	-
20261003-191547-0744	CP-8	Antiphon.Tests.Application.DelegationReportFormatterTests	Runner_worktree_brief_names_mirror_and_fast_forward_contract	Passed	a2877914-a5c9-14c8-8500-0931e545da4d	-
20261003-191547-0744	CP-8	Antiphon.Tests.Application.DelegationReportFormatterTests	Desktop_and_shared_briefs_omit_runner_branch_contract	Passed	fb8cdaa5-319c-d4e5-e930-2ac2fa73b54e	-
20261003-191547-0744	CP-8	Antiphon.Tests.Application.DelegationReportFormatterTests	the_header_carries_the_session_bit_only_when_supplied	Passed	94602aa8-2530-fc3b-1325-8c1ebf4bf469	-
20261003-191547-0744	CP-8	Antiphon.Tests.Application.DelegationReportFormatterTests	C467_V19_CompletionHeadersSeparatePublication	Passed	6bcf921c-e913-a180-ee05-ab7fdee1b9ce	-
20261003-191547-0744	CP-8	Antiphon.Tests.Application.DelegationReportFormatterTests	C467_V19_CompletionHeadersSeparatePublication	Passed	1e631f0b-b1ef-9541-c5ef-32ad1f67d569	-
20261003-191547-0744	CP-8	Antiphon.Tests.Application.DelegationScopeLeaseTests	a_label_inside_a_list_intersects_the_same_label_in_another_list	Passed	92290a23-2bfe-63bc-9ce4-819d801bf642	-
20261003-191547-0744	CP-8	Antiphon.Tests.Application.DelegationScopeLeaseTests	a_label_is_matched_exactly_not_by_string_prefix	Passed	d1f0a9e5-b73e-f1d6-aeae-d91ec4e94e68	-
20261003-191547-0744	CP-8	Antiphon.Tests.Application.DelegationScopeLeaseTests	comma_lists_that_share_no_element_do_not_intersect	Passed	861721bf-d741-7337-d7f3-2c4e0237f200	-
20261003-191547-0744	CP-8	Antiphon.Tests.Application.DelegationScopeLeaseTests	comma_lists_intersect_when_they_share_one_element	Passed	d41c69a8-1efc-c0a5-7c19-dfb50a6f2ec0	-
20261003-191547-0744	CP-8	Antiphon.Tests.Application.DelegationScopeLeaseTests	the_same_scope_in_a_different_directory_does_not_intersect	Passed	e8368f88-4baa-710a-96ab-ccccd15c29ba	-
20261003-191547-0744	CP-8	Antiphon.Tests.Application.DelegationScopeLeaseTests	sibling_scopes_do_not_intersect	Passed	71fd0933-04ac-fbb1-e488-907298ea23cc	-
20261003-191547-0744	CP-8	Antiphon.Tests.Application.DelegationScopeLeaseTests	identical_labels_intersect_regardless_of_case	Passed	41b527f5-7254-a9ce-bb43-70ead0dd9f6f	-
20261003-191547-0744	CP-8	Antiphon.Tests.Application.DelegationScopeLeaseTests	a_non_git_directory_falls_back_to_its_working_directory_as_the_key	Passed	1fc1ba89-d2d1-fb12-bae1-6456b106f3a5	-
20261003-191547-0744	CP-8	Antiphon.Tests.Application.DelegationScopeLeaseTests	a_label_never_intersects_a_path_without_an_area_map	Passed	e41c322e-a984-e72f-c557-023a14c2dafd	-
20261003-191547-0744	CP-8	Antiphon.Tests.Application.DelegationScopeLeaseTests	a_scope_nested_inside_another_intersects	Passed	fbd53982-b5c0-c375-c98f-dbec3fd13bdf	-
20261003-191547-0744	CP-8	Antiphon.Tests.Application.DelegationScopeLeaseTests	a_path_element_intersects_a_path_under_it	Passed	23e69a92-9be1-08e8-83c9-4bc3f7522172	-
20261003-191547-0744	CP-8	Antiphon.Tests.Application.DelegationScopeLeaseTests	parsing_classifies_names_and_paths	Passed	288d70f0-b767-3b1f-2880-3fa2ee7f242e	-
20261003-191547-0744	CP-8	Antiphon.Tests.Application.DelegationScopeLeaseTests	identical_scopes_in_the_same_directory_intersect	Passed	6f81c3f1-a842-bd92-0636-8687c5096018	-
20261003-191547-0744	CP-8	Antiphon.Tests.Application.DelegationScopeLeaseTests	a_blank_scope_intersects_nothing	Passed	4cebee77-5a5f-2236-d383-a215796da6ee	-
20261003-191547-0744	CP-8	Antiphon.Tests.Application.DelegationScopeLeaseTests	the_lease_key_is_the_repo_not_the_declared_working_directory	Passed	9b145e9d-4382-ebab-cdb9-df57ab9a81d9	-
20261003-191547-0744	CP-8	Antiphon.Tests.Application.DelegationScopeLeaseTests	read_only_is_outside_the_lease_in_both_directions	Passed	03630a27-c0df-d805-741c-d4df54084315	-
20261003-191547-0744	CP-8	Antiphon.Tests.Application.DelegationWorkspaceBoundaryTests	an_outside_root_rejection_stays_short_for_a_caller_that_does_have_a_root	Passed	cee6bdbd-24b3-0d0b-8363-f5cc0af3ec89	-
20261003-191547-0744	CP-8	Antiphon.Tests.Application.DelegationWorkspaceBoundaryTests	directory_inside_an_allowed_root_is_within_it	Passed	268453bf-1c9d-0f9a-1a91-18bdac055acc	-
20261003-191547-0744	CP-8	Antiphon.Tests.Application.DelegationWorkspaceBoundaryTests	a_root_contains_itself	Passed	af440ffe-72df-7e46-e67a-e41dd13e9d5a	-
20261003-191547-0744	CP-8	Antiphon.Tests.Application.DelegationWorkspaceBoundaryTests	a_sibling_sharing_a_name_prefix_is_not_inside_the_root	Passed	dada2bc7-9f47-14c5-cf19-3b94ea6378fc	-
20261003-191547-0744	CP-8	Antiphon.Tests.Application.DelegationWorkspaceBoundaryTests	a_parent_directory_is_not_inside_its_child	Passed	95378974-8796-85fd-b614-f0c82b4d18e9	-
20261003-191547-0744	CP-8	Antiphon.Tests.Application.DelegationWorkspaceBoundaryTests	a_traversal_escape_is_resolved_before_comparison	Passed	5d823b92-b0cd-1bc2-8792-e8252dadaaef	-
20261003-191547-0744	CP-8	Antiphon.Tests.Application.DelegationWorkspaceBoundaryTests	an_empty_root_never_matches	Passed	3d2b6319-9015-a091-1e29-2e38d52ae455	-
20261003-191547-0744	CP-8	Antiphon.Tests.Application.DelegationWorkspaceBoundaryTests	an_empty_root_never_matches	Passed	485620ef-636f-09ba-6ffb-d6d4a739db87	-
20261003-191547-0744	CP-8	Antiphon.Tests.Application.DelegationWorkspaceBoundaryTests	the_callers_own_directory_is_always_allowed_even_with_no_roots_configured	Passed	efeefc3e-d85f-ade7-3b1d-da9b2f7e443b	-
20261003-191547-0744	CP-8	Antiphon.Tests.Application.DelegationWorkspaceBoundaryTests	an_explicitly_allowed_root_permits_a_directory_in_another_repo	Passed	7371fa40-aa8f-d354-6f35-8befc53bfe48	-
20261003-191547-0744	CP-8	Antiphon.Tests.Application.DelegationWorkspaceBoundaryTests	a_directory_that_does_not_exist_is_rejected_before_anything_launches	Passed	009a2f75-e1cc-5e0c-8b7b-dd9d37210efb	-
20261003-191547-0744	CP-8	Antiphon.Tests.Application.DelegationWorkspaceBoundaryTests	a_caller_with_no_directory_of_its_own_is_told_it_inherits_nothing	Passed	f2788669-95e3-4ccc-a645-eb372fd71ef8	-
20261003-191547-0744	CP-8	Antiphon.Tests.Application.DelegationWorkspaceBoundaryTests	an_outside_root_rejection_says_why_a_token_less_caller_has_no_root	Passed	9cad2eff-3039-6a38-64a6-c64505facbfa	-
20261003-191547-0744	CP-8	Antiphon.Tests.Application.DelegationWorkspaceBoundaryTests	a_trailing_separator_on_the_root_does_not_change_the_answer	Passed	28a2fb14-ff95-e265-b68a-c5825a0bc4b0	-
20261003-191547-0744	CP-8	Antiphon.Tests.Application.DelegationWorkspaceBoundaryTests	a_directory_outside_every_allowed_root_is_rejected	Passed	bd858a10-3a86-ea93-a85d-dc69966030d1	-
20261003-191547-0744	CP-8	Antiphon.Tests.Application.DeliveryBackendCeilingsTests	ForAgentKind_still_zeroes_brief_ceiling_for_non_Claude_on_a_herdr_record	Passed	066a3754-bbf0-38bc-87fe-a7bf775200c6	-
20261003-191547-0744	CP-8	Antiphon.Tests.Application.DeliveryBackendCeilingsTests	Modern_IsPastePath_stays_true_after_the_retype	Passed	398b30a4-8686-97e6-f96e-fa5e337fbc81	-
20261003-191547-0744	CP-8	Antiphon.Tests.Application.DeliveryBackendCeilingsTests	CeilingsFor_PtyBackend_maps_onto_DeliveryBackend_value_for_value	Passed	8fa0f924-a3d2-8074-4de9-32f25ed345b1	-
20261003-191547-0744	CP-8	Antiphon.Tests.Application.DeliveryBackendCeilingsTests	Herdr_ceilings_carry_the_configured_numbers_and_are_a_paste_path	Passed	1cc80a1a-21d1-3946-90c6-1511be7b00b8	-
20261003-191547-0744	CP-8	Antiphon.Tests.Application.DiagnosisTests	unclear_is_a_valid_answer_with_no_labels	Passed	681cf051-88a9-73a6-02ae-1bed5f2ebc94	-
20261003-191547-0744	CP-8	Antiphon.Tests.Application.DiagnosisTests	every_valid_label_pair_is_accepted	Passed	879b803f-cbf8-b223-396b-41cc6074ede0	-
20261003-191547-0744	CP-8	Antiphon.Tests.Application.DiagnosisTests	unclear_is_a_valid_answer_with_no_labels	Passed	0623883f-081f-ddc6-8d1a-98b7cd68cd91	-
20261003-191547-0744	CP-8	Antiphon.Tests.Application.DiagnosisTests	word_count_accepts_two_to_ten	Passed	5da2f517-1222-04fb-0ad3-2053a5e551ac	-
20261003-191547-0744	CP-8	Antiphon.Tests.Application.DiagnosisTests	every_valid_label_pair_is_accepted	Passed	cf4bac71-63d6-ace8-5a7d-4929f53241cd	-
20261003-191547-0744	CP-8	Antiphon.Tests.Application.DiagnosisTests	every_valid_label_pair_is_accepted	Passed	56a1f66d-d4a6-f057-c023-3b0af93b9061	-
20261003-191547-0744	CP-8	Antiphon.Tests.Application.DiagnosisTests	every_valid_label_pair_is_accepted	Passed	6b380592-dd06-1a37-1835-4c76314f3494	-
20261003-191547-0744	CP-8	Antiphon.Tests.Application.DiagnosisTests	every_valid_label_pair_is_accepted	Passed	2aed2a24-042c-2431-ccd4-285855b47a7c	-
20261003-191547-0744	CP-8	Antiphon.Tests.Application.DiagnosisTests	every_valid_label_pair_is_accepted	Passed	05deaeb1-f6e9-9e03-b609-b6b133393b8b	-
20261003-191547-0744	CP-8	Antiphon.Tests.Application.DiagnosisTests	an_empty_answer_is_rejected	Passed	57b28296-5f99-3cc4-d4c8-433d6afdd9c7	-
20261003-191547-0744	CP-8	Antiphon.Tests.Application.DiagnosisTests	a_prefix_that_pushes_past_100_chars_is_rejected	Passed	1f1dde4b-6c32-b65f-f173-f39410490344	-
20261003-191547-0744	CP-8	Antiphon.Tests.Application.DiagnosisTests	a_card_identifier_already_present_is_not_duplicated	Passed	7f4cc492-05fa-2c31-ea7f-f3b811f5e649	-
20261003-191547-0744	CP-8	Antiphon.Tests.Application.DiagnosisTests	word_count_accepts_two_to_ten	Passed	e2278ca1-e786-a797-6334-3ad22d97a5c8	-
20261003-191547-0744	CP-8	Antiphon.Tests.Application.DiagnosisTests	an_answer_that_starts_with_TITLE_is_rejected	Passed	fee9fb16-96a4-3760-3a59-fca727e9b459	-
20261003-191547-0744	CP-8	Antiphon.Tests.Application.DiagnosisTests	an_answer_that_starts_with_TITLE_is_rejected	Passed	f8ca13b4-268b-96d1-36f3-494f01714112	-
20261003-191547-0744	CP-8	Antiphon.Tests.Application.DiagnosisTests	an_answer_that_starts_with_TITLE_is_rejected	Passed	e8ac23ca-747f-5500-fb8d-a8f2a60b26f9	-
20261003-191547-0744	CP-8	Antiphon.Tests.Application.DiagnosisTests	an_answer_equal_to_the_fallback_is_rejected	Passed	86a0a403-dbec-38cb-10b5-d63865a57e53	-
20261003-191547-0744	CP-8	Antiphon.Tests.Application.DiagnosisTests	a_task_or_report_marker_is_rejected	Passed	b47aee60-035d-ecf6-1e57-d8a0891f69f7	-
20261003-191547-0744	CP-8	Antiphon.Tests.Application.DiagnosisTests	a_task_or_report_marker_is_rejected	Passed	3d2e8e9c-8b79-da6e-46dd-262e49397e38	-
20261003-191547-0744	CP-8	Antiphon.Tests.Application.DiagnosisTests	three_lines_are_rejected	Passed	eb58d880-a04f-4423-85a5-356f61368aa8	-
20261003-191547-0744	CP-8	Antiphon.Tests.Application.DiagnosisTests	two_lines_are_rejected	Passed	3880541f-a053-2aa7-c8f3-57083cc7caef	-
20261003-191547-0744	CP-8	Antiphon.Tests.Application.DiagnosisTests	eighty_chars_is_accepted_and_eighty_one_is_not	Passed	57ae3041-7014-4046-1a03-b6772b1cbedd	-
20261003-191547-0744	CP-8	Antiphon.Tests.Application.DiagnosisTests	quotes_and_a_trailing_stop_are_stripped	Passed	a3b64feb-9a2d-ff90-07cd-89a4164803d2	-
20261003-191547-0744	CP-8	Antiphon.Tests.Application.DiagnosisTests	word_count_accepts_two_to_ten	Passed	dd3e96d4-c8eb-9f2e-a83b-fc1ad2d96756	-
20261003-191547-0744	CP-8	Antiphon.Tests.Application.DiagnosisTests	word_count_accepts_two_to_ten	Passed	1901813d-c2f8-2cb1-9514-f39c1b3ded48	-
20261003-191547-0744	CP-8	Antiphon.Tests.Application.DiagnosisTests	every_valid_label_pair_is_accepted	Passed	9526c4dc-1a70-afc7-7801-d32c4ef81b87	-
20261003-191547-0744	CP-8	Antiphon.Tests.Application.DiagnosisTests	a_labels_brief_leads_with_LABELS_and_names_the_card	Passed	edfbfcb0-b87c-3721-618f-556f4b42ec38	-
20261003-191547-0744	CP-8	Antiphon.Tests.Application.DiagnosisTests	a_card_identifier_is_prefixed_when_absent	Passed	560d667c-f57d-bd46-9a91-91db5278bd5a	-
20261003-191547-0744	CP-8	Antiphon.Tests.Application.DiagnosisTests	clamp_at_the_default_budget_fits_every_live_open_card	Passed	30195b92-cc60-39ba-ef98-19729535cb17	-
20261003-191547-0744	CP-8	Antiphon.Tests.Application.DiagnosisTests	every_valid_label_pair_is_accepted	Passed	fa6efb14-0918-45b3-a3cc-43847ce343a9	-
20261003-191547-0744	CP-8	Antiphon.Tests.Application.DiagnosisTests	unclear_is_a_valid_answer_with_no_labels	Passed	9f229a5b-46b9-5d45-050a-201dd06a0cbe	-
20261003-191547-0744	CP-8	Antiphon.Tests.Application.DiagnosisTests	prose_and_partial_answers_are_unparseable	Passed	8d753bab-f481-aca8-9093-bb225501eae1	-
20261003-191547-0744	CP-8	Antiphon.Tests.Application.DiagnosisTests	a_title_brief_leads_with_TITLE_scrubs_markers_and_carries_the_reminder	Passed	c45d0e04-a663-e5b7-d2d3-b840cee0331b	-
20261003-191547-0744	CP-8	Antiphon.Tests.Application.DiagnosisTests	prose_and_partial_answers_are_unparseable	Passed	3043f90a-a38a-97ff-8d54-b944f15fc1b4	-
20261003-191547-0744	CP-8	Antiphon.Tests.Application.DiagnosisTests	prose_and_partial_answers_are_unparseable	Passed	279aa57f-fb9c-7d82-7aad-ce8fbf957ef3	-
20261003-191547-0744	CP-8	Antiphon.Tests.Application.DiagnosisTests	prose_and_partial_answers_are_unparseable	Passed	178da09b-bbf9-fd85-9097-5c81444ce6d1	-
20261003-191547-0744	CP-8	Antiphon.Tests.Application.DiagnosisTests	prose_and_partial_answers_are_unparseable	Passed	66b00e5b-ed18-bf1d-2717-2334200a2d83	-
20261003-191547-0744	CP-8	Antiphon.Tests.Application.DiagnosisTests	prose_and_partial_answers_are_unparseable	Passed	3ef05d9f-6a05-fc1e-281c-208c57fe56ff	-
20261003-191547-0744	CP-8	Antiphon.Tests.Application.DiagnosisTests	two_label_lines_are_rejected	Passed	dbbc1e74-42b2-0017-ebe1-a00b989a8658	-
20261003-191547-0744	CP-8	Antiphon.Tests.Application.DiagnosisTests	word_count_accepts_two_to_ten	Passed	b3810006-1d13-e784-b8fc-56397a50925f	-
20261003-191547-0744	CP-8	Antiphon.Tests.Application.DiagnosisTests	clamp_keeps_head_and_tail_with_an_elision_marker	Passed	260cfb1d-ce18-0883-c2cd-796fd15f0930	-
20261003-191547-0744	CP-8	Antiphon.Tests.Application.DiagnosisTests	clamp_leaves_short_input_unchanged	Passed	ef4a95ec-d1da-d3d9-6bc0-da466f0b6845	-
20261003-191547-0744	CP-8	Antiphon.Tests.Application.DiagnosticsRedactorTests	No_secret_shaped_string_survives_redaction	Passed	bce5f6b1-a274-8b57-4817-d29d50743982	-
20261003-191547-0744	CP-8	Antiphon.Tests.Application.DiagnosticsRedactorTests	Key_placeholder_bodies_are_redacted	Passed	1b27a410-6461-1bcd-9268-b3b39495d6da	-
20261003-191547-0744	CP-8	Antiphon.Tests.Application.DiagnosticsRedactorTests	Sk_shaped_keys_are_redacted	Passed	87375073-3d31-3d00-e793-87755016e9c7	-
20261003-191547-0744	CP-8	Antiphon.Tests.Application.DiagnosticsRedactorTests	Slack_bot_and_user_tokens_are_redacted	Passed	9cfbd255-10ed-449f-12c6-5d6c232f0a5a	-
20261003-191547-0744	CP-8	Antiphon.Tests.Application.DiagnosticsRedactorTests	Github_pats_are_redacted	Passed	b272e695-0951-e378-e9cd-878c1644c1dc	-
20261003-191547-0744	CP-8	Antiphon.Tests.Application.DiagnosticsRedactorTests	Bearer_tokens_are_redacted	Passed	e0104351-6b93-17c8-d1c5-d3cc190ce64a	-
20261003-191547-0744	CP-8	Antiphon.Tests.Application.DiagnosticsRedactorTests	Telegram_bot_tokens_are_redacted	Passed	5083475d-8978-9eb5-1a07-eb44a50c889b	-
20261003-191547-0744	CP-8	Antiphon.Tests.Application.DiagnosticsRedactorTests	Connection_string_passwords_are_redacted	Passed	20d4b7a4-32f6-6d1a-f4b2-56f8bd9ecc89	-
20261003-191547-0744	CP-8	Antiphon.Tests.Application.DiagnosticsRedactorTests	Home_path_is_kept_only_with_IncludePaths	Passed	aa9487e5-2f9f-7778-2c86-a7daca602783	-
20261003-191547-0744	CP-8	Antiphon.Tests.Application.DiagnosticsRedactorTests	Project_directories_are_replaced_unless_IncludePaths	Passed	c8aa595d-2de2-e311-f475-153c7b9c1c4d	-
20261003-191547-0744	CP-8	Antiphon.Tests.Application.DiagnosticsRedactorTests	No_secret_shaped_string_survives_redaction	Passed	a5d9e486-0a37-7c77-5319-5442b6aafce1	-
20261003-191547-0744	CP-8	Antiphon.Tests.Application.DiagnosticsRedactorTests	No_secret_shaped_string_survives_redaction	Passed	d43a279c-4d6e-8542-89e7-25a16eb7e4de	-
20261003-191547-0744	CP-8	Antiphon.Tests.Application.DiagnosticsRedactorTests	No_secret_shaped_string_survives_redaction	Passed	07e09c0b-3b8a-17e0-5411-5dc59643b8ee	-
20261003-191547-0744	CP-8	Antiphon.Tests.Application.DiagnosticsRedactorTests	No_secret_shaped_string_survives_redaction	Passed	875941b5-29f0-8eeb-81f0-efa91c93c8d5	-
20261003-191547-0744	CP-8	Antiphon.Tests.Application.DiagnosticsRedactorTests	No_secret_shaped_string_survives_redaction	Passed	f2bfbd67-b249-b9dc-6707-2c109a5f6ef6	-
20261003-191547-0744	CP-8	Antiphon.Tests.Application.DiagnosticsRedactorTests	No_secret_shaped_string_survives_redaction	Passed	86ff4b27-643a-2c4a-a752-900760c34186	-
20261003-191547-0744	CP-8	Antiphon.Tests.Application.DiagnosticsRedactorTests	No_secret_shaped_string_survives_redaction	Passed	9554f630-d0b5-6377-4a3d-336316226851	-
20261003-191547-0744	CP-8	Antiphon.Tests.Application.DiagnosticsRedactorTests	No_secret_shaped_string_survives_redaction	Passed	bb4f9d37-df41-95dd-7c37-1843b47c40d3	-
20261003-191547-0744	CP-8	Antiphon.Tests.Application.DirectoryBrowseServiceTests	prefix_returns_matching_child_directories	NotExecuted	2c612967-1d77-ecc7-1030-ac96fd470e8f	Skipped: Drive-letter directory listing needs a Windows MockFileSystem
20261003-191547-0744	CP-8	Antiphon.Tests.Application.DirectoryBrowseServiceTests	reads_filesystem_once_within_ttl	Passed	227110f8-94c5-85cf-e2f0-a4d8bc00fa34	-
20261003-191547-0744	CP-8	Antiphon.Tests.Application.DirectoryBrowseServiceTests	empty_input_returns_drive_roots	Passed	49022b07-1159-a66f-94a7-0a01ca77c5b8	-
20261003-191547-0744	CP-8	Antiphon.Tests.Application.DirectoryBrowseServiceTests	normalizes_backslashes_and_drive_case	Passed	18ae0d2f-3655-8555-d3d0-13464e2c7cbf	-
20261003-191547-0744	CP-8	Antiphon.Tests.Application.DirectoryBrowseServiceTests	existing_path_reports_exists_true	NotExecuted	ee398f49-120b-917b-03a8-c30048f0ce64	Skipped: Drive-letter directory listing needs a Windows MockFileSystem
20261003-191547-0744	CP-8	Antiphon.Tests.Application.DirectoryBrowseServiceTests	trailing_slash_lists_children_of_that_directory	NotExecuted	373821da-4f9a-df36-9732-68b696f0ab85	Skipped: Drive-letter directory listing needs a Windows MockFileSystem
20261003-191547-0744	CP-8	Antiphon.Tests.Application.DirectoryBrowseServiceTests	partial_leaf_matches_substring_within_child_name	NotExecuted	4ba9d923-deb0-24e8-1147-8ececc8388b1	Skipped: Drive-letter directory listing needs a Windows MockFileSystem
20261003-191547-0744	CP-8	Antiphon.Tests.Application.DirectoryBrowseServiceTests	caches_within_ttl_and_refreshes_after	NotExecuted	c3de3de3-93eb-025f-aae9-793082a9db4a	Skipped: Drive-letter directory listing needs a Windows MockFileSystem
20261003-191547-0744	CP-8	Antiphon.Tests.Application.DirectoryBrowseServiceTests	missing_path_reports_exists_false	Passed	567069ee-b276-7725-f3f3-3a416102b30f	-
20261003-191547-0744	CP-8	Antiphon.Tests.Application.DirectoryMatcherTests	substring_matches_rank_before_pure_subsequence_matches	Passed	23c9c567-fb26-6b4a-0c91-33a8883f8497	-
20261003-191547-0744	CP-8	Antiphon.Tests.Application.DirectoryMatcherTests	prefix_matches_rank_before_substring_matches	Passed	1f1ee867-c4e5-3197-fed5-a75d5f6a5873	-
20261003-191547-0744	CP-8	Antiphon.Tests.Application.DirectoryMatcherTests	empty_query_returns_all_children_unchanged	Passed	fb5dd57e-24c4-5fb2-eb8e-88f994118111	-
20261003-191547-0744	CP-8	Antiphon.Tests.Application.DirectoryMatcherTests	word_boundary_match_ranks_before_mid_word_match	Passed	ac6c44cd-8fcf-100b-ff0a-57a6d781195d	-
20261003-191547-0744	CP-8	Antiphon.Tests.Application.DirectoryMatcherTests	bm25_ranks_rarer_token_match_above_common_token_match	Passed	7dd35e53-4229-4ca5-90b9-b4546c3882af	-
20261003-191547-0744	CP-8	Antiphon.Tests.Application.DirectoryMatcherTests	partial_match_surfaces_substring_within_name	Passed	b59caedb-9334-5195-0db2-02913c850417	-
20261003-191547-0744	CP-8	Antiphon.Tests.Application.DirectoryMatcherTests	non_matching_query_returns_empty	Passed	04043a40-dc6a-f383-d970-6c9502fcccaf	-
20261003-191547-0744	CP-8	Antiphon.Tests.Application.DispatchHoldLedgerTests	C672_ClassOf_maps_every_hold_sentence	Passed	010f2438-a0d8-2cd9-0142-291cbeda7141	-
20261003-191547-0744	CP-8	Antiphon.Tests.Application.DispatchHoldLedgerTests	C672_ClassOf_maps_every_hold_sentence	Passed	e578586a-2d7e-53c9-5b93-318aa2759ed5	-
20261003-191547-0744	CP-8	Antiphon.Tests.Application.DispatchHoldLedgerTests	C672_ClassOf_maps_every_hold_sentence	Passed	d8441ddb-00b5-ab10-4b8f-2362d5488d7a	-
20261003-191547-0744	CP-8	Antiphon.Tests.Application.DispatchHoldLedgerTests	C672_ClassOf_maps_every_hold_sentence	Passed	7766a1bc-f90f-debf-7421-c5b346072987	-
20261003-191547-0744	CP-8	Antiphon.Tests.Application.DispatchHoldLedgerTests	C672_ClassOf_maps_every_hold_sentence	Passed	cb20b1f0-df01-19a8-c2b8-5ae33784c313	-
20261003-191547-0744	CP-8	Antiphon.Tests.Application.DispatchHoldLedgerTests	C672_ClassOf_maps_every_hold_sentence	Passed	b416d8ef-e7b5-3c48-8b71-3c07cdc243a8	-
20261003-191547-0744	CP-8	Antiphon.Tests.Application.DispatchHoldLedgerTests	A_task_title_quoted_in_a_scope_hold_does_not_reclass_it	Passed	148c5ac3-a86a-18b5-051e-657b2168c1b3	-
20261003-191547-0744	CP-8	Antiphon.Tests.Application.DispatchHoldLedgerTests	FromRows_sums_stints_ignores_the_previous_stint_and_runs_the_open_one_to_now	Passed	36165cd6-c439-940e-ac20-e0404e447636	-
20261003-191547-0744	CP-8	Antiphon.Tests.Application.DispatchHoldLedgerTests	FromRows_other_sums_every_unnamed_class_and_names_the_dominant_one	Passed	39ea2faa-34f0-c37c-0643-d916fdf0d820	-
20261003-191547-0744	CP-8	Antiphon.Tests.Application.DispatchHoldLedgerTests	C672_ClassOf_maps_every_hold_sentence	Passed	006605c8-2007-d0d9-588a-9f1bbdd73e48	-
20261003-191547-0744	CP-8	Antiphon.Tests.Application.DispatchHoldLedgerTests	C672_ClassOf_maps_every_hold_sentence	Passed	9f37c386-980d-65b2-67d2-2334450ffce4	-
20261003-191547-0744	CP-8	Antiphon.Tests.Application.DispatchHoldLedgerTests	C672_ClassOf_maps_every_hold_sentence	Passed	6aec7fd1-4710-d85a-3db1-a5d2a41c7105	-
20261003-191547-0744	CP-8	Antiphon.Tests.Application.DispatchHoldLedgerTests	C672_ClassOf_maps_every_hold_sentence	Passed	6436b844-efeb-9bdb-be95-d21b78cefb8e	-
20261003-191547-0744	CP-8	Antiphon.Tests.Application.DispatchHoldLedgerTests	C672_ClassOf_maps_every_hold_sentence	Passed	5da10416-7619-af77-0bab-6b1d01ea68b6	-
20261003-191547-0744	CP-8	Antiphon.Tests.Application.DispatchHoldLedgerTests	C672_ClassOf_maps_every_hold_sentence	Passed	40c0119d-5038-ecfc-39f2-fbe077ed1541	-
20261003-191547-0744	CP-8	Antiphon.Tests.Application.DispatchHoldLedgerTests	C672_ClassOf_maps_every_hold_sentence	Passed	8d58adca-e912-efdc-181d-e0962c0142b9	-
20261003-191547-0744	CP-8	Antiphon.Tests.Application.DispatchHoldLedgerTests	C672_ClassOf_maps_every_hold_sentence	Passed	c6ed4f03-7b54-a0fa-bc2b-37491e3097ad	-
20261003-191547-0744	CP-8	Antiphon.Tests.Application.DispatchHoldLedgerTests	C672_ClassOf_maps_every_hold_sentence	Passed	bd38a067-024a-7a5b-6ba9-a352081530ff	-
20261003-191547-0744	CP-8	Antiphon.Tests.Application.DispatchHoldLedgerTests	C672_ClassOf_maps_every_hold_sentence	Passed	401b0c2b-2653-6d5d-f8f9-446fd788bdf8	-
20261003-191547-0744	CP-8	Antiphon.Tests.Application.DispatchHoldLedgerTests	Lease_wins_a_tie_and_an_empty_ledger_names_none	Passed	473e66f8-1a11-6b0e-29fa-a287db680ce9	-
20261003-191547-0744	CP-8	Antiphon.Tests.Application.DispatchHoldLedgerTests	C672_ClassOf_maps_every_hold_sentence	Passed	cef50bf1-fba2-f9fd-15f0-e0b26c9b6eca	-
20261003-191547-0744	CP-8	Antiphon.Tests.Application.DispatchHoldLedgerTests	C672_ClassOf_maps_every_hold_sentence	Passed	e1587dd5-be97-c335-c779-73488bc9c7f5	-
20261003-191547-0744	CP-8	Antiphon.Tests.Application.ExpectationDirectiveTests	C650_Disabled_or_expired_directive_has_no_effects	Passed	de478a82-b783-815f-4867-8f78acda24fe	-
20261003-191547-0744	CP-8	Antiphon.Tests.Application.ExpectationDirectiveTests	C650_Configurable_windows_validate_and_change_digest	Passed	8dec9770-0151-a61c-b54c-a3d9bc3d0ca0	-
20261003-191547-0744	CP-8	Antiphon.Tests.Application.ExpectationDirectiveTests	C650_Config_digest_changes_only_for_semantic_edits	Passed	91065fba-2885-2ec5-371b-8b31e13e1a1b	-
20261003-191547-0744	CP-8	Antiphon.Tests.Application.ExpectationDirectiveTests	C650_Validates_scope_and_recipient_references	Passed	bf687681-0003-ac6b-a672-930741b82821	-
20261003-191547-0744	CP-8	Antiphon.Tests.Application.ExpectationDirectiveTests	C650_Rejects_invalid_and_duplicate_directives	Passed	c314c5e5-6de3-010a-1d4b-34a67f22a49f	-
20261003-191547-0744	CP-8	Antiphon.Tests.Application.ExpectationPipelineTests	C650_Ordinary_waits_are_not_global_fences	Passed	eec20ca9-dbf5-302a-4f65-8982fe5aeabe	-
20261003-191547-0744	CP-8	Antiphon.Tests.Application.ExpectationPipelineTests	C650_Stale_land_or_cap_hold_beside_unrelated_running_work_opens_the_episode	Passed	a73ae0ca-287a-6c96-27ef-815a64069b47	-
20261003-191547-0744	CP-8	Antiphon.Tests.Application.ExpectationPipelineTests	C650_Unknown_observation_does_not_resolve	Passed	f1f2661b-c180-b54f-5702-15cf3d1a98cc	-
20261003-191547-0744	CP-8	Antiphon.Tests.Application.ExpectationPipelineTests	C650_Partial_or_unknown_path_is_not_global_fence	Passed	ad7de9d6-dd16-2d56-a5b9-e319d8d0e27c	-
20261003-191547-0744	CP-8	Antiphon.Tests.Application.ExpectationPipelineTests	C650_Requeue_resets_age_but_Held_does_not	Passed	c172fe06-1643-877c-502c-16fe5524edc4	-
20261003-191547-0744	CP-8	Antiphon.Tests.Application.ExpectationPipelineTests	C650_Capacity_deficit_requires_continuous_ready_work	Passed	8d8fd14a-4f2e-edef-7aec-aa6a414a9ba7	-
20261003-191547-0744	CP-8	Antiphon.Tests.Application.ExpectationPipelineTests	C650_Queue_age_and_dispatch_progress_use_exact_boundaries	Passed	d48f253c-fadd-c480-14df-a3164c9c611c	-
20261003-191547-0744	CP-8	Antiphon.Tests.Application.ExpectationPipelineTests	C650_All_paths_fenced_is_immediate	Passed	795aebb4-32f7-a474-48e7-21c37e5d333f	-
20261003-191547-0744	CP-8	Antiphon.Tests.Application.ExpectationPipelineTests	C650_Quota_fences_new_admission_only	Passed	87ce9973-d300-b6a9-cd1a-a13900f642ca	-
20261003-191547-0744	CP-8	Antiphon.Tests.Application.GitIndexLockTests	TryReclaimAfterKill_is_gone	Passed	d92871fc-8895-2ba6-ff85-920911f99d7e	-
20261003-191547-0744	CP-8	Antiphon.Tests.Application.GitIndexLockTests	Evaluate_path_error_is_held	Passed	8754d5aa-4257-afa7-fc72-530e1aa5210b	-
20261003-191547-0744	CP-8	Antiphon.Tests.Application.GitIndexLockTests	Classify_matrix	Passed	9e4dcdd0-427e-5a35-c434-e36a34dfcdb8	-
20261003-191547-0744	CP-8	Antiphon.Tests.Application.GitIndexLockTests	Classify_matrix	Passed	26edf1e6-7918-8e2d-5c62-b9d44524f283	-
20261003-191547-0744	CP-8	Antiphon.Tests.Application.GitIndexLockTests	Classify_matrix	Passed	f2a5f0fb-7f56-5f6c-b306-774b213cc185	-
20261003-191547-0744	CP-8	Antiphon.Tests.Application.GitIndexLockTests	Classify_matrix	Passed	3c2f1887-c81f-19bd-b72b-e74174772133	-
20261003-191547-0744	CP-8	Antiphon.Tests.Application.GitIndexLockTests	Classify_matrix	Passed	677b27a8-322e-d10a-6a57-3d9e85f00e99	-
20261003-191547-0744	CP-8	Antiphon.Tests.Application.GitIndexLockTests	Classify_matrix	Passed	89e5227c-adae-8538-48a6-00e7e22da468	-
20261003-191547-0744	CP-8	Antiphon.Tests.Application.GitIndexLockTests	Classify_matrix	Passed	3e8614d9-5ae4-f846-67dd-4b6331839f96	-
20261003-191547-0744	CP-8	Antiphon.Tests.Application.GrokDeliveryShapeTests	The_api_fallback_survives_the_join	Passed	fddf4f64-877f-d78f-29ff-bfd7641d5e74	-
20261003-191547-0744	CP-8	Antiphon.Tests.Application.GrokDeliveryShapeTests	A_join_safe_refinement_pointer_keeps_its_markers_and_its_path	Passed	18f26f10-9d41-6c6d-63a1-4d388d89e08c	-
20261003-191547-0744	CP-8	Antiphon.Tests.Application.GrokDeliveryShapeTests	A_join_safe_pointer_is_already_one_line_and_keeps_the_path_delimited	Passed	b2477e04-e5b3-03ef-deb2-4a06aa6b4766	-
20261003-191547-0744	CP-8	Antiphon.Tests.Application.GrokDeliveryShapeTests	The_default_pointer_fuses_the_spill_path_with_the_next_line_when_joined	Passed	de2a8cb6-0f85-94dc-c32f-5ab8e0c8e6be	-
20261003-191547-0744	CP-8	Antiphon.Tests.Application.GrokDeliveryShapeTests	A_codex_brief_spills_where_the_backend_alone_would_have_typed_it_inline	Passed	3509f059-d7bc-91f1-4986-f5217d1c389c	-
20261003-191547-0744	CP-8	Antiphon.Tests.Application.GrokDeliveryShapeTests	An_unmeasured_kind_is_join_safe_by_default	Passed	1059ca47-7fb8-ef09-fdd1-f704075c2042	-
20261003-191547-0744	CP-8	Antiphon.Tests.Application.GrokDeliveryShapeTests	An_unmeasured_kind_is_join_safe_by_default	Passed	d6bddbf7-f72f-545d-43a2-cd031360b6bf	-
20261003-191547-0744	CP-8	Antiphon.Tests.Application.GrokDeliveryShapeTests	An_unmeasured_kind_is_join_safe_by_default	Passed	4f50838e-3b2a-e19d-8b1e-6ca16bea6774	-
20261003-191547-0744	CP-8	Antiphon.Tests.Application.GrokDeliveryShapeTests	Narrowing_for_a_joining_composer_touches_the_inline_ceiling_and_nothing_else	Passed	dbe383f5-2318-fff7-3ec3-dcfce99fe5ad	-
20261003-191547-0744	CP-8	Antiphon.Tests.Application.GrokDeliveryShapeTests	Narrowing_for_a_joining_composer_touches_the_inline_ceiling_and_nothing_else	Passed	e811c62f-a671-073b-f6d7-0ff7e7279502	-
20261003-191547-0744	CP-8	Antiphon.Tests.Application.GrokDeliveryShapeTests	A_composer_that_joins_typed_lines_spills_a_brief_the_backend_would_have_typed_inline	Passed	3af1e6e0-1508-f30c-3e83-6a757eed36a4	-
20261003-191547-0744	CP-8	Antiphon.Tests.Application.GrokDeliveryShapeTests	The_spilled_brief_keeps_the_structure_the_pointer_gave_up	Passed	55ce241f-11ef-695c-2b48-106767dab9b9	-
20261003-191547-0744	CP-8	Antiphon.Tests.Application.GrokDeliveryShapeTests	The_one_measured_keeps_newlines_kind_gets_the_backends_ceilings_unchanged	Passed	e7a47b25-7375-315a-98bc-ddebcf195f58	-
20261003-191547-0744	CP-8	Antiphon.Tests.Application.GrokDeliveryShapeTests	A_non_joining_pointer_is_byte_identical_to_the_shipped_rendering	Passed	65634c40-435f-cdc4-7d2e-81149356d055	-
20261003-191547-0744	CP-8	Antiphon.Tests.Application.GrokLaunchArgsTests	every_tier_names_its_own_reasoning_effort	Passed	9ae6811c-1965-ec04-566b-77dc9a7a2aee	-
20261003-191547-0744	CP-8	Antiphon.Tests.Application.GrokLaunchArgsTests	every_tier_names_its_own_reasoning_effort	Passed	8a30cbad-ec42-e72b-199b-01cc9142dd4e	-
20261003-191547-0744	CP-8	Antiphon.Tests.Application.GrokLaunchArgsTests	every_tier_names_its_own_reasoning_effort	Passed	1d1e1e8d-7a74-9906-a6ad-675178231a27	-
20261003-191547-0744	CP-8	Antiphon.Tests.Application.GrokLaunchArgsTests	every_tier_names_its_own_reasoning_effort	Passed	6eed1af0-889a-3b1b-0709-fd3dcc1dfe73	-
20261003-191547-0744	CP-8	Antiphon.Tests.Application.GrokLaunchArgsTests	the_effort_ladder_is_monotonic_with_the_tier_ladder	Passed	e57bef94-dafa-c8a8-4e37-cd0b4e86427e	-
20261003-191547-0744	CP-8	Antiphon.Tests.Application.GrokLaunchArgsTests	every_emitted_effort_is_in_the_grok_4_6_catalog	Passed	30ec22b3-670b-0097-464e-b8bce9e5e8b1	-
20261003-191547-0744	CP-8	Antiphon.Tests.Application.GrokLaunchArgsTests	the_canonical_flag_is_reasoning_effort_not_the_effort_alias	Passed	1d5b8288-e0aa-a5b2-a68f-6a16c4bae62c	-
20261003-191547-0744	CP-8	Antiphon.Tests.Application.GrokLaunchArgsTests	grok_4_5_clamps_frontier_xhigh_to_high_and_leaves_other_tiers_alone	Passed	b8dd0600-fde3-8d73-cf5d-e8de66044adf	-
20261003-191547-0744	CP-8	Antiphon.Tests.Application.GrokLaunchArgsTests	grok_4_6_and_an_unset_model_keep_the_table_including_xhigh	Passed	00ae6533-a12c-f72a-e8ca-5b05f96bc4ac	-
20261003-191547-0744	CP-8	Antiphon.Tests.Application.GrokNativeSessionResumeTests	Claude_and_codex_resume_are_untouched_without_a_directory	Passed	75dedf59-bb64-d735-70b0-7ba49c57d08f	-
20261003-191547-0744	CP-8	Antiphon.Tests.Application.GrokNativeSessionResumeTests	New_and_continue_are_untouched_even_without_a_directory	Passed	c077de06-439c-16b1-6070-eb26803e5244	-
20261003-191547-0744	CP-8	Antiphon.Tests.Application.GrokNativeSessionResumeTests	New_and_continue_are_untouched_even_without_a_directory	Passed	da630502-73c7-c834-515e-c2acbb5f590a	-
20261003-191547-0744	CP-8	Antiphon.Tests.Application.GrokNativeSessionResumeTests	Card_resume_with_no_directory_retains_legacy_create_policy	Passed	da8dd0e1-af7d-2b44-56d1-3dc78609d6cb	-
20261003-191547-0744	CP-8	Antiphon.Tests.Application.GrokNativeSessionResumeTests	Resume_with_a_directory_under_any_cwd_encoding_keeps_resume	Passed	40b18108-62f9-e571-07ed-23ad60bee982	-
20261003-191547-0744	CP-8	Antiphon.Tests.Application.GrokNativeSessionResumeTests	Launch_env_GROK_HOME_beats_process_env	Passed	3bc97510-f7cd-1eee-9585-9e032825f4b3	-
20261003-191547-0744	CP-8	Antiphon.Tests.Application.GrokQuestionPopupTests	Plain_composer_is_not_the_question_popup	Passed	ca44f9e0-973b-7eb4-6ade-4b60760c2dcf	-
20261003-191547-0744	CP-8	Antiphon.Tests.Application.GrokQuestionPopupTests	Unmeasured_literals_mean_IsPresent_is_always_false	Passed	08b7aadc-db9f-0400-165f-6b70ac59c3b9	-
20261003-191547-0744	CP-8	Antiphon.Tests.Application.GrokQuestionPopupTests	Usage_overlay_is_not_the_question_popup	Passed	f584b24f-8281-154e-77b0-de04f302096c	-
20261003-191547-0744	CP-8	Antiphon.Tests.Application.GrokQuestionPopupTests	Null_or_empty_is_absent	Passed	65f19c6b-07dc-9b86-5fba-7b2e12d49df5	-
20261003-191547-0744	CP-8	Antiphon.Tests.Application.GrokRulesLiveEvidenceTests	Captured_live_rows_match_independent_oracles_and_two_distinct_native_boundaries	Passed	efd7a76c-b858-321f-cf48-44bd424bc852	-
20261003-191547-0744	CP-8	Antiphon.Tests.Application.GrokRulesTransportCompatibilityTests	Unsafe_raw_rules_are_refused_server_side_before_runner_calls	NotExecuted	02331705-985a-e1e2-b088-dff7754dadfd	Skipped: CARD-0382 Grok rules argv guard is Windows-only by design
20261003-191547-0744	CP-8	Antiphon.Tests.Application.GrokRulesTransportCompatibilityTests	Unsafe_raw_rules_are_refused_server_side_before_runner_calls	NotExecuted	793fe86b-4298-4eb3-c676-fd5563806521	Skipped: CARD-0382 Grok rules argv guard is Windows-only by design
20261003-191547-0744	CP-8	Antiphon.Tests.Application.GrokRulesTransportCompatibilityTests	Payload_and_budget_round_trip_while_receipt_remains_metadata_only	Passed	52d84e22-3bc8-a161-6c8a-191965620dca	-
20261003-191547-0744	CP-8	Antiphon.Tests.Application.GrokRulesTransportCompatibilityTests	Invalid_body_is_refused_server_side_before_any_runner_request	Passed	74ec548c-05f3-6daa-af85-8349848dfe7c	-
20261003-191547-0744	CP-8	Antiphon.Tests.Application.GrokRulesTransportCompatibilityTests	Invalid_body_is_refused_server_side_before_any_runner_request	Passed	18fca67c-9f65-f16b-41ac-0d3fe62ae8e0	-
20261003-191547-0744	CP-8	Antiphon.Tests.Application.GrokRulesTransportCompatibilityTests	Invalid_body_is_refused_server_side_before_any_runner_request	Passed	0cef7325-9782-733c-b7f5-c38ae9a8df0e	-
20261003-191547-0744	CP-8	Antiphon.Tests.Application.GrokRulesTransportCompatibilityTests	Invalid_body_is_refused_server_side_before_any_runner_request	Passed	4da6205e-1cc1-94a0-c053-c72cf872e857	-
20261003-191547-0744	CP-8	Antiphon.Tests.Application.GrokRulesTransportCompatibilityTests	Invalid_body_is_refused_server_side_before_any_runner_request	Passed	24397663-d4dd-5380-0afc-db8865d0c705	-
20261003-191547-0744	CP-8	Antiphon.Tests.Application.GrokRulesTransportCompatibilityTests	Invalid_body_is_refused_server_side_before_any_runner_request	Passed	f8b73f0f-46d2-def2-aea1-cad38a65e591	-
20261003-191547-0744	CP-8	Antiphon.Tests.Application.GrokRulesTransportCompatibilityTests	Invalid_body_is_refused_server_side_before_any_runner_request	Passed	acea78a1-1832-d38f-8d84-d175caecdb31	-
20261003-191547-0744	CP-8	Antiphon.Tests.Application.GrokRulesTransportCompatibilityTests	Missing_capability_refuses_before_sending_a_payload_to_an_old_runner	Passed	95174292-1c61-23cd-2d5b-58f90fd2b663	-
20261003-191547-0744	CP-8	Antiphon.Tests.Application.GrokRulesTransportCompatibilityTests	Invalid_body_is_refused_server_side_before_any_runner_request	Passed	1ab278fe-182f-8333-2eb4-38e317d64594	-
20261003-191547-0744	CP-8	Antiphon.Tests.Application.GrokRulesTransportCompatibilityTests	Missing_capability_refuses_before_sending_a_payload_to_an_old_runner	Passed	1afac3d1-d708-c8a7-df80-7d3e0459787d	-
20261003-191547-0744	CP-8	Antiphon.Tests.Application.GrokRulesTransportCompatibilityTests	Unsafe_raw_rules_are_refused_server_side_before_runner_calls	NotExecuted	ba97ea4f-db22-412c-eca3-69fd44bd1477	Skipped: CARD-0382 Grok rules argv guard is Windows-only by design
20261003-191547-0744	CP-8	Antiphon.Tests.Application.GrokRulesTransportCompatibilityTests	Unsafe_raw_rules_are_refused_server_side_before_runner_calls	NotExecuted	e1ad7666-e1c5-e311-b3e1-f9359fcd1ca9	Skipped: CARD-0382 Grok rules argv guard is Windows-only by design
20261003-191547-0744	CP-8	Antiphon.Tests.Application.GrokRulesTransportCompatibilityTests	Unsafe_raw_rules_are_refused_server_side_before_runner_calls	NotExecuted	95a89bce-ea59-f0bc-d192-1ec4307fccab	Skipped: CARD-0382 Grok rules argv guard is Windows-only by design
20261003-191547-0744	CP-8	Antiphon.Tests.Application.GrokRulesTransportCompatibilityTests	Missing_capability_refuses_before_sending_a_payload_to_an_old_runner	Passed	adf50d57-4103-a4ee-7326-c67e6e17ab4f	-
20261003-191547-0744	CP-8	Antiphon.Tests.Application.GrokRulesTransportCompatibilityTests	Unsafe_raw_rules_are_refused_server_side_before_runner_calls	NotExecuted	ce57c759-c8e9-1aed-27ac-43b387da6fb0	Skipped: CARD-0382 Grok rules argv guard is Windows-only by design
20261003-191547-0744	CP-8	Antiphon.Tests.Application.GrokRulesTransportCompatibilityTests	Unsafe_raw_rules_are_refused_server_side_before_runner_calls	NotExecuted	75854a42-8fb0-c3e2-5271-7d36a70f0b25	Skipped: CARD-0382 Grok rules argv guard is Windows-only by design
20261003-191547-0744	CP-8	Antiphon.Tests.Application.GrokRulesTransportCompatibilityTests	Unsafe_raw_rules_are_refused_server_side_before_runner_calls	NotExecuted	744f06b2-cd83-16d1-1924-26d3d2795abd	Skipped: CARD-0382 Grok rules argv guard is Windows-only by design
20261003-191547-0744	CP-8	Antiphon.Tests.Application.GrokRulesTransportCompatibilityTests	Unsafe_raw_rules_are_refused_server_side_before_runner_calls	NotExecuted	4b2437e8-75e9-d4d5-3751-c2296ca086e0	Skipped: CARD-0382 Grok rules argv guard is Windows-only by design
20261003-191547-0744	CP-8	Antiphon.Tests.Application.GrokRulesTransportCompatibilityTests	Unsafe_raw_rules_are_refused_server_side_before_runner_calls	NotExecuted	04ad30e2-73e7-51d4-f8be-3a6ff6d6474e	Skipped: CARD-0382 Grok rules argv guard is Windows-only by design
20261003-191547-0744	CP-8	Antiphon.Tests.Application.GrokRulesTransportCompatibilityTests	Unsafe_raw_rules_are_refused_server_side_before_runner_calls	NotExecuted	b68faca5-7289-c534-6f22-906a9273cd7b	Skipped: CARD-0382 Grok rules argv guard is Windows-only by design
20261003-191547-0744	CP-8	Antiphon.Tests.Application.GrokRulesTransportCompatibilityTests	Unsafe_raw_rules_are_refused_server_side_before_runner_calls	NotExecuted	2bb89da3-b8bf-1de8-db3c-02f7a5e98198	Skipped: CARD-0382 Grok rules argv guard is Windows-only by design
20261003-191547-0744	CP-8	Antiphon.Tests.Application.HerdrAgentKindMapTests	mapped_kinds_round_trip_to_the_contracts_constants	Passed	30418d30-ef93-e3c2-5491-40bd9b17b1d8	-
20261003-191547-0744	CP-8	Antiphon.Tests.Application.HerdrAgentKindMapTests	refused_kinds_do_not_map	Passed	42489d51-b147-b3e1-a0c0-5a71abc1296d	-
20261003-191547-0744	CP-8	Antiphon.Tests.Application.HerdrAgentKindMapTests	refused_kinds_do_not_map	Passed	48d3a104-1953-c413-4509-5399f3295485	-
20261003-191547-0744	CP-8	Antiphon.Tests.Application.HerdrAgentKindMapTests	mapped_kinds_round_trip_to_the_contracts_constants	Passed	ba091ae2-d131-1534-f293-cc41fb1fc97d	-
20261003-191547-0744	CP-8	Antiphon.Tests.Application.HerdrAgentKindMapTests	mapped_kinds_round_trip_to_the_contracts_constants	Passed	6f5b6ded-c2d0-c114-99a2-a35d30c27cd1	-
20261003-191547-0744	CP-8	Antiphon.Tests.Application.HerdrAgentKindMapTests	every_AgentKind_is_mapped_or_explicitly_refused	Passed	3dd7ee0a-a7c3-738a-14e5-d2915bed2a88	-
20261003-191547-0744	CP-8	Antiphon.Tests.Application.HerdrLaunchContextTitleTests	PaneTitleFor_falls_back_to_agent_when_nothing_is_set	Passed	880c3eb7-f8d1-b4b0-f403-0fbce66b670b	-
20261003-191547-0744	CP-8	Antiphon.Tests.Application.HerdrLaunchContextTitleTests	PaneTitleFor_falls_back_to_DefinitionName_when_agent_is_null	Passed	02ba62e8-e805-3ab2-3524-b558bf376ba0	-
20261003-191547-0744	CP-8	Antiphon.Tests.Application.HerdrLaunchContextTitleTests	PaneTitleFor_prefers_agent_Name_over_DefinitionName	Passed	a8e9dd1d-beac-bcbe-f899-dd2e68cdfe4b	-
20261003-191547-0744	CP-8	Antiphon.Tests.Application.HerdrLaunchContextTitleTests	PaneTitleFor_falls_back_to_Slug_when_Name_is_blank	Passed	4ee31df8-6fdc-fc81-e2f3-032e5f18a0b9	-
20261003-191547-0744	CP-8	Antiphon.Tests.Application.HerdrStatusDisagreementTests	Disagreement_matrix_matches_plan_section_5	Passed	5ed676f2-08a4-64ca-9f41-881b30813b52	-
20261003-191547-0744	CP-8	Antiphon.Tests.Application.HerdrStatusDisagreementTests	Disagreement_matrix_matches_plan_section_5	Passed	905d79b9-8c9b-f396-efc5-f0b065c5c79e	-
20261003-191547-0744	CP-8	Antiphon.Tests.Application.HerdrStatusDisagreementTests	Disagreement_matrix_matches_plan_section_5	Passed	6745e486-34b1-5b7e-e8e2-2da5eabc7bb2	-
20261003-191547-0744	CP-8	Antiphon.Tests.Application.HerdrStatusDisagreementTests	Disagreement_matrix_matches_plan_section_5	Passed	6c8e6451-97f7-b96a-4cb1-b9ca03a020e8	-
20261003-191547-0744	CP-8	Antiphon.Tests.Application.HerdrStatusDisagreementTests	Disagreement_matrix_matches_plan_section_5	Passed	6fd8362d-bda1-4303-d6a6-613b081dd1d2	-
20261003-191547-0744	CP-8	Antiphon.Tests.Application.HerdrStatusDisagreementTests	Disagreement_matrix_matches_plan_section_5	Passed	7624305a-18ef-4a60-b015-66c0a5d2382a	-
20261003-191547-0744	CP-8	Antiphon.Tests.Application.HerdrStatusDisagreementTests	Disagreement_matrix_matches_plan_section_5	Passed	adf4bd60-8915-e606-fb3a-dddaeb10673d	-
20261003-191547-0744	CP-8	Antiphon.Tests.Application.HerdrStatusDisagreementTests	Disagreement_matrix_matches_plan_section_5	Passed	76620e9a-9309-5853-c906-fec3accdc819	-
20261003-191547-0744	CP-8	Antiphon.Tests.Application.HerdrStatusDisagreementTests	Disagreement_matrix_matches_plan_section_5	Passed	9fd124d8-95e7-42a1-0e31-894f637a6aab	-
20261003-191547-0744	CP-8	Antiphon.Tests.Application.HerdrStatusDisagreementTests	HerdrCorroboration_defaults_match_plan	Passed	9681fccb-e168-c6d2-3040-9904661292dc	-
20261003-191547-0744	CP-8	Antiphon.Tests.Application.HerdrStatusDisagreementTests	HerdrStatusDisagreement_kind_is_34	Passed	164a759f-ab30-72ec-7693-da59f41da1f2	-
20261003-191547-0744	CP-8	Antiphon.Tests.Application.HerdrStatusDisagreementTests	A_bare_done_status_does_not_settle_fail_release_or_replace_a_delegate	Passed	5faf02ca-a87b-5d54-95a6-c12b746b3756	-
20261003-191547-0744	CP-8	Antiphon.Tests.Application.HerdrStatusDisagreementTests	Corroboration_service_ctor_has_no_delivery_or_control_dependencies	Passed	0b02c2e3-f711-8360-5a8e-92630a0f9933	-
20261003-191547-0744	CP-8	Antiphon.Tests.Application.HerdrStatusDisagreementTests	Disagreement_matrix_matches_plan_section_5	Passed	55f34dd5-01cf-e3ad-fe82-73efd15648c2	-
20261003-191547-0744	CP-8	Antiphon.Tests.Application.HerdrSupervisionFailureEvidenceTests	Launch_failures_map_per_T2	Passed	b4641d6b-824a-63cb-7101-fc768b15634d	-
20261003-191547-0744	CP-8	Antiphon.Tests.Application.HerdrSupervisionFailureEvidenceTests	Launch_failures_map_per_T2	Passed	1d0458b1-f997-12a7-4019-e878e46f3375	-
20261003-191547-0744	CP-8	Antiphon.Tests.Application.HerdrSupervisionFailureEvidenceTests	Launch_failures_map_per_T2	Passed	4b985dce-886f-8158-8eea-2f3f33fb6d6c	-
20261003-191547-0744	CP-8	Antiphon.Tests.Application.HerdrSupervisionFailureEvidenceTests	Domain_enum_has_exactly_four_members_in_declared_order	Passed	3f9638d2-d073-99b4-1cee-a5e3d0191812	-
20261003-191547-0744	CP-8	Antiphon.Tests.Application.HerdrSupervisionFailureEvidenceTests	HerdrFailureLimit_defaults_to_three	Passed	461cefe0-45a6-8564-9a7a-5d3f18301f65	-
20261003-191547-0744	CP-8	Antiphon.Tests.Application.HerdrSupervisionFailureEvidenceTests	HerdrFailureLimit_outside_1_to_10_fails_validation	Passed	ecb44e21-3b4c-9575-561e-cadb1a0b9bd2	-
20261003-191547-0744	CP-8	Antiphon.Tests.Application.HerdrSupervisionFailureEvidenceTests	HerdrFailureLimit_outside_1_to_10_fails_validation	Passed	ee601ea3-64c6-72ae-8bbf-7e13f9eaa58f	-
20261003-191547-0744	CP-8	Antiphon.Tests.Application.HerdrSupervisionFailureEvidenceTests	HerdrFailureLimit_1_and_10_validate	Passed	6ef5be27-aba2-bbe7-1283-4bb9b5c830a0	-
20261003-191547-0744	CP-8	Antiphon.Tests.Application.HerdrSupervisionFailureEvidenceTests	Launch_failures_map_per_T2	Passed	0dc289f6-63ba-ff0c-69e2-5f50b3ff261d	-
20261003-191547-0744	CP-8	Antiphon.Tests.Application.HerdrSupervisionFailureEvidenceTests	HerdrFailureLimit_1_and_10_validate	Passed	61b11d0c-9d35-42b7-7ca8-3cfa88976f8c	-
20261003-191547-0744	CP-8	Antiphon.Tests.Application.HerdrSupervisionFailureEvidenceTests	Model_has_the_evidence_and_state_columns_and_the_migration_adds_only_them	Passed	48bb99f4-1fd5-6ca4-aa94-c7c384f7dde7	-
20261003-191547-0744	CP-8	Antiphon.Tests.Application.HerdrSupervisionFailureEvidenceTests	HerdrFailureLimit_outside_1_to_10_fails_validation	Passed	8bafd16b-73eb-87ab-90d8-86c4a6d99c49	-
20261003-191547-0744	CP-8	Antiphon.Tests.Application.HerdrSupervisionFailureEvidenceTests	Launch_failures_map_per_T2	Passed	7d8c7321-fd65-3921-1029-ae799dad2877	-
20261003-191547-0744	CP-8	Antiphon.Tests.Application.HerdrSupervisionFailureEvidenceTests	Every_exit_reason_maps_per_T1	Passed	91559c5d-c4f7-faab-5b19-ae28e27ab81a	-
20261003-191547-0744	CP-8	Antiphon.Tests.Application.HerdrSupervisionFailureEvidenceTests	Every_exit_reason_maps_per_T1	Passed	9c99a292-6629-123e-4a07-9e0a4f4cb06c	-
20261003-191547-0744	CP-8	Antiphon.Tests.Application.HerdrSupervisionFailureEvidenceTests	Every_exit_reason_maps_per_T1	Passed	12d060b6-628e-1f58-7556-09b57c9c9d05	-
20261003-191547-0744	CP-8	Antiphon.Tests.Application.HerdrSupervisionFailureEvidenceTests	Every_exit_reason_maps_per_T1	Passed	4fd34d9f-1634-f356-9701-09719fbcdb98	-
20261003-191547-0744	CP-8	Antiphon.Tests.Application.HerdrSupervisionFailureEvidenceTests	Every_exit_reason_maps_per_T1	Passed	dd171140-adf0-f1d8-2f2d-7f6720b301be	-
20261003-191547-0744	CP-8	Antiphon.Tests.Application.HerdrSupervisionFailureEvidenceTests	Every_exit_reason_maps_per_T1	Passed	849d2f23-01d1-e883-fe1a-b3d146012b99	-
20261003-191547-0744	CP-8	Antiphon.Tests.Application.HerdrSupervisionFailureEvidenceTests	Every_exit_reason_maps_per_T1	Passed	04004f67-f1ef-4991-c537-bbfb68e648dc	-
20261003-191547-0744	CP-8	Antiphon.Tests.Application.HerdrSupervisionFailureEvidenceTests	Every_exit_reason_maps_per_T1	Passed	53384510-bf26-a894-e8a4-f7af4cde76a9	-
20261003-191547-0744	CP-8	Antiphon.Tests.Application.HerdrSupervisionFailureEvidenceTests	Every_exit_reason_maps_per_T1	Passed	316ca10a-3d95-b5cc-81eb-e13dae3fa3e8	-
20261003-191547-0744	CP-8	Antiphon.Tests.Application.HerdrSupervisionFailureEvidenceTests	Every_exit_reason_maps_per_T1	Passed	c0f4e755-4567-1ef7-bc6e-85499d9af37e	-
20261003-191547-0744	CP-8	Antiphon.Tests.Application.HerdrSupervisionFailureEvidenceTests	Every_exit_reason_maps_per_T1	Passed	1324445b-d2c4-ae52-a55d-3f743650b7fc	-
20261003-191547-0744	CP-8	Antiphon.Tests.Application.HostCleanupWorktreeInventoryTests	Refusing_owner_is_reported_without_retry_or_delete	Passed	43c05d7f-fc36-3fd3-2b9b-b9a869e224e7	-
20261003-191547-0744	CP-8	Antiphon.Tests.Application.HostCleanupWorktreeInventoryTests	Unavailable_owner_is_reported_without_retry_or_delete	Passed	9ca5e284-1312-482d-60a6-3b19c9d5eb89	-
20261003-191547-0744	CP-8	Antiphon.Tests.Application.HostCleanupWorktreeInventoryTests	Classifier_preserves_guarded_classes_and_release_requirements	Passed	5d71736c-c611-816d-6237-5701ac88be95	-
20261003-191547-0744	CP-8	Antiphon.Tests.Application.HostCleanupWorktreeInventoryTests	Dirty_or_active_worktree_is_kept	Passed	87343303-a190-38b0-c1ef-a8402463f334	-
20261003-191547-0744	CP-8	Antiphon.Tests.Application.HostCleanupWorktreeInventoryTests	Unpushed_commit_is_never_eligible	Passed	1bc33af3-497f-7a17-be56-322718438117	-
20261003-191547-0744	CP-8	Antiphon.Tests.Application.HostCleanupWorktreeInventoryTests	Registered_and_unregistered_candidates_are_fully_accounted	Passed	66609fa0-1e3a-8a5e-cab3-b75a1e589685	-
20261003-191547-0744	CP-8	Antiphon.Tests.Application.HostStatsAntiphonCountersTests	Null_or_empty_runner_is_desktop_and_blocked_is_open_not_in_flight	Passed	b869e84e-6bab-4863-2c6a-7691e84d0635	-
20261003-191547-0744	CP-8	Antiphon.Tests.Application.HostStatsAntiphonCountersTests	Held_and_lands_count_only_their_flags	Passed	dea838fe-9833-a7fb-9224-df8d18655a28	-
20261003-191547-0744	CP-8	Antiphon.Tests.Application.HostStatsAntiphonCountersTests	Group_counts_in_flight_by_stage_and_kind_per_host	Passed	39c2c1c9-1c66-4609-2f36-aba684c301fe	-
20261003-191547-0744	CP-8	Antiphon.Tests.Application.HostStatsCacheTests	Changed_is_true_after_a_new_sample_and_false_after_an_empty_tick	Passed	82bb05a6-b1ee-3b60-e785-618be142ec36	-
20261003-191547-0744	CP-8	Antiphon.Tests.Application.HostStatsCacheTests	Disabled_poll_projects_every_host_offline_disabled	Passed	b807c43f-1584-53a7-c6b1-ad8501f9b169	-
20261003-191547-0744	CP-8	Antiphon.Tests.Application.HostStatsCacheTests	Unrecorded_disconnected_host_projects_offline_with_null_current	Passed	e37491fe-808c-6409-c438-936c3d3b41b2	-
20261003-191547-0744	CP-8	Antiphon.Tests.Application.HostStatsCacheTests	Repeated_sample_time_does_not_refresh_observation_or_hide_staleness	Passed	6c67bef8-6343-dffb-2b96-e1616e238dcd	-
20261003-191547-0744	CP-8	Antiphon.Tests.Application.HostStatsCacheTests	Recorded_sample_projects_live	Passed	c63ac9e0-75da-4daf-0f04-f23a04757e1b	-
20261003-191547-0744	CP-8	Antiphon.Tests.Application.HostStatsCacheTests	Old_sample_projects_stale_with_the_same_values	Passed	88df2c1e-c77a-ae4e-7f2c-e577677a9c97	-
20261003-191547-0744	CP-8	Antiphon.Tests.Application.HostStatsCacheTests	Unsupported_failure_projects_unsupported	Passed	19b4ba3b-170f-bb5d-b214-ac31ddaa9c64	-
20261003-191547-0744	CP-8	Antiphon.Tests.Application.InstructionBundleTests	a_key_reachable_twice_is_composed_once	Passed	991e97f7-7845-3936-0f0b-0334772baed3	-
20261003-191547-0744	CP-8	Antiphon.Tests.Application.InstructionBundleTests	every_bundle_has_text_and_an_eight_hex_digit_content_version	Passed	a16b798a-f812-a77e-1e9d-ce7d44cd47e9	-
20261003-191547-0744	CP-8	Antiphon.Tests.Application.InstructionBundleTests	a_helper_worker_role_carries_only_the_delegate_basics	Passed	0c0bf95f-e91a-3845-b75f-7ee56c7005ca	-
20261003-191547-0744	CP-8	Antiphon.Tests.Application.InstructionBundleTests	a_helper_worker_role_carries_only_the_delegate_basics	Passed	e159d1f3-7d7b-ebf8-8579-f8d8bb70b0a2	-
20261003-191547-0744	CP-8	Antiphon.Tests.Application.InstructionBundleTests	each_stage_bundle_is_ascii_and_under_the_size_cap	Passed	84df353c-d8ce-b585-6fff-2cdd82b34e20	-
20261003-191547-0744	CP-8	Antiphon.Tests.Application.InstructionBundleTests	a_stage_worker_carries_its_stage_bundle_then_the_basics	Passed	8014ca93-73e4-b633-6603-e4f4b6d7c2fc	-
20261003-191547-0744	CP-8	Antiphon.Tests.Application.InstructionBundleTests	a_stage_worker_carries_its_stage_bundle_then_the_basics	Passed	8b8f5a05-787e-eadd-c99f-75d1e1c808e7	-
20261003-191547-0744	CP-8	Antiphon.Tests.Application.InstructionBundleTests	a_stage_worker_carries_its_stage_bundle_then_the_basics	Passed	472dc6e2-bbce-6953-64eb-8f8ecb48a061	-
20261003-191547-0744	CP-8	Antiphon.Tests.Application.InstructionBundleTests	stage_bundle_invariants_are_pinned_by_substring	Passed	d39048dc-230a-895f-58d4-79ed832b8a2c	-
20261003-191547-0744	CP-8	Antiphon.Tests.Application.InstructionBundleTests	the_board_api_bundle_is_on_no_role_by_default	Passed	da8eb498-966e-4968-72c0-f0a3784b1224	-
20261003-191547-0744	CP-8	Antiphon.Tests.Application.InstructionBundleTests	C467_V21_DeliveryInventoryAndReviewAreMandatory	Passed	a4429932-f422-b87d-9bb8-3f077fa18320	-
20261003-191547-0744	CP-8	Antiphon.Tests.Application.InstructionBundleTests	the_orchestrator_preset_prompt_is_embedded_and_not_attachable	Passed	86f545df-ed19-57a8-cf6f-e8c7b8f558e7	-
20261003-191547-0744	CP-8	Antiphon.Tests.Application.InstructionBundleTests	the_orchestrator_preset_enables_remote_control_and_the_full_feature_pipeline	Passed	2153d16d-56e2-7d91-cfad-650346824bc1	-
20261003-191547-0744	CP-8	Antiphon.Tests.Application.InstructionBundleTests	the_catalog_holds_exactly_the_bundles_that_ship	Passed	f1f6a2a5-1c48-7d5e-f492-d1b565cd79d9	-
20261003-191547-0744	CP-8	Antiphon.Tests.Application.InstructionBundleTests	each_stage_bundle_is_ascii_and_under_the_size_cap	Passed	008899e9-fe15-a18f-b6a8-7d366e3ae69f	-
20261003-191547-0744	CP-8	Antiphon.Tests.Application.InstructionBundleTests	the_version_is_the_content_hash_so_two_bundles_never_share_one	Passed	5512f650-4ed8-feee-be54-97273d8de4d7	-
20261003-191547-0744	CP-8	Antiphon.Tests.Application.InstructionBundleTests	a_helper_worker_role_carries_only_the_delegate_basics	Passed	b11bf06a-8a02-ee61-0129-41c2f09c79d8	-
20261003-191547-0744	CP-8	Antiphon.Tests.Application.InstructionBundleTests	no_bundle_carries_a_channel_preamble_placeholder	Passed	e4630473-9ae3-8bfc-5b5b-69b2e877302d	-
20261003-191547-0744	CP-8	Antiphon.Tests.Application.InstructionBundleTests	each_stage_bundle_is_ascii_and_under_the_size_cap	Passed	1821c762-009f-ee8b-a6c9-c39006b50a93	-
20261003-191547-0744	CP-8	Antiphon.Tests.Application.InstructionBundleTests	every_bundle_summarises_itself_in_its_opening_sentence	Passed	1e567431-95f4-46bc-e16f-4d653b657835	-
20261003-191547-0744	CP-8	Antiphon.Tests.Application.InstructionBundleTests	an_unknown_key_throws_and_names_the_ones_that_exist	Passed	5131f97e-10c1-623a-e61d-cef0e82c9758	-
20261003-191547-0744	CP-8	Antiphon.Tests.Application.InstructionBundleTests	bundles_compose_in_declared_order_under_their_headers	Passed	a2fffd68-0387-dffa-a2b5-68e48b68ab4a	-
20261003-191547-0744	CP-8	Antiphon.Tests.Application.InstructionBundleTests	nothing_to_compose_is_empty_so_the_flag_is_omitted_entirely	Passed	ad7982a0-676d-a4b5-39e7-fd2276738abc	-
20261003-191547-0744	CP-8	Antiphon.Tests.Application.InstructionBundleTests	the_style_block_lands_after_the_bundles_and_the_agents_own_append_lands_last	Passed	75ed5057-1c77-6f61-5bfe-4f26db20ca24	-
20261003-191547-0744	CP-8	Antiphon.Tests.Application.InstructionBundleTests	a_stage_worker_carries_its_stage_bundle_then_the_basics	Passed	94c8ca28-d791-9b82-fcec-d6aa3b0b791c	-
20261003-191547-0744	CP-8	Antiphon.Tests.Application.InstructionBundleTests	a_stage_worker_carries_its_stage_bundle_then_the_basics	Passed	b7e99d31-f323-0daa-d7bf-d9ec3eaa6d56	-
20261003-191547-0744	CP-8	Antiphon.Tests.Application.InstructionBundleTests	a_stage_worker_carries_its_stage_bundle_then_the_basics	Passed	f28facd1-98db-a7fc-30d9-ae05030559fa	-
20261003-191547-0744	CP-8	Antiphon.Tests.Application.InstructionBundleTests	an_investigate_worker_carries_the_stage_bundle_and_a_docs_worker_does_not	Passed	06eddef1-5d25-9dae-39da-5dee14442ab3	-
20261003-191547-0744	CP-8	Antiphon.Tests.Application.InstructionBundleTests	a_sub_orchestrator_carries_its_own_contract_first_then_the_basics	Passed	aacf5d82-6ec2-ea78-3f3a-ece33f4a0b94	-
20261003-191547-0744	CP-8	Antiphon.Tests.Application.InstructionBundleTests	a_specialist_task_carries_nothing	Passed	22042f04-8af1-8c5f-7175-9cfb76a4d24a	-
20261003-191547-0744	CP-8	Antiphon.Tests.Application.InstructionBundleTests	a_specialist_task_carries_nothing	Passed	3f511d9f-6d84-0d8a-45af-bc475a6543e1	-
20261003-191547-0744	CP-8	Antiphon.Tests.Application.InstructionBundleTests	a_specialist_task_carries_nothing	Passed	4551b5d4-6da2-1230-7b09-1cce1408fd05	-
20261003-191547-0744	CP-8	Antiphon.Tests.Application.InstructionBundleTests	a_rendered_bundle_leads_with_its_versioned_header	Passed	046b219c-1dd7-61d3-d6f9-15bc7b24148b	-
20261003-191547-0744	CP-8	Antiphon.Tests.Application.InstructionBundleTests	a_helper_worker_role_carries_only_the_delegate_basics	Passed	83af2512-36e3-bad2-f0f6-7ff6dfb6d005	-
20261003-191547-0744	CP-8	Antiphon.Tests.Application.InstructionBundleTests	C589_V6_BuildSlotGateIsAStandingRuleReviewEnforces	Passed	420072d7-5a0e-4ddc-9558-1eae3d9edd03	-
20261003-191547-0744	CP-8	Antiphon.Tests.Application.InstructionBundleTests	a_realistic_code_worker_composition_stays_under_the_command_line_budget	Passed	e6a4b514-0241-c2fa-1874-0f82afc75502	-
20261003-191547-0744	CP-8	Antiphon.Tests.Application.InstructionBundleTests	the_test_design_composition_is_past_the_batch_command_ceiling	Passed	b250e370-da4e-7f1d-07b5-788f988711cd	-
20261003-191547-0744	CP-8	Antiphon.Tests.Application.InstructionBundleTests	an_oversized_composition_throws_and_names_what_to_shrink	Passed	f483d407-cc3f-d137-7904-be14180f78fa	-
20261003-191547-0744	CP-8	Antiphon.Tests.Application.InstructionBundleTests	the_worst_case_composition_measured_sits_far_under_the_budget	Passed	8adaf478-a91e-d5a4-25b9-2506d8435834	-
20261003-191547-0744	CP-8	Antiphon.Tests.Application.InstructionBundleTests	delegate_basics_carries_the_standing_rules_and_none_of_the_days_state	Passed	d3474e40-c4f8-0d70-7d78-889d67d2a506	-
20261003-191547-0744	CP-8	Antiphon.Tests.Application.InstructionBundleTests	orchestrator_bundle_points_to_operational_autonomy_without_growing	Passed	4d160d6d-9a6c-2243-4f2f-3287cc3a3ad6	-
20261003-191547-0744	CP-8	Antiphon.Tests.Application.InstructionBundleTests	each_stage_bundle_is_ascii_and_under_the_size_cap	Passed	1bc285ca-c962-f5e6-36d0-bf48dcca25b4	-
20261003-191547-0744	CP-8	Antiphon.Tests.Application.InstructionBundleTests	each_stage_bundle_is_ascii_and_under_the_size_cap	Passed	ead7759b-0ef6-eed7-f3b2-650bd9bc5fb9	-
20261003-191547-0744	CP-8	Antiphon.Tests.Application.InstructionBundleTests	each_stage_bundle_is_ascii_and_under_the_size_cap	Passed	2e8cde40-cb99-71f5-9abe-2dda822a2ede	-
20261003-191547-0744	CP-8	Antiphon.Tests.Application.InstructionBundleTests	the_orchestrator_contract_forwards_to_its_bundle_with_its_text_intact	Passed	6e6173e9-85a1-ed82-57c1-19c19256f9fa	-
20261003-191547-0744	CP-8	Antiphon.Tests.Application.InstructionBundleTests	the_distill_reporting_contract_never_offers_blocked_and_keeps_the_handoff_anchor	Passed	d1fa22b1-c38d-9dc0-3957-e3d23961c812	-
20261003-191547-0744	CP-8	Antiphon.Tests.Application.InstructionBundleTests	C807_ShippedReviewExampleParses	Passed	c58c414c-58eb-0bff-1903-bd32471a015f	-
20261003-191547-0744	CP-8	Antiphon.Tests.Application.InstructionBundleTests	Channel_sources_do_not_instruct_universal_pdf_conversion	Passed	a61bbef8-051a-83c4-4afb-2741ba4e8575	-
20261003-191547-0744	CP-8	Antiphon.Tests.Application.InstructionBundleTests	Phone_with_attachments_and_append_keeps_the_command_line_budget_guard	Passed	38bfd593-4133-7f03-a64d-4a46da422e5e	-
20261003-191547-0744	CP-8	Antiphon.Tests.Application.InstructionBundleTests	C499_V08b_RepairBriefNamesOwnerSourceBaselineAndAssignedCheckout	Passed	08b595a7-b70d-5bbc-5220-c781b3df5530	-
20261003-191547-0744	CP-8	Antiphon.Tests.Application.InstructionBundleTests	C470_composed_roles_separate_vr_from_pc	Passed	508f92b3-17dc-00df-e2d1-1d0edd7da0a1	-
20261003-191547-0744	CP-8	Antiphon.Tests.Application.InstructionBundleTests	C499_V08_CodeBriefCarriesTheTaskScopedProgressClaimContract	Passed	efee99b9-e031-7a81-389a-456e19b10441	-
20261003-191547-0744	CP-8	Antiphon.Tests.Application.InstructionBundleTests	the_output_distiller_contract_forwards_to_its_bundle_with_the_pinned_invariants	Passed	91076035-08c9-8560-b12a-d74fc6c5810b	-
20261003-191547-0744	CP-8	Antiphon.Tests.Application.InstructionBundleTests	the_diagnose_contract_forwards_to_its_bundle_with_the_pinned_hard_rules	Passed	045f4529-77e3-bb36-1907-682d6af47b2a	-
20261003-191547-0744	CP-8	Antiphon.Tests.Application.InstructionBundleTests	the_check_interpreter_contract_forwards_to_its_bundle	Passed	baff89f0-d2e1-40e2-0970-a941e4db6a18	-
20261003-191547-0744	CP-8	Antiphon.Tests.Application.InstructionBundleTests	with_no_bundles_the_composition_is_the_agents_own_append_byte_for_byte	Passed	73b2f5dd-9376-648e-3123-9323b42bb2ef	-
20261003-191547-0744	CP-8	Antiphon.Tests.Application.InstructionBundleTests	a_helper_worker_role_carries_only_the_delegate_basics	Passed	4ec44257-e262-130e-27df-ae238bb14cdc	-
20261003-191547-0744	CP-8	Antiphon.Tests.Application.InstructionBundleTests	orchestrator_bundle_points_to_operational_autonomy_without_growing	Passed	c7338238-8d76-7af9-fa54-e464099e4bb9	-
20261003-191547-0744	CP-8	Antiphon.Tests.Application.InstructionBundleTests	a_helper_worker_role_carries_only_the_delegate_basics	Passed	799d1352-c6a6-dc5b-6402-2b1e9b7c49f3	-
20261003-191547-0744	CP-8	Antiphon.Tests.Application.InstructionBundleTests	a_helper_worker_role_carries_only_the_delegate_basics	Passed	48fa7c04-8635-0bf5-5414-04a1bd63c134	-
20261003-191547-0744	CP-8	Antiphon.Tests.Application.InstructionBundleTests	a_helper_worker_role_carries_only_the_delegate_basics	Passed	6e7c22df-3c60-bde9-71db-c34a4f7a0084	-
20261003-191547-0744	CP-8	Antiphon.Tests.Application.InstructionBundleTests	the_other_arguments_count_towards_the_budget_not_just_the_append	Passed	ac4d1aba-c81b-18e9-4020-b244a3312b1d	-
20261003-191547-0744	CP-8	Antiphon.Tests.Application.InstructionFileStampTests	validator_rejects_absolute_paths_and_parent_segments	Passed	1bc60347-5843-e121-b18d-1291bc2e2be0	-
20261003-191547-0744	CP-8	Antiphon.Tests.Application.InstructionFileStampTests	validator_accepts_the_shipped_defaults	Passed	6f87d20d-216f-97d0-41f4-c168984166ba	-
20261003-191547-0744	CP-8	Antiphon.Tests.Application.InstructionFileStampTests	an_update_that_omits_policyRefreshMode_leaves_it_alone	Passed	f635f375-4532-e4d9-6781-da146bc3a411	-
20261003-191547-0744	CP-8	Antiphon.Tests.Application.InstructionFileStampTests	json_round_trips_camel_case_and_enum_names	Passed	8a31f432-d9a3-d96b-3715-1c370cf320db	-
20261003-191547-0744	CP-8	Antiphon.Tests.Application.InstructionFileStampTests	an_empty_launch_stamp_is_drift_once_something_is_composed	Passed	6871c960-04cb-4db7-2bbc-8652aa289087	-
20261003-191547-0744	CP-8	Antiphon.Tests.Application.InstructionFileStampTests	file_only_drift_does_not_count_as_bundle_drift	Passed	cf7ac6b1-1ec7-fce6-fe86-8b10aec717f7	-
20261003-191547-0744	CP-8	Antiphon.Tests.Application.InstructionFileStampTests	composition_order_follows_the_file_list_not_the_filesystem	Passed	2946e7a3-3f73-1f2f-e58c-61bcc3198543	-
20261003-191547-0744	CP-8	Antiphon.Tests.Application.InstructionFileStampTests	the_hash_rule_matches_InstructionBundle_Version	Passed	3f1072d8-408a-c84e-17c2-fdc5c1bc7851	-
20261003-191547-0744	CP-8	Antiphon.Tests.Application.InstructionFileStampTests	a_missing_file_is_omitted_and_does_not_fail_the_stamp	Passed	d9f349cb-75e6-8eef-b7af-37a96e3fdf5c	-
20261003-191547-0744	CP-8	Antiphon.Tests.Application.InstructionFileStampTests	crlf_and_lf_checkouts_of_the_same_text_share_a_version	Passed	8385b867-f88f-c676-9676-8438aef9cc8e	-
20261003-191547-0744	CP-8	Antiphon.Tests.Application.InstructionFileStampTests	validator_rejects_idle_below_one_and_cooldown_below_five	Passed	5d025081-9a41-d573-7e5f-43f7de46f257	-
20261003-191547-0744	CP-8	Antiphon.Tests.Application.InstructionFileStampTests	default_instruction_files_are_the_plan_list	Passed	5fa3d66a-084b-6c09-eaa6-a9abeda9a419	-
20261003-191547-0744	CP-8	Antiphon.Tests.Application.InstructionFileStampTests	an_edited_bundle_and_an_edited_file_are_listed_separately	Passed	908dea99-b824-7925-6425-e4d7c8cff2bb	-
20261003-191547-0744	CP-8	Antiphon.Tests.Application.InstructionFileStampTests	a_null_stamp_is_no_evidence_and_never_drift	Passed	34b9b03a-01a9-2217-37bc-769dc150af78	-
20261003-191547-0744	CP-8	Antiphon.Tests.Application.InstructionFileStampTests	parent_segments_and_absolute_paths_are_skipped	Passed	dbfb10f3-4225-d08c-a724-01f7d4a5af72	-
20261003-191547-0744	CP-8	Antiphon.Tests.Application.InternalDecisionPolicyTests	Policy_schema_boundaries_valid_v1_normalizes_deterministically	Passed	edd77e29-824a-8cee-670f-ee9fe018993c	-
20261003-191547-0744	CP-8	Antiphon.Tests.Application.InternalDecisionPolicyTests	Policy_schema_boundaries_preserve_length	Passed	557a6b6a-dfff-0672-e4a2-ebfbd2eb0758	-
20261003-191547-0744	CP-8	Antiphon.Tests.Application.InternalDecisionPolicyTests	Policy_schema_boundaries_distinct_paths	Passed	7cce53e7-89d2-803b-f279-dbcdc726b7a4	-
20261003-191547-0744	CP-8	Antiphon.Tests.Application.InternalDecisionPolicyTests	Policy_schema_boundaries_distinct_paths	Passed	27c7153b-dfd6-37d9-6067-78811d3045d0	-
20261003-191547-0744	CP-8	Antiphon.Tests.Application.InternalDecisionPolicyTests	Policy_schema_boundaries_preserve_length	Passed	8a678e01-21b3-a2ad-3bd9-dc4f5d5d2b61	-
20261003-191547-0744	CP-8	Antiphon.Tests.Application.InternalDecisionPolicyTests	Policy_schema_boundaries_grant_count	Passed	97e7c657-d2c2-a191-2b70-6b5ac3374da9	-
20261003-191547-0744	CP-8	Antiphon.Tests.Application.InternalDecisionPolicyTests	Policy_schema_boundaries_empty_to_absent	Passed	f41190de-11fc-2c44-1e39-6377c25a4b73	-
20261003-191547-0744	CP-8	Antiphon.Tests.Application.InternalDecisionPolicyTests	Policy_schema_boundaries_canonical_json_size	Passed	d94381bc-fdd1-b29b-bf2a-d1da04f738b4	-
20261003-191547-0744	CP-8	Antiphon.Tests.Application.InternalDecisionPolicyTests	Policy_schema_boundaries_canonical_json_size	Passed	6c55c437-2013-189a-b264-2566d461fad3	-
20261003-191547-0744	CP-8	Antiphon.Tests.Application.InternalDecisionPolicyTests	Policy_schema_boundaries_invalid_documents_are_rejected	Passed	9cdf2bf9-5dd8-f628-cc44-e7a0810f0b29	-
20261003-191547-0744	CP-8	Antiphon.Tests.Application.InternalDecisionPolicyTests	Policy_schema_boundaries_invalid_documents_are_rejected	Passed	7652ee90-82f6-000b-bd37-6fad5744552e	-
20261003-191547-0744	CP-8	Antiphon.Tests.Application.InternalDecisionPolicyTests	Policy_schema_boundaries_grant_count	Passed	63c24d2f-022f-16ad-6724-97ebc0872aa5	-
20261003-191547-0744	CP-8	Antiphon.Tests.Application.InternalDecisionPolicyTests	Policy_schema_boundaries_invalid_documents_are_rejected	Passed	2d75d1ae-35e3-1e52-205d-7cd27a578cc3	-
20261003-191547-0744	CP-8	Antiphon.Tests.Application.InternalDecisionPolicyTests	Policy_schema_boundaries_invalid_documents_are_rejected	Passed	3cbecb70-0cde-b729-0c03-ec4a77d05d96	-
20261003-191547-0744	CP-8	Antiphon.Tests.Application.InternalDecisionPolicyTests	Policy_schema_boundaries_invalid_documents_are_rejected	Passed	7aa8c0b0-032e-5042-d482-f75b78269ea5	-
20261003-191547-0744	CP-8	Antiphon.Tests.Application.InternalDecisionPolicyTests	Exact_paths_only_rejects_non_exact_repository_files	Passed	0b436b1a-456c-6f19-ffe2-09bbb34de22d	-
20261003-191547-0744	CP-8	Antiphon.Tests.Application.InternalDecisionPolicyTests	Exact_paths_only_rejects_non_exact_repository_files	Passed	7b865b99-d67d-f2cd-0266-41fed3b22466	-
20261003-191547-0744	CP-8	Antiphon.Tests.Application.InternalDecisionPolicyTests	Exact_paths_only_rejects_non_exact_repository_files	Passed	9c5d559a-fb75-0798-532e-ecb6aed3e1df	-
20261003-191547-0744	CP-8	Antiphon.Tests.Application.InternalDecisionPolicyTests	Exact_paths_only_rejects_non_exact_repository_files	Passed	2b380013-069c-5cc8-0df7-6a95c0b8a28b	-
20261003-191547-0744	CP-8	Antiphon.Tests.Application.InternalDecisionPolicyTests	Exact_paths_only_rejects_non_exact_repository_files	Passed	891f2aab-5ddb-7902-2c13-e23ec0219d88	-
20261003-191547-0744	CP-8	Antiphon.Tests.Application.InternalDecisionPolicyTests	Exact_paths_only_rejects_non_exact_repository_files	Passed	3ca8c174-d906-34fb-15c7-f752280ad765	-
20261003-191547-0744	CP-8	Antiphon.Tests.Application.InternalDecisionPolicyTests	Exact_paths_only_rejects_non_exact_repository_files	Passed	40a703bb-9769-f79c-7601-04e3af87451d	-
20261003-191547-0744	CP-8	Antiphon.Tests.Application.InternalDecisionPolicyTests	Exact_paths_only_rejects_non_exact_repository_files	Passed	4203d579-3021-7c19-9e5f-040c3c5a7286	-
20261003-191547-0744	CP-8	Antiphon.Tests.Application.InternalDecisionPolicyTests	Exact_paths_only_rejects_non_exact_repository_files	Passed	9ec9e5c1-7f6d-3a28-86a0-830ed70a01ad	-
20261003-191547-0744	CP-8	Antiphon.Tests.Application.InternalDecisionPolicyTests	Exact_paths_only_rejects_non_exact_repository_files	Passed	51ecad86-10f4-379a-ec24-203d80d322af	-
20261003-191547-0744	CP-8	Antiphon.Tests.Application.InternalDecisionPolicyTests	Exact_paths_only_rejects_non_exact_repository_files	Passed	70c4b2a2-692d-9a7c-9526-7c081ba986cb	-
20261003-191547-0744	CP-8	Antiphon.Tests.Application.InternalDecisionPolicyTests	Exact_paths_only_does_not_authorize_a_sibling_prefix	Passed	0b1c3b1c-e1e0-3b9e-854c-0c005aed0883	-
20261003-191547-0744	CP-8	Antiphon.Tests.Application.InternalDecisionPolicyTests	Exact_paths_only_case_vectors	Passed	96455a2f-e392-877a-a444-2686614e7f41	-
20261003-191547-0744	CP-8	Antiphon.Tests.Application.InternalDecisionPolicyTests	Attribute_grant_boundaries_require_targets_inside_grant_paths	Passed	6c510719-c5bb-f2ed-807e-8a161c65a56f	-
20261003-191547-0744	CP-8	Antiphon.Tests.Application.InternalDecisionPolicyTests	Attribute_grant_boundaries_reject_unlisted_or_broad_targets	Passed	724322df-a463-30d1-fab1-c08cf8e6e9ee	-
20261003-191547-0744	CP-8	Antiphon.Tests.Application.InternalDecisionPolicyTests	Attribute_grant_boundaries_reject_gitattributes_without_line_endings	Passed	34b29727-3449-7067-b3ce-37cf31a13219	-
20261003-191547-0744	CP-8	Antiphon.Tests.Application.InternalDecisionPolicyTests	RoleMayCarryGrants_classifies_every_current_role	Passed	79e9c7ee-7241-f07d-5a9a-fa557007a192	-
20261003-191547-0744	CP-8	Antiphon.Tests.Application.InternalDecisionPolicyTests	Exact_paths_only_rejects_non_exact_repository_files	Passed	89c2287b-a180-399c-c241-6d1cf0a0a73e	-
20261003-191547-0744	CP-8	Antiphon.Tests.Application.InternalDecisionPolicyTests	Exact_paths_only_rejects_non_exact_repository_files	Passed	2585a07c-28d7-fe8b-77fb-4c622714beb4	-
20261003-191547-0744	CP-8	Antiphon.Tests.Application.InternalDecisionPolicyTests	Exact_paths_only_rejects_non_exact_repository_files	Passed	3f9a0c38-6837-39b5-7252-8f869c499dba	-
20261003-191547-0744	CP-8	Antiphon.Tests.Application.InternalDecisionPolicyTests	Exact_paths_only_accepts_named_files_and_proposed_helpers	Passed	d0df925b-da30-ece5-1c67-883c5137b5e5	-
20261003-191547-0744	CP-8	Antiphon.Tests.Application.InternalDecisionPolicyTests	Exact_paths_only_rejects_non_exact_repository_files	Passed	28147e8c-b091-3c8a-1203-0cb548c8d5f1	-
20261003-191547-0744	CP-8	Antiphon.Tests.Application.InternalDecisionPolicyTests	Policy_schema_boundaries_invalid_documents_are_rejected	Passed	1c861fc3-76fe-1b0a-bba3-78fb4b7acae2	-
20261003-191547-0744	CP-8	Antiphon.Tests.Application.InternalDecisionPolicyTests	Policy_schema_boundaries_invalid_documents_are_rejected	Passed	137f15ae-b8e4-d1dd-a4a1-39d8c46b24b2	-
20261003-191547-0744	CP-8	Antiphon.Tests.Application.InternalDecisionPolicyTests	Policy_schema_boundaries_invalid_documents_are_rejected	Passed	3680da27-cdd1-dd73-d630-2ed24c680110	-
20261003-191547-0744	CP-8	Antiphon.Tests.Application.InternalDecisionPolicyTests	Policy_schema_boundaries_invalid_documents_are_rejected	Passed	672372fa-4cf5-a1e4-79bc-5a996fa7dc63	-
20261003-191547-0744	CP-8	Antiphon.Tests.Application.InternalDecisionPolicyTests	Policy_schema_boundaries_invalid_documents_are_rejected	Passed	09d20c1c-241d-5aee-60a4-19b652bef964	-
20261003-191547-0744	CP-8	Antiphon.Tests.Application.InternalDecisionPolicyTests	Policy_schema_boundaries_invalid_documents_are_rejected	Passed	f73cde20-ac4f-d8da-ca12-030e042e2452	-
20261003-191547-0744	CP-8	Antiphon.Tests.Application.InternalDecisionPolicyTests	Policy_schema_boundaries_invalid_documents_are_rejected	Passed	d932983b-1c66-5fd0-a16a-cf70d81bde5c	-
20261003-191547-0744	CP-8	Antiphon.Tests.Application.InternalDecisionPolicyTests	Policy_schema_boundaries_invalid_documents_are_rejected	Passed	ca92cba7-5096-7a52-d323-a7c011648074	-
20261003-191547-0744	CP-8	Antiphon.Tests.Application.InternalDecisionPolicyTests	Policy_schema_boundaries_duplicate_ids_are_rejected	Passed	47b22277-bbc6-7164-2f90-a1c448ed92ce	-
20261003-191547-0744	CP-8	Antiphon.Tests.Application.InternalDecisionPolicyTests	Exact_paths_only_accepts_named_files_and_proposed_helpers	Passed	8d9db598-e398-c78d-dcdc-c638634a9cfe	-
20261003-191547-0744	CP-8	Antiphon.Tests.Application.InternalDecisionPolicyTests	Exact_paths_only_accepts_named_files_and_proposed_helpers	Passed	bae46d23-d625-a7f1-c39a-47816f8bf01a	-
20261003-191547-0744	CP-8	Antiphon.Tests.Application.InternalDecisionPolicyTests	Policy_schema_boundaries_invalid_documents_are_rejected	Passed	bc8fd041-e404-65c6-1d26-fe9da393cf2d	-
20261003-191547-0744	CP-8	Antiphon.Tests.Application.InternalDecisionPolicyTests	Exact_paths_only_accepts_named_files_and_proposed_helpers	Passed	b4c108df-1d08-df4b-8eba-503a9bd69adb	-
20261003-191547-0744	CP-8	Antiphon.Tests.Application.InternalDecisionPolicyTests	Exact_paths_only_accepts_named_files_and_proposed_helpers	Passed	051fcd5c-b1f9-e50e-4baf-532a7dd008c9	-
20261003-191547-0744	CP-8	Antiphon.Tests.Application.IssueTrackerConfigParserTests	Operator_logins_absent_is_an_empty_list	Passed	ac2451ac-d0e2-3bdb-0f38-d831423f63b3	-
20261003-191547-0744	CP-8	Antiphon.Tests.Application.IssueTrackerConfigParserTests	Operator_logins_list_form_is_parsed	Passed	d7b9f055-8dd3-5af7-8222-af4a74e0a881	-
20261003-191547-0744	CP-8	Antiphon.Tests.Application.IssueTrackerConfigParserTests	Operator_logins_scalar_form_is_parsed	Passed	577a3a2f-a819-392a-a134-6695ba2e052e	-
20261003-191547-0744	CP-8	Antiphon.Tests.Application.LandFailureDiagnosticTests	C498_DtoMapsDiagnosticFields	Passed	94fd352c-587d-284b-b0f5-27978d1111f3	-
20261003-191547-0744	CP-8	Antiphon.Tests.Application.LandFailureDiagnosticTests	C498_ExceptionTypeNameIsBoundedIdentifier	Passed	ed288862-e3ea-aef7-cb7d-e8e376784639	-
20261003-191547-0744	CP-8	Antiphon.Tests.Application.LandFailureDiagnosticTests	C498_PayloadSnapshotsDiagnosticFromEvent	Passed	aae640dc-811e-991e-a01e-0aa21e649a8a	-
20261003-191547-0744	CP-8	Antiphon.Tests.Application.LandFailureDiagnosticTests	C498_CodeAndCommandBounds	Passed	21d43d76-0d4b-426b-0fb8-1c1385a8847b	-
20261003-191547-0744	CP-8	Antiphon.Tests.Application.LandFailureDiagnosticTests	C498_ClassifierMapsConcurrencyBeforePersistence	Passed	2dd63f60-2226-2cdc-2af6-737848f34e59	-
20261003-191547-0744	CP-8	Antiphon.Tests.Application.LandFailureDiagnosticTests	C498_ClassifierMapsByType	Passed	8c554bef-5cbc-4ed4-bd40-6703ac596975	-
20261003-191547-0744	CP-8	Antiphon.Tests.Application.LandFailureDiagnosticTests	C498_FormatTerminalDetail	Passed	1a2c96f5-ce60-154c-b9dc-5e4ab9b6509a	-
20261003-191547-0744	CP-8	Antiphon.Tests.Application.LandFailureDiagnosticTests	C498_ClassifierMapsByType	Passed	6ec5c250-94f9-32e5-617a-9a41b97a60eb	-
20261003-191547-0744	CP-8	Antiphon.Tests.Application.LandFailureDiagnosticTests	C498_ClassifierMapsByType	Passed	7b11e115-519d-4a96-9030-eabd62103271	-
20261003-191547-0744	CP-8	Antiphon.Tests.Application.LandFailureDiagnosticTests	C498_ClassifierMapsByType	Passed	1d94a05a-87b9-a726-c526-ae3d3113ce43	-
20261003-191547-0744	CP-8	Antiphon.Tests.Application.LandFailureDiagnosticTests	C498_ClassifierMapsByType	Passed	c895d005-c32b-3457-74b5-d89fca4d4a1c	-
20261003-191547-0744	CP-8	Antiphon.Tests.Application.LandFailureDiagnosticTests	C498_ClassifierMapsByType	Passed	d597b513-9bea-ce31-b4a4-38fb3f59c1f8	-
20261003-191547-0744	CP-8	Antiphon.Tests.Application.LandMergeWriterTests	C753_MergeHelperOnlyHoldsLandWithConfirmedLivePrompt	Passed	58c331e9-d059-7f3d-52f9-45e6379a6e3f	-
20261003-191547-0744	CP-8	Antiphon.Tests.Application.LandVerificationBuildSlotTests	An_unreachable_runner_still_builds_unleased_and_never_fails_the_land	Passed	32c66ab8-b8b0-2311-9810-bd58dce3a3d8	-
20261003-191547-0744	CP-8	Antiphon.Tests.Application.LandVerificationBuildSlotTests	A_reachable_busy_runner_times_out_at_the_wait_deadline	Passed	cfdc2e18-cb48-ff37-8ff2-0f47d884905e	-
20261003-191547-0744	CP-8	Antiphon.Tests.Application.LandVerificationBuildSlotTests	The_lease_is_released_after_a_build_failure_and_nothing_else_runs	Passed	175cd616-0839-6955-8f23-b67a1965f8cf	-
20261003-191547-0744	CP-8	Antiphon.Tests.Application.LandVerificationBuildSlotTests	An_unreachable_answer_at_the_wait_deadline_gets_the_full_grace_before_failing_open	Passed	b26ef4da-ab6a-4eb7-b5d6-a6de67cb2735	-
20261003-191547-0744	CP-8	Antiphon.Tests.Application.LandVerificationBuildSlotTests	A_grant_is_taken_before_the_build_which_carries_its_cpu_count_and_released_after_the_tests	Passed	daaea8ea-5496-6de6-1aa5-720f921fe21e	-
20261003-191547-0744	CP-8	Antiphon.Tests.Application.LandVerificationBuildSlotTests	The_test_run_reuses_the_capped_build_artifacts	Passed	33e9e975-487b-0628-a01f-3ea63cbf712e	-
20261003-191547-0744	CP-8	Antiphon.Tests.Application.LaunchModelArgumentAppenderTests	T11_control_and_dispatcher_never_emit_the_model_flag	Passed	0c9b8bfd-34b5-f622-21c0-c5d80d197c42	-
20261003-191547-0744	CP-8	Antiphon.Tests.Application.LaunchModelArgumentAppenderTests	ForLaunch_maps_supported_ladders_and_omits_unsupported_kinds	Passed	d22b1644-7836-3a2e-80c3-6d2f9e9d4f5b	-
20261003-191547-0744	CP-8	Antiphon.Tests.Application.ModelAliasTests	Normalize_maps_known_family_text	Passed	9577cb8d-9813-9ee6-0933-e778fbcee1ef	-
20261003-191547-0744	CP-8	Antiphon.Tests.Application.ModelAliasTests	Normalize_maps_known_family_text	Passed	6af29d69-3699-b429-7faf-2dd1459de103	-
20261003-191547-0744	CP-8	Antiphon.Tests.Application.ModelAliasTests	Normalize_maps_known_family_text	Passed	dd3f1ff7-afc2-24a1-28bc-2a7d9986b19d	-
20261003-191547-0744	CP-8	Antiphon.Tests.Application.ModelAliasTests	Normalize_maps_known_family_text	Passed	8738ec3b-1b5c-a76b-15c8-dff59acdfa09	-
20261003-191547-0744	CP-8	Antiphon.Tests.Application.ModelAliasTests	Normalize_maps_known_family_text	Passed	b9c5715b-7d43-49c7-8e45-ff201448b630	-
20261003-191547-0744	CP-8	Antiphon.Tests.Application.ModelAliasTests	Normalize_maps_known_family_text	Passed	68a167b2-3bbe-fa20-0a34-d103343176b7	-
20261003-191547-0744	CP-8	Antiphon.Tests.Application.ModelAliasTests	Normalize_maps_known_family_text	Passed	234917b7-ab0c-d5ca-99de-d6e22eb0a152	-
20261003-191547-0744	CP-8	Antiphon.Tests.Application.ModelAliasTests	Normalize_returns_null_for_unknown_text	Passed	2f1f29dd-f1d0-3abe-9f63-dc5d043ca0ab	-
20261003-191547-0744	CP-8	Antiphon.Tests.Application.ModelAliasTests	Normalize_returns_null_for_unknown_text	Passed	7b23edc8-07ce-0c3a-3863-8a8b93de5946	-
20261003-191547-0744	CP-8	Antiphon.Tests.Application.ModelAliasTests	Normalize_returns_null_for_unknown_text	Passed	45d3ff19-cd5d-efbb-6db6-efb6c7d7ad77	-
20261003-191547-0744	CP-8	Antiphon.Tests.Application.ModelAliasTests	Normalize_returns_null_for_unknown_text	Passed	f4800058-59ff-6be3-6fbc-b64afb66a922	-
20261003-191547-0744	CP-8	Antiphon.Tests.Application.ModelAliasTests	Normalize_returns_null_for_unrecognised_sonnet_point_release	Passed	d36bb9e3-0a8c-ce64-c6e0-d7eb725fe4ba	-
20261003-191547-0744	CP-8	Antiphon.Tests.Application.ModelAliasTests	Normalize_returns_null_for_unrecognised_sonnet_point_release	Passed	42eb6a35-cb67-175c-7344-7d0b8336ce2b	-
20261003-191547-0744	CP-8	Antiphon.Tests.Application.ModelAliasTests	Normalize_returns_null_for_unrecognised_sonnet_point_release	Passed	cca0b71f-ff90-fe79-8fd3-4e413d0b3296	-
20261003-191547-0744	CP-8	Antiphon.Tests.Application.ModelAliasTests	Normalize_returns_null_for_unrecognised_opus_point_release	Passed	6a6dc368-6db5-93b7-528c-3413ea641513	-
20261003-191547-0744	CP-8	Antiphon.Tests.Application.ModelAliasTests	Normalize_returns_null_for_unrecognised_opus_point_release	Passed	899e7547-3b57-38e4-c6d4-9640cef72439	-
20261003-191547-0744	CP-8	Antiphon.Tests.Application.ModelAliasTests	Normalize_returns_null_for_unrecognised_opus_point_release	Passed	4fab62a2-a633-4522-0a86-9de0c35f5323	-
20261003-191547-0744	CP-8	Antiphon.Tests.Application.ModelAliasTests	Normalize_maps_sonnet_5_5_hold_text	Passed	a163fac5-1ff1-a00a-964e-43f9017b43b9	-
20261003-191547-0744	CP-8	Antiphon.Tests.Application.ModelAliasTests	Normalize_maps_sonnet_5_5_hold_text	Passed	985e15be-d759-a898-9146-e2750e3a92ca	-
20261003-191547-0744	CP-8	Antiphon.Tests.Application.ModelAliasTests	Normalize_maps_sonnet_5_5_hold_text	Passed	7c814fb7-d352-83ee-86fa-47bb2ce383e8	-
20261003-191547-0744	CP-8	Antiphon.Tests.Application.ModelAliasTests	Normalize_maps_sonnet_5_5_hold_text	Passed	82761380-3c3c-69c4-3365-e4f4fa38bf4d	-
20261003-191547-0744	CP-8	Antiphon.Tests.Application.ModelAliasTests	Normalize_maps_sonnet_5_5_hold_text	Passed	99c29b7a-4c24-cce5-b220-cf5f14387d5a	-
20261003-191547-0744	CP-8	Antiphon.Tests.Application.ModelAliasTests	Normalize_maps_sonnet_5_5_hold_text	Passed	fc454d38-5539-7184-93fe-dc69ddbc4c0a	-
20261003-191547-0744	CP-8	Antiphon.Tests.Application.ModelAliasTests	Normalize_maps_opus_5_5_hold_text	Passed	794f61b5-40da-5fdc-20c2-ddfa058ed295	-
20261003-191547-0744	CP-8	Antiphon.Tests.Application.ModelAliasTests	Normalize_maps_opus_5_5_hold_text	Passed	5983af96-8bca-2abd-e9af-a8e57ecb2082	-
20261003-191547-0744	CP-8	Antiphon.Tests.Application.ModelAliasTests	Normalize_maps_opus_5_5_hold_text	Passed	e0b2ac83-9c87-7edb-c89d-7a8f765c0375	-
20261003-191547-0744	CP-8	Antiphon.Tests.Application.ModelAliasTests	Normalize_returns_null_for_unknown_text	Passed	c62ea08f-1da9-f9f2-92c5-c29fdcfb9a0c	-
20261003-191547-0744	CP-8	Antiphon.Tests.Application.ModelAliasTests	Normalize_maps_known_family_text	Passed	9e17d8bb-6700-6d7c-a803-5bf0837d73df	-
20261003-191547-0744	CP-8	Antiphon.Tests.Application.ModelAliasTests	Normalize_returns_null_for_unknown_text	Passed	4287693d-9552-0699-8190-d5e43ae7eeee	-
20261003-191547-0744	CP-8	Antiphon.Tests.Application.ModelAliasTests	CanonicalHoldAlias_accepts_known_aliases_and_star	Passed	a57a589a-66bd-86ed-bab5-229a262b7f33	-
20261003-191547-0744	CP-8	Antiphon.Tests.Application.ModelAliasTests	Normalize_maps_known_family_text	Passed	c90ea155-cfc9-8d75-b199-8affeb4e620c	-
20261003-191547-0744	CP-8	Antiphon.Tests.Application.ModelAliasTests	Normalize_maps_known_family_text	Passed	b287b6e1-b1e7-662c-1d4c-151c6c7126a1	-
20261003-191547-0744	CP-8	Antiphon.Tests.Application.ModelAliasTests	Normalize_maps_known_family_text	Passed	4d88f2db-7934-4910-5e8f-10dbb2abf8bf	-
20261003-191547-0744	CP-8	Antiphon.Tests.Application.ModelAliasTests	Normalize_maps_known_family_text	Passed	7588087a-3be8-28ae-8d7f-f46c32c01e6a	-
20261003-191547-0744	CP-8	Antiphon.Tests.Application.ModelAliasTests	Normalize_maps_known_family_text	Passed	4a7c6ea9-561a-d6ef-92a5-c3d12b106380	-
20261003-191547-0744	CP-8	Antiphon.Tests.Application.ModelAliasTests	Normalize_maps_known_family_text	Passed	1f5950df-2f62-26b7-9dcb-cf1af635cfd2	-
20261003-191547-0744	CP-8	Antiphon.Tests.Application.ModelAliasTests	Normalize_maps_known_family_text	Passed	9d613e44-a608-d38e-3362-a878056f44c7	-
20261003-191547-0744	CP-8	Antiphon.Tests.Application.ModelAliasTests	Normalize_maps_opus_5_5_hold_text	Passed	dfc33cba-425c-d47e-b414-528e862e0d1c	-
20261003-191547-0744	CP-8	Antiphon.Tests.Application.ModelAliasTests	Normalize_maps_known_family_text	Passed	95865ca2-f860-a73c-788d-d055db0f97ed	-
20261003-191547-0744	CP-8	Antiphon.Tests.Application.ModelAliasTests	CanonicalHoldAlias_rejects_tui_names_and_unknown_text	Passed	82bb60c9-a994-d014-4696-6f8a6ddaf384	-
20261003-191547-0744	CP-8	Antiphon.Tests.Application.ModelAliasTests	CanonicalHoldAlias_rejects_tui_names_and_unknown_text	Passed	4f856a66-4644-99b5-1810-5178643aca65	-
20261003-191547-0744	CP-8	Antiphon.Tests.Application.ModelAliasTests	CanonicalHoldAlias_rejects_tui_names_and_unknown_text	Passed	21429c17-0c73-8225-9fb6-f7760833dafc	-
20261003-191547-0744	CP-8	Antiphon.Tests.Application.ModelAliasTests	CanonicalHoldAlias_rejects_tui_names_and_unknown_text	Passed	eb3c515c-3f42-a2e3-ce80-1f1d640463c0	-
20261003-191547-0744	CP-8	Antiphon.Tests.Application.ModelAliasTests	CanonicalHoldAlias_rejects_tui_names_and_unknown_text	Passed	70461b67-7fac-dbd0-154a-8d9b33133c65	-
20261003-191547-0744	CP-8	Antiphon.Tests.Application.ModelAliasTests	CanonicalHoldAlias_accepts_known_aliases_and_star	Passed	046a7325-d7df-3dff-ae59-b906128a8459	-
20261003-191547-0744	CP-8	Antiphon.Tests.Application.ModelAliasTests	CanonicalHoldAlias_accepts_known_aliases_and_star	Passed	8cd72fbf-9b5d-05a3-be68-7e4c6ddac39d	-
20261003-191547-0744	CP-8	Antiphon.Tests.Application.ModelAliasTests	CanonicalHoldAlias_accepts_known_aliases_and_star	Passed	7901af41-826a-d668-4d0a-cbdcb033ae52	-
20261003-191547-0744	CP-8	Antiphon.Tests.Application.ModelAliasTests	CanonicalHoldAlias_accepts_known_aliases_and_star	Passed	14e4db53-f32d-9a2d-5ed7-36cd06aca0b3	-
20261003-191547-0744	CP-8	Antiphon.Tests.Application.ModelAliasTests	CanonicalHoldAlias_accepts_known_aliases_and_star	Passed	cb580194-243a-0d2c-a7d7-428954683f42	-
20261003-191547-0744	CP-8	Antiphon.Tests.Application.ModelAliasTests	CanonicalHoldAlias_accepts_known_aliases_and_star	Passed	8d69c942-ea9b-291e-587f-0dc466545fad	-
20261003-191547-0744	CP-8	Antiphon.Tests.Application.ModelAliasTests	Normalize_maps_known_family_text	Passed	397c57b9-9a2f-ccf8-6726-39e2e4f2d521	-
20261003-191547-0744	CP-8	Antiphon.Tests.Application.ModelAliasTests	CanonicalHoldAlias_rejects_tui_names_and_unknown_text	Passed	631ec51b-e69b-fcf6-68c3-905dda056915	-
20261003-191547-0744	CP-8	Antiphon.Tests.Application.ModelAliasTests	Normalize_maps_known_family_text	Passed	4b73a171-eded-0c73-89b4-556d25721b15	-
20261003-191547-0744	CP-8	Antiphon.Tests.Application.ModelAliasTests	Normalize_maps_known_family_text	Passed	1c50d4ee-8a78-8b05-38b4-afc24970f68d	-
20261003-191547-0744	CP-8	Antiphon.Tests.Application.ModelAliasTests	Bare_sol_and_retired_slugs_keep_their_historical_aliases	Passed	3c2a4072-aab9-95ad-2886-b09359f42dd6	-
20261003-191547-0744	CP-8	Antiphon.Tests.Application.ModelAliasTests	CanonicalHoldAlias_rejects_tui_names_and_unknown_text	Passed	646aebaa-5e2b-a5b5-2fce-2e49618ad3de	-
20261003-191547-0744	CP-8	Antiphon.Tests.Application.ModelAliasTests	Normalize_maps_opus_5_5_hold_text	Passed	1b6c7595-03b1-6490-0859-d9bcff125c49	-
20261003-191547-0744	CP-8	Antiphon.Tests.Application.ModelAliasTests	CanonicalHoldAlias_rejects_tui_names_and_unknown_text	Passed	22b08941-0fed-1eba-6502-8c00c50dd9a4	-
20261003-191547-0744	CP-8	Antiphon.Tests.Application.ModelAliasTests	CanonicalHoldAlias_rejects_tui_names_and_unknown_text	Passed	da09fb4e-8ca3-b8ea-3e43-4b8cf0355d94	-
20261003-191547-0744	CP-8	Antiphon.Tests.Application.ModelAliasTests	CanonicalHoldAlias_rejects_tui_names_and_unknown_text	Passed	e6a5e363-2c14-2bcb-86d7-852726124d3b	-
20261003-191547-0744	CP-8	Antiphon.Tests.Application.ModelAliasTests	Normalize_maps_known_family_text	Passed	40e16446-43ae-fa82-e8d9-e6db8d1efce0	-
20261003-191547-0744	CP-8	Antiphon.Tests.Application.ModelAliasTests	Normalize_maps_known_family_text	Passed	5182566d-7576-011c-93bd-f740e84277b8	-
20261003-191547-0744	CP-8	Antiphon.Tests.Application.ModelAliasTests	Normalize_maps_known_family_text	Passed	4d8699c4-2edb-bcf9-8db1-32078ee713b6	-
20261003-191547-0744	CP-8	Antiphon.Tests.Application.ModelAliasTests	Normalize_maps_known_family_text	Passed	eb0c706e-7d55-e523-0fcd-b6dec7fb3491	-
20261003-191547-0744	CP-8	Antiphon.Tests.Application.ModelAliasTests	Normalize_maps_known_family_text	Passed	d5510137-693a-1e5b-63df-b594a17f5e2d	-
20261003-191547-0744	CP-8	Antiphon.Tests.Application.ModelAliasTests	Normalize_maps_opus_5_5_hold_text	Passed	de29577e-a5b0-7d81-c0d9-d32c5833e96a	-
20261003-191547-0744	CP-8	Antiphon.Tests.Application.ModelAliasTests	Normalize_maps_known_family_text	Passed	0d2df4e3-6f4f-037a-4fb7-01ec62b21467	-
20261003-191547-0744	CP-8	Antiphon.Tests.Application.ModelAliasTests	Normalize_maps_known_family_text	Passed	4121d1b5-5053-b08d-5447-a8f749acf08f	-
20261003-191547-0744	CP-8	Antiphon.Tests.Application.ModelAliasTests	Normalize_maps_known_family_text	Passed	e8fe3c5c-5ba8-eb44-36c8-31e7f768776c	-
20261003-191547-0744	CP-8	Antiphon.Tests.Application.ModelAliasTests	Normalize_maps_known_family_text	Passed	20da0345-ec6f-6cd2-cf3c-c576c8298efc	-
20261003-191547-0744	CP-8	Antiphon.Tests.Application.ModelAliasTests	Normalize_maps_known_family_text	Passed	d288728c-b191-ea7a-fbd3-cd0c587576bc	-
20261003-191547-0744	CP-8	Antiphon.Tests.Application.ModelAliasTests	Normalize_maps_known_family_text	Passed	c6a144a2-3a8f-d852-ee8d-81f77c2efea5	-
20261003-191547-0744	CP-8	Antiphon.Tests.Application.ModelAliasTests	Normalize_maps_known_family_text	Passed	2fc77652-d7b3-eb51-0b2e-478be0fa009a	-
20261003-191547-0744	CP-8	Antiphon.Tests.Application.ModelAliasTests	Normalize_maps_known_family_text	Passed	9966acbd-61d5-816d-a06f-3771071d76af	-
20261003-191547-0744	CP-8	Antiphon.Tests.Application.ModelAliasTests	Normalize_maps_known_family_text	Passed	08e8e676-561a-ec25-a5e5-2c1916f3789a	-
20261003-191547-0744	CP-8	Antiphon.Tests.Application.ModelAliasTests	Normalize_maps_known_family_text	Passed	f2173331-b640-2f39-967a-5d7744b9c80a	-
20261003-191547-0744	CP-8	Antiphon.Tests.Application.ModelLevelAliasDisplayTests	the_claude_ladder_is_unchanged_through_the_kind_aware_helper	Passed	5f324a58-2ed6-f79b-4963-3897e1bbdf6e	-
20261003-191547-0744	CP-8	Antiphon.Tests.Application.ModelLevelAliasDisplayTests	a_codex_task_s_completion_note_names_a_codex_model	Passed	d02144f4-d02d-1751-f0e6-44b3653ce1a1	-
20261003-191547-0744	CP-8	Antiphon.Tests.Application.ModelLevelAliasDisplayTests	no_kind_ever_displays_the_other_provider_s_family	Passed	3062a30f-8238-0da9-7c52-f7635457936f	-
20261003-191547-0744	CP-8	Antiphon.Tests.Application.ModelLevelAliasDisplayTests	the_codex_ladder_pins_full_versioned_slugs_and_never_a_bare_tier_name	Passed	aa63800e-49b1-c354-7179-cad142f673b7	-
20261003-191547-0744	CP-8	Antiphon.Tests.Application.ModelLevelAliasDisplayTests	a_codex_kind_level_routing_pin_token_resolves_the_remapped_alias	Passed	29470578-e662-2479-6fcd-b0900a04c66b	-
20261003-191547-0744	CP-8	Antiphon.Tests.Application.ModelLevelAliasDisplayTests	the_codex_ladder_answers_for_the_codex_kind	Passed	f5e73335-9b95-8c37-0737-1c09706c313a	-
20261003-191547-0744	CP-8	Antiphon.Tests.Application.ModelLevelAliasDisplayTests	the_codex_ladder_answers_for_the_codex_kind	Passed	1b076840-46a9-e029-555a-3743cd46efb6	-
20261003-191547-0744	CP-8	Antiphon.Tests.Application.ModelLevelAliasDisplayTests	the_grok_ladder_answers_for_the_grok_kind	Passed	3c8483bd-6bd0-b1ed-b842-c4a31359cc6f	-
20261003-191547-0744	CP-8	Antiphon.Tests.Application.ModelLevelAliasDisplayTests	the_grok_ladder_answers_for_the_grok_kind	Passed	b196b80d-5ffb-bff8-1098-834f07a55f25	-
20261003-191547-0744	CP-8	Antiphon.Tests.Application.ModelLevelAliasDisplayTests	the_grok_ladder_answers_for_the_grok_kind	Passed	2257af1a-c3e2-2735-bd7e-3ca68ac512c9	-
20261003-191547-0744	CP-8	Antiphon.Tests.Application.ModelLevelAliasDisplayTests	a_codex_handoff_names_the_ladder_codex_actually_climbed	Passed	87b86f8d-0403-4fce-1347-3facd0f2e76f	-
20261003-191547-0744	CP-8	Antiphon.Tests.Application.ModelLevelAliasDisplayTests	the_claude_ladder_is_unchanged_through_the_kind_aware_helper	Passed	95a61d45-3188-0b8c-d5c6-1ffc3463802b	-
20261003-191547-0744	CP-8	Antiphon.Tests.Application.ModelLevelAliasDisplayTests	the_claude_ladder_is_unchanged_through_the_kind_aware_helper	Passed	1ae97a00-2047-b5b3-3c66-e179ab66d9e9	-
20261003-191547-0744	CP-8	Antiphon.Tests.Application.ModelLevelAliasDisplayTests	the_claude_ladder_is_unchanged_through_the_kind_aware_helper	Passed	b79ed3e3-23c6-d118-676c-6da0f40b6820	-
20261003-191547-0744	CP-8	Antiphon.Tests.Application.ModelLevelAliasDisplayTests	the_codex_ladder_answers_for_the_codex_kind	Passed	bf461bb0-e24a-cdc9-4556-9be2efe16b3d	-
20261003-191547-0744	CP-8	Antiphon.Tests.Application.ModelLevelAliasDisplayTests	the_grok_ladder_answers_for_the_grok_kind	Passed	c9e57320-0c7a-90dc-b2d0-37560da64e2d	-
20261003-191547-0744	CP-8	Antiphon.Tests.Application.ModelLevelAliasDisplayTests	the_codex_ladder_answers_for_the_codex_kind	Passed	7c3ff113-019f-0503-cc0d-fcd181100bc7	-
20261003-191547-0744	CP-8	Antiphon.Tests.Application.ModelLevelAliasDisplayTests	a_claude_task_s_completion_note_reads_exactly_as_it_did_before	Passed	4aa8f204-f6ca-76d1-6226-cc0b2e7cc342	-
20261003-191547-0744	CP-8	Antiphon.Tests.Application.ModelLevelAliasDisplayTests	a_grok_handoff_names_the_ladder_grok_actually_climbed	Passed	45ca6d9e-e2cb-bafc-21ed-3acd0c347ae0	-
20261003-191547-0744	CP-8	Antiphon.Tests.Application.ModelLevelAliasDisplayTests	a_claude_handoff_reads_exactly_as_it_did_before	Passed	5070addc-eefd-b7f1-96e3-f0856d036eab	-
20261003-191547-0744	CP-8	Antiphon.Tests.Application.ModelLevelAliasDisplayTests	an_unescalated_grok_handoff_still_names_grok	Passed	1fabdb32-1636-29a9-2fcf-da7ea03e9ec4	-
20261003-191547-0744	CP-8	Antiphon.Tests.Application.ModelLevelAliasDisplayTests	the_check_digest_reports_the_tier_on_the_running_program_s_ladder	Passed	ecf00442-7111-9cf4-3e0f-81888584b7bb	-
20261003-191547-0744	CP-8	Antiphon.Tests.Application.ModelLevelAliasDisplayTests	the_check_digest_for_a_claude_delegate_is_unchanged	Passed	885aacc0-24a7-45c9-ed5f-290ae96a0aad	-
20261003-191547-0744	CP-8	Antiphon.Tests.Application.ModelLevelAliasDisplayTests	a_grok_task_s_completion_note_names_a_grok_model	Passed	d1f224a1-8269-0668-c92d-0cd0741ce866	-
20261003-191547-0744	CP-8	Antiphon.Tests.Application.MutationRoleContractTests	C470_mutation_policy_is_independent	Passed	23e7c489-6ebd-0bbe-5a63-a6a15658cc76	-
20261003-191547-0744	CP-8	Antiphon.Tests.Application.MutationRoleContractTests	C470_enum_and_stage_contract	Passed	37e57586-00e2-067a-af0f-9fa286c96b7a	-
20261003-191547-0744	CP-8	Antiphon.Tests.Application.OperatorShutdownCoordinatorTests	Stop_waits_for_the_launch_drain_then_stops_once	Passed	ac20a19d-5971-88cb-aea1-e817e8e36f78	-
20261003-191547-0744	CP-8	Antiphon.Tests.Application.OperatorShutdownCoordinatorTests	Stop_proceeds_when_the_drain_bound_expires	Passed	c621f323-5fd6-9458-8d87-51a98ca5db1c	-
20261003-191547-0744	CP-8	Antiphon.Tests.Application.OrchestratorInvestigationDetectorTests	Other_real_cold_runs_find_one_investigation_run_of_at_least_R	Passed	82acd5ad-74db-7f39-bb79-4f312a376f8e	-
20261003-191547-0744	CP-8	Antiphon.Tests.Application.OrchestratorInvestigationDetectorTests	Other_real_cold_runs_find_one_investigation_run_of_at_least_R	Passed	aa55550f-4eee-f640-5b1b-0e9a66b10197	-
20261003-191547-0744	CP-8	Antiphon.Tests.Application.OrchestratorInvestigationDetectorTests	IdentifiersFromText_picks_CARD_paths_basenames_and_PascalCase	Passed	8d679db4-1880-dcdc-9202-f4a90204f14d	-
20261003-191547-0744	CP-8	Antiphon.Tests.Application.OrchestratorInvestigationDetectorTests	Never_treats_git_as_a_source_read	Passed	63023368-fd6c-c5f6-4dc2-456c919613b8	-
20261003-191547-0744	CP-8	Antiphon.Tests.Application.OrchestratorInvestigationDetectorTests	Counts_Read_of_a_source_file_including_unparsed_JSON	Passed	edb55ea8-731b-b0dd-6446-9a7512570864	-
20261003-191547-0744	CP-8	Antiphon.Tests.Application.OrchestratorInvestigationDetectorTests	Never_treats_delegate_card_or_dotnet_as_source_reads	Passed	75d62a6f-2f62-9271-074f-b4af23033afe	-
20261003-191547-0744	CP-8	Antiphon.Tests.Application.OrchestratorInvestigationDetectorTests	Other_real_cold_runs_find_one_investigation_run_of_at_least_R	Passed	9a5dfb64-10bf-b87b-33be-5fe9ecbc1b73	-
20261003-191547-0744	CP-8	Antiphon.Tests.Application.OrchestratorInvestigationDetectorTests	Counts_grep_rn_whose_target_is_a_source_directory_as_a_source_read	Passed	95d7b85a-9a4c-9818-7c13-06a234f623fd	-
20261003-191547-0744	CP-8	Antiphon.Tests.Application.OrchestratorInvestigationDetectorTests	Treats_repo_relative_and_absolute_Windows_source_paths_as_source_reads	Passed	9c949a73-27bb-b979-e457-6429e66df9f2	-
20261003-191547-0744	CP-8	Antiphon.Tests.Application.OrchestratorInvestigationDetectorTests	Thresholds_match_the_JS_constants	Passed	2dce42b7-5d53-0f7b-8c60-0dad04b95a27	-
20261003-191547-0744	CP-8	Antiphon.Tests.Application.OrchestratorInvestigationDetectorTests	Codex_and_Grok_file_read_vocabulary_is_classified_the_same_way	Passed	414e1c84-18e0-5235-b05a-df5e34f14b85	-
20261003-191547-0744	CP-8	Antiphon.Tests.Application.OrchestratorInvestigationDetectorTests	Card0246_real_tail_finds_one_run_with_the_measured_source_reads	Passed	28953335-d030-e918-9041-35f4aa329ddc	-
20261003-191547-0744	CP-8	Antiphon.Tests.Application.OrchestratorInvestigationDetectorTests	Nudged_is_yes_when_the_marker_appears_in_the_run_window	Passed	612506ef-f072-48de-0012-893d93d411cc	-
20261003-191547-0744	CP-8	Antiphon.Tests.Application.OrchestratorInvestigationDetectorTests	Does_not_flag_three_unnamed_reads_within_N_report_of_a_delegate_report	Passed	b41631e9-cc98-602b-dfec-2efc55118ae5	-
20261003-191547-0744	CP-8	Antiphon.Tests.Application.OrchestratorInvestigationDetectorTests	Does_not_flag_three_reads_within_N_dispatch_of_a_delegate_launch	Passed	fc85d1e0-705d-c477-d0f0-67b9a1e4dded	-
20261003-191547-0744	CP-8	Antiphon.Tests.Application.OrchestratorInvestigationDetectorTests	Flags_a_synthetic_cold_run_of_exactly_R_source_reads_after_a_human_prompt	Passed	1782caa7-23e3-d1e0-b377-c94dbb02a4ff	-
20261003-191547-0744	CP-8	Antiphon.Tests.Application.OrchestratorInvestigationDetectorTests	Does_not_flag_when_the_read_names_a_file_the_last_report_named	Passed	8d78d407-93ec-e6fa-16e5-19159e660b38	-
20261003-191547-0744	CP-8	Antiphon.Tests.Application.OrchestratorSettingsTests	OrchestratorSettingsValidator_rejects_non_positive_values	Passed	7ce5a256-dc90-29b2-4247-c69b305859c3	-
20261003-191547-0744	CP-8	Antiphon.Tests.Application.OrchestratorWorkspaceLayoutTests	Sibling_dedicated_layout_is_Dedicated_when_the_precondition_holds	Passed	211329b9-6883-3065-c5f5-459b227e3156	-
20261003-191547-0744	CP-8	Antiphon.Tests.Application.OrchestratorWorkspaceLayoutTests	follow_marker_returns_checkout_when_the_marker_resolves	Passed	1078219d-e840-456d-be19-36a896759cdd	-
20261003-191547-0744	CP-8	Antiphon.Tests.Application.OrchestratorWorkspaceLayoutTests	cli_from_kind_maps_the_three_orchestrator_clis	Passed	0f680f3e-5520-910a-ab8d-13d84846b6bd	-
20261003-191547-0744	CP-8	Antiphon.Tests.Application.OrchestratorWorkspaceLayoutTests	proposed_sibling_path_is_beside_the_checkout	Passed	1a77d445-a6ae-dc49-a783-07a3048fa71f	-
20261003-191547-0744	CP-8	Antiphon.Tests.Application.OrchestratorWorkspaceLayoutTests	Grok_trusts_the_exact_folder_in_either_slash_form_not_a_parent	Passed	71ae5cb1-9c42-b51b-7691-053cdc086d23	-
20261003-191547-0744	CP-8	Antiphon.Tests.Application.OrchestratorWorkspaceLayoutTests	Codex_lower_case_backslash_key_is_the_only_trust	Passed	b9ce2a2b-342e-7d4b-d1ab-0643a21d3096	-
20261003-191547-0744	CP-8	Antiphon.Tests.Application.OrchestratorWorkspaceLayoutTests	Claude_forward_slash_key_is_the_only_approval	Passed	dd18ff78-814c-281c-6648-5442373efe80	-
20261003-191547-0744	CP-8	Antiphon.Tests.Application.OrchestratorWorkspaceLayoutTests	Rejects_wrong_version_or_missing_checkout	Passed	9db48522-b705-5559-a672-5013cc172325	-
20261003-191547-0744	CP-8	Antiphon.Tests.Application.OrchestratorWorkspaceLayoutTests	Parses_schema_v1_marker	Passed	36909d82-f01b-3035-e024-edb7d6bf8cf1	-
20261003-191547-0744	CP-8	Antiphon.Tests.Application.OrchestratorWorkspaceLayoutTests	Sibling_dedicated_layout_is_Dedicated_when_the_precondition_holds	Passed	369d2e4f-dc1a-8eb3-e9b6-e041ca3683d6	-
20261003-191547-0744	CP-8	Antiphon.Tests.Application.OrchestratorWorkspaceLayoutTests	Nested_checkout_under_the_orch_folder_is_DedicatedNested_for_Claude	Passed	bf6cfce5-bd90-c3d4-92bf-2c8842a83573	-
20261003-191547-0744	CP-8	Antiphon.Tests.Application.OrchestratorWorkspaceLayoutTests	Sibling_dedicated_layout_is_DedicatedUnapproved_without_the_precondition	Passed	beab0e07-d733-7ee5-845b-badded86c1d8	-
20261003-191547-0744	CP-8	Antiphon.Tests.Application.OrchestratorWorkspaceLayoutTests	Claude_declined_external_includes_is_DedicatedUnapproved_not_absent	Passed	50ca43dd-89c1-a217-67cd-962305f9a68c	-
20261003-191547-0744	CP-8	Antiphon.Tests.Application.OrchestratorWorkspaceLayoutTests	Git_checkout_with_instruction_files_is_CheckoutAsCwd	Passed	833806c8-0f31-8fdc-3d25-d31856a25770	-
20261003-191547-0744	CP-8	Antiphon.Tests.Application.OrchestratorWorkspaceLayoutTests	Git_checkout_with_no_instruction_files_is_Unconfigured	Passed	435570f2-e76f-d8ff-8db3-e5b169ee36f1	-
20261003-191547-0744	CP-8	Antiphon.Tests.Application.OrchestratorWorkspaceLayoutTests	Random_directory_is_Foreign	Passed	c490ee91-ef45-16a7-d911-6fb9c4059efe	-
20261003-191547-0744	CP-8	Antiphon.Tests.Application.OrchestratorWorkspaceLayoutTests	Gatherer_home_reader_wires_the_three_CLI_files	Passed	0a41b503-5b19-19ae-0ad5-95bf8cf1ab12	-
20261003-191547-0744	CP-8	Antiphon.Tests.Application.OrchestratorWorkspaceLayoutTests	Classify_is_pure_over_constructed_facts	Passed	6b0d8d2c-45a9-66ca-3356-33eb1ba000b8	-
20261003-191547-0744	CP-8	Antiphon.Tests.Application.OrchestratorWorkspaceLayoutTests	Sibling_dedicated_layout_is_DedicatedUnapproved_without_the_precondition	Passed	2b09cec7-25cc-a7fd-e337-97e0ef994cc2	-
20261003-191547-0744	CP-8	Antiphon.Tests.Application.OrchestratorWorkspaceLayoutTests	Sibling_dedicated_layout_is_DedicatedUnapproved_without_the_precondition	Passed	c8a305bd-698a-34b1-6751-8a4ce50019fa	-
20261003-191547-0744	CP-8	Antiphon.Tests.Application.OrchestratorWorkspaceLayoutTests	Sibling_dedicated_layout_is_Dedicated_when_the_precondition_holds	Passed	e5698301-dd71-2ee8-b3f8-eb3c5a436fb4	-
20261003-191547-0744	CP-8	Antiphon.Tests.Application.OutboundConversionManifestTests	Invalid_output_is_rejected_with_a_valid_adjacent_control	Passed	8a9bbad0-5fca-875f-5145-d3eba60ef660	-
20261003-191547-0744	CP-8	Antiphon.Tests.Application.OutboundConversionManifestTests	Invalid_output_is_rejected_with_a_valid_adjacent_control	Passed	a98b8b2a-5375-8a8c-e326-3c870c6d1f35	-
20261003-191547-0744	CP-8	Antiphon.Tests.Application.OutboundConversionManifestTests	Invalid_output_is_rejected_with_a_valid_adjacent_control	Passed	07159248-7a07-b074-e9aa-275a83fcfe0b	-
20261003-191547-0744	CP-8	Antiphon.Tests.Application.OutboundConversionManifestTests	Invalid_output_is_rejected_with_a_valid_adjacent_control	Passed	8ee33eb1-bf1d-7292-45f6-ef937efa5b5e	-
20261003-191547-0744	CP-8	Antiphon.Tests.Application.OutboundConversionManifestTests	Invalid_output_is_rejected_with_a_valid_adjacent_control	Passed	32f919ed-6818-4ed6-39cd-831768d6f729	-
20261003-191547-0744	CP-8	Antiphon.Tests.Application.OutboundConversionManifestTests	Invalid_output_is_rejected_with_a_valid_adjacent_control	Passed	a8fd2950-18f8-66b7-c8a9-f70af749fb12	-
20261003-191547-0744	CP-8	Antiphon.Tests.Application.OutboundConversionManifestTests	Invalid_output_is_rejected_with_a_valid_adjacent_control	Passed	6a30c849-f3ff-5b98-25ca-e60426587bd2	-
20261003-191547-0744	CP-8	Antiphon.Tests.Application.OutboundConversionManifestTests	Invalid_output_is_rejected_with_a_valid_adjacent_control	Passed	2b2b8f99-0cf2-f3e3-1d2e-516ff55af265	-
20261003-191547-0744	CP-8	Antiphon.Tests.Application.OutboundConversionManifestTests	Invalid_output_is_rejected_with_a_valid_adjacent_control	Passed	6f84353f-d03d-6254-3261-bbeacd80ac78	-
20261003-191547-0744	CP-8	Antiphon.Tests.Application.OutboundConversionManifestTests	Invalid_output_is_rejected_with_a_valid_adjacent_control	Passed	b62a97a5-b922-9f20-972f-3cedb95f9774	-
20261003-191547-0744	CP-8	Antiphon.Tests.Application.OutboundConversionManifestTests	Invalid_output_is_rejected_with_a_valid_adjacent_control	Passed	a4293170-9b32-1ada-cc88-41f9a3ca2dd4	-
20261003-191547-0744	CP-8	Antiphon.Tests.Application.OutboundConversionManifestTests	Invalid_output_is_rejected_with_a_valid_adjacent_control	Passed	ca7d37df-604a-338e-5c26-f60e0580e3eb	-
20261003-191547-0744	CP-8	Antiphon.Tests.Application.OutboundConversionManifestTests	Invalid_output_is_rejected_with_a_valid_adjacent_control	Passed	3fdec908-91b2-d424-5f0d-790950f32fde	-
20261003-191547-0744	CP-8	Antiphon.Tests.Application.OutboundConversionManifestTests	Invalid_output_is_rejected_with_a_valid_adjacent_control	Passed	7c76b844-cd28-734b-28b3-954d98a5d232	-
20261003-191547-0744	CP-8	Antiphon.Tests.Application.OutboundConversionManifestTests	Invalid_output_is_rejected_with_a_valid_adjacent_control	Passed	06a38605-6520-e82b-f49f-d108fb91cdfe	-
20261003-191547-0744	CP-8	Antiphon.Tests.Application.OutboundConversionManifestTests	Invalid_output_is_rejected_with_a_valid_adjacent_control	Passed	e2007e76-b206-d19c-71d4-664ac8f93ca9	-
20261003-191547-0744	CP-8	Antiphon.Tests.Application.OutboundConversionManifestTests	Invalid_output_is_rejected_with_a_valid_adjacent_control	Passed	101f7a26-0e4c-8e92-7c5c-5637105b923b	-
20261003-191547-0744	CP-8	Antiphon.Tests.Application.OutboundConversionManifestTests	Invalid_output_is_rejected_with_a_valid_adjacent_control	Passed	2bec5625-ab71-bc5b-5d3d-3125a8d65a31	-
20261003-191547-0744	CP-8	Antiphon.Tests.Application.OutboundConversionManifestTests	Invalid_output_is_rejected_with_a_valid_adjacent_control	Passed	af9c35e8-9833-ea07-6b15-67576747de7b	-
20261003-191547-0744	CP-8	Antiphon.Tests.Application.OutboundConversionManifestTests	Invalid_output_is_rejected_with_a_valid_adjacent_control	Passed	e1393085-d569-9f9a-9b52-ca532bdf0837	-
20261003-191547-0744	CP-8	Antiphon.Tests.Application.OutboundConversionManifestTests	Invalid_output_is_rejected_with_a_valid_adjacent_control	Passed	8636fc65-ca39-5e52-6708-7457bfbf7bd6	-
20261003-191547-0744	CP-8	Antiphon.Tests.Application.OutboundConversionManifestTests	Invalid_output_is_rejected_with_a_valid_adjacent_control	Passed	a738f898-83b7-6bb5-5df7-78fe81f59038	-
20261003-191547-0744	CP-8	Antiphon.Tests.Application.OutboundConversionManifestTests	Invalid_output_is_rejected_with_a_valid_adjacent_control	Passed	840bb41f-6963-07e9-c083-51249120da6c	-
20261003-191547-0744	CP-8	Antiphon.Tests.Application.OutboundConversionManifestTests	Invalid_output_is_rejected_with_a_valid_adjacent_control	Passed	c7ec2b11-66bb-bc7c-88a6-d4f6ac44e19a	-
20261003-191547-0744	CP-8	Antiphon.Tests.Application.OutboundConversionManifestTests	Invalid_output_is_rejected_with_a_valid_adjacent_control	Passed	9367661f-a76d-30f3-8314-0319ba65dae6	-
20261003-191547-0744	CP-8	Antiphon.Tests.Application.OutboundConversionManifestTests	Invalid_output_is_rejected_with_a_valid_adjacent_control	Passed	69b27ef1-6071-d291-695b-5ef45adc63ca	-
20261003-191547-0744	CP-8	Antiphon.Tests.Application.OutboundConversionManifestTests	Invalid_output_is_rejected_with_a_valid_adjacent_control	Passed	c918f2bc-cf77-a6bd-4a88-1a9b1a48e453	-
20261003-191547-0744	CP-8	Antiphon.Tests.Application.OutboundConversionManifestTests	Invalid_output_is_rejected_with_a_valid_adjacent_control	Passed	1add5228-0d00-9ce1-969f-bfad7757051d	-
20261003-191547-0744	CP-8	Antiphon.Tests.Application.OutboundConversionManifestTests	Invalid_output_is_rejected_with_a_valid_adjacent_control	Passed	5e3f7703-ad42-963f-0d6b-d53e42b51e09	-
20261003-191547-0744	CP-8	Antiphon.Tests.Application.OutboundConversionManifestTests	Invalid_output_is_rejected_with_a_valid_adjacent_control	Passed	5960a446-3594-7dbc-f741-8c193f4cb7a9	-
20261003-191547-0744	CP-8	Antiphon.Tests.Application.OutboundConversionManifestTests	Valid_results_add_files_and_seal_bytes	Passed	462ca1f4-a330-d7b8-a0f5-1ab7dc5cf48d	-
20261003-191547-0744	CP-8	Antiphon.Tests.Application.OutboundConversionManifestTests	Invalid_output_is_rejected_with_a_valid_adjacent_control	Passed	ba7f6944-e57a-bd71-a686-122e29a8667a	-
20261003-191547-0744	CP-8	Antiphon.Tests.Application.OutboundConversionManifestTests	Invalid_output_is_rejected_with_a_valid_adjacent_control	Passed	d6ff4ef8-cd18-b248-3021-958a188c5d12	-
20261003-191547-0744	CP-8	Antiphon.Tests.Application.OutboundConversionManifestTests	Invalid_output_is_rejected_with_a_valid_adjacent_control	Passed	d09fc867-705c-ad6c-6dd8-adb2d7b8ddba	-
20261003-191547-0744	CP-8	Antiphon.Tests.Application.OutboundConversionManifestTests	Invalid_output_is_rejected_with_a_valid_adjacent_control	Passed	c40f6714-6646-cfa5-f278-b8ca9f996b06	-
20261003-191547-0744	CP-8	Antiphon.Tests.Application.OutputDistillationGateTests	copying_next_and_handoff_passes_even_if_artifact_is_dropped	Passed	97891976-435f-69d4-1721-fb349f061cd9	-
20261003-191547-0744	CP-8	Antiphon.Tests.Application.OutputDistillationGateTests	a_report_without_a_handoff_block_does_not_require_next	Passed	7ef5d564-bf68-0d90-9f5d-41a169b02906	-
20261003-191547-0744	CP-8	Antiphon.Tests.Application.OutputDistillationGateTests	weekly_review_false_positives_can_be_paraphrased	Passed	050e3891-ee6d-78c8-4c05-1bffb374ed77	-
20261003-191547-0744	CP-8	Antiphon.Tests.Application.OutputDistillationGateTests	weekly_review_false_positives_can_be_paraphrased	Passed	2377d18e-cac5-025c-9dc9-a8e91a1f5f3f	-
20261003-191547-0744	CP-8	Antiphon.Tests.Application.OutputDistillationGateTests	weekly_review_false_positives_can_be_paraphrased	Passed	105f4eb5-59cb-9430-63e9-836437d809da	-
20261003-191547-0744	CP-8	Antiphon.Tests.Application.OutputDistillationGateTests	weekly_review_false_positives_can_be_paraphrased	Passed	f48309fe-f3b4-93f6-02f5-a5e67c4ef468	-
20261003-191547-0744	CP-8	Antiphon.Tests.Application.OutputDistillationGateTests	weekly_review_false_positives_can_be_paraphrased	Passed	2f2fe8be-3eca-ddc0-fad1-fbb6605a3de5	-
20261003-191547-0744	CP-8	Antiphon.Tests.Application.OutputDistillationGateTests	dropping_next_or_handoff_from_a_present_block_is_over_compressed	Passed	db91a790-dde0-ee3d-9a5d-084987625724	-
20261003-191547-0744	CP-8	Antiphon.Tests.Application.OutputDistillationGateTests	weekly_review_false_positives_can_be_paraphrased	Passed	66510ae9-45b2-3f4d-1bb8-4eaecde702cd	-
20261003-191547-0744	CP-8	Antiphon.Tests.Application.OutputDistillationGateTests	weekly_review_false_positives_can_be_paraphrased	Passed	6c88cab7-aad7-0a8d-dd4b-a526cb06f4d3	-
20261003-191547-0744	CP-8	Antiphon.Tests.Application.OutputDistillationGateTests	weekly_review_false_positives_can_be_paraphrased	Passed	1d1b851f-316e-1277-8b3d-99ab38be62ed	-
20261003-191547-0744	CP-8	Antiphon.Tests.Application.OutputDistillationGateTests	weekly_review_false_positives_can_be_paraphrased	Passed	ac122337-9e51-f3d2-b165-db26f227b43d	-
20261003-191547-0744	CP-8	Antiphon.Tests.Application.OutputDistillationGateTests	dropping_next_or_handoff_from_a_present_block_is_over_compressed	Passed	eccd8200-b6fb-0a85-063b-3cffd6af865b	-
20261003-191547-0744	CP-8	Antiphon.Tests.Application.OutputDistillationGateTests	dropping_a_required_anchor_is_over_compressed	Passed	cee3ad6c-acac-144a-55ff-4e494a2c1bbd	-
20261003-191547-0744	CP-8	Antiphon.Tests.Application.OutputDistillationGateTests	more_than_ten_paths_need_sixty_percent	Passed	dd81a933-8434-8cd6-e361-10cb58628d08	-
20261003-191547-0744	CP-8	Antiphon.Tests.Application.OutputDistillationGateTests	ten_or_fewer_paths_must_all_survive	Passed	c07f83a4-293a-79ac-83cf-306aa2767ce2	-
20261003-191547-0744	CP-8	Antiphon.Tests.Application.OutputDistillationGateTests	weekly_review_false_positives_can_be_paraphrased	Passed	8fbfcc39-2fce-5126-7a28-e1bdb19d9b61	-
20261003-191547-0744	CP-8	Antiphon.Tests.Application.OutputDistillationGateTests	dropping_a_required_anchor_is_over_compressed	Passed	aa55c0bf-8e08-fae3-8d86-35bb4b4215fa	-
20261003-191547-0744	CP-8	Antiphon.Tests.Application.OutputDistillationGateTests	dropping_a_required_anchor_is_over_compressed	Passed	447af642-a270-a955-2fa6-1923520636d0	-
20261003-191547-0744	CP-8	Antiphon.Tests.Application.OutputDistillationGateTests	dropping_a_required_anchor_is_over_compressed	Passed	40443408-45a1-28c6-62ba-04fd810d7e7e	-
20261003-191547-0744	CP-8	Antiphon.Tests.Application.OutputDistillationGateTests	dropping_a_required_anchor_is_over_compressed	Passed	ac96bd2b-92a6-309d-6ae8-674decd22ca9	-
20261003-191547-0744	CP-8	Antiphon.Tests.Application.OutputDistillationGateTests	dropping_a_required_anchor_is_over_compressed	Passed	6041addc-6387-586d-9bde-cae1c586315a	-
20261003-191547-0744	CP-8	Antiphon.Tests.Application.OutputDistillationGateTests	a_distillation_that_keeps_every_anchor_class_passes	Passed	e20da5cb-0fbe-c80b-4d80-c085675df8a6	-
20261003-191547-0744	CP-8	Antiphon.Tests.Application.OutputDistillationGateTests	distilled_over_the_length_band_is_under_compressed	Passed	0fd9c364-af47-3b00-c3d0-821beb8fd6bb	-
20261003-191547-0744	CP-8	Antiphon.Tests.Application.OutputDistillationGateTests	distilled_shorter_than_120_is_degraded_empty	Passed	444e2218-67c0-efc4-5f3d-4c6271029c23	-
20261003-191547-0744	CP-8	Antiphon.Tests.Application.OutputDistillationGateTests	empty_distilled_is_degraded_empty	Passed	6bf43ab2-7aa2-8cac-576d-15617ca51cb3	-
20261003-191547-0744	CP-8	Antiphon.Tests.Application.OutputDistillationGateTests	incidental_hex_is_not_a_commit_anchor	Passed	f9e81766-b4e4-af4d-9d8b-290d257dbd05	-
20261003-191547-0744	CP-8	Antiphon.Tests.Application.OutputDistillationGateTests	more_than_ten_paths_below_sixty_percent_is_over_compressed	Passed	fe37a4f1-a302-2467-c4cb-876a9e036e5a	-
20261003-191547-0744	CP-8	Antiphon.Tests.Application.OutputDistillationGateTests	dropping_a_required_anchor_is_over_compressed	Passed	7682c1aa-8d8e-6add-1596-1262b7cf131f	-
20261003-191547-0744	CP-8	Antiphon.Tests.Application.OutputDistillationGateTests	a_git_list_does_not_extend_to_an_adjacent_task_id	Passed	bac165c7-dfde-088d-974a-74f4ff88f0e2	-
20261003-191547-0744	CP-8	Antiphon.Tests.Application.OutputDistillationGateTests	weekly_review_false_positives_can_be_paraphrased	Passed	9be62adb-bb98-1702-7343-3dc7fdcddf03	-
20261003-191547-0744	CP-8	Antiphon.Tests.Application.OutputDistillationGateTests	dropping_only_one_sha_from_a_list_or_range_fails	Passed	5921a30c-d4b8-a23c-258a-83af5378a794	-
20261003-191547-0744	CP-8	Antiphon.Tests.Application.OutputDistillationGateTests	dropping_only_one_sha_from_a_list_or_range_fails	Passed	47e52b86-e14e-5a3f-8f91-930fd7fddb87	-
20261003-191547-0744	CP-8	Antiphon.Tests.Application.OutputDistillationGateTests	dropping_only_one_sha_from_a_list_or_range_fails	Passed	89009cb3-67c3-2be8-e56b-37fc8ee5a970	-
20261003-191547-0744	CP-8	Antiphon.Tests.Application.OutputDistillationGateTests	dropping_only_one_sha_from_a_list_or_range_fails	Passed	05f0b876-f2c0-52a9-5ff6-9234bab40681	-
20261003-191547-0744	CP-8	Antiphon.Tests.Application.OutputDistillationGateTests	dropping_only_one_sha_from_a_list_or_range_fails	Passed	4055add5-732d-2d94-bfc0-ec5f1e838ccf	-
20261003-191547-0744	CP-8	Antiphon.Tests.Application.OutputDistillationGateTests	dropping_a_real_path_still_fails	Passed	9a3f873f-dfef-1df7-1d43-372f57b990db	-
20261003-191547-0744	CP-8	Antiphon.Tests.Application.OutputDistillationGateTests	dropping_a_real_path_still_fails	Passed	c651c66a-aa4c-efe4-f8a9-f14c68bdbb1d	-
20261003-191547-0744	CP-8	Antiphon.Tests.Application.OutputDistillationGateTests	dropping_a_real_path_still_fails	Passed	9fd6fa6d-14c6-39ed-56ff-21d77d375b5c	-
20261003-191547-0744	CP-8	Antiphon.Tests.Application.OutputDistillationGateTests	dropping_a_real_path_still_fails	Passed	11709184-9164-1e6b-8e5a-68e48d3dd1f5	-
20261003-191547-0744	CP-8	Antiphon.Tests.Application.OutputDistillationGateTests	dropping_a_real_path_still_fails	Passed	941bfc92-5cd5-81ca-8966-407ec1591897	-
20261003-191547-0744	CP-8	Antiphon.Tests.Application.OutputDistillationGateTests	dropping_a_real_path_still_fails	Passed	f0d6b499-b1f4-9d42-4323-2a6a0a9aa92e	-
20261003-191547-0744	CP-8	Antiphon.Tests.Application.OutputDistillationGateTests	dropping_a_real_path_still_fails	Passed	cab57319-8f47-db6f-8f01-38c84fac0c89	-
20261003-191547-0744	CP-8	Antiphon.Tests.Application.OutputDistillationGateTests	dropping_a_real_path_still_fails	Passed	1339707a-a53b-5132-d6da-86e97e8923f4	-
20261003-191547-0744	CP-8	Antiphon.Tests.Application.OutputDistillationGateTests	dropping_a_real_path_still_fails	Passed	4ef6899b-5ce3-bc8c-0561-8db7bb8cebe9	-
20261003-191547-0744	CP-8	Antiphon.Tests.Application.OutputDistillationGateTests	dropping_a_real_path_still_fails	Passed	07a75f20-7d9a-26c6-1bee-7982aa164a0c	-
20261003-191547-0744	CP-8	Antiphon.Tests.Application.OutputDistillationGateTests	dropping_a_real_path_still_fails	Passed	b1fbfbaa-dd1f-5335-b61d-af71f448b6ba	-
20261003-191547-0744	CP-8	Antiphon.Tests.Application.OutputDistillationGateTests	dropping_a_real_path_still_fails	Passed	c46f89e3-b9cb-cbbb-0483-4f2700acbd14	-
20261003-191547-0744	CP-8	Antiphon.Tests.Application.OutputDistillationGateTests	dropping_a_real_path_still_fails	Passed	dec4407d-034e-8524-28ee-8084202c9547	-
20261003-191547-0744	CP-8	Antiphon.Tests.Application.OutputDistillationGateTests	dropping_a_real_path_still_fails	Passed	2a902752-f2d3-8acd-f59d-44105ba7b53c	-
20261003-191547-0744	CP-8	Antiphon.Tests.Application.OutputDistillationGateTests	corpus_citations_require_the_sha_even_when_prose_is_preserved	Passed	7181a4f4-d3ea-efc9-6215-d8463cda1857	-
20261003-191547-0744	CP-8	Antiphon.Tests.Application.OutputDistillationGateTests	dropping_a_real_path_still_fails	Passed	a751ce8c-6464-b39f-74d7-23d1235a1480	-
20261003-191547-0744	CP-8	Antiphon.Tests.Application.OutputDistillationGateTests	corpus_citations_require_the_sha_even_when_prose_is_preserved	Passed	b5a5c4d9-246e-d7ce-d99d-cf94a4a921a2	-
20261003-191547-0744	CP-8	Antiphon.Tests.Application.OutputDistillationGateTests	corpus_citations_require_the_sha_even_when_prose_is_preserved	Passed	6062ab39-6cd9-44eb-51c2-f7757c793b6f	-
20261003-191547-0744	CP-8	Antiphon.Tests.Application.OutputDistillationGateTests	dropping_a_git_reference_still_fails	Passed	5a6320bc-af0a-a08d-554f-fa54c6dfe435	-
20261003-191547-0744	CP-8	Antiphon.Tests.Application.OutputDistillationGateTests	dropping_a_git_reference_still_fails	Passed	85f6d6fa-f52e-5af2-3397-dae354795211	-
20261003-191547-0744	CP-8	Antiphon.Tests.Application.OutputDistillationGateTests	dropping_a_git_reference_still_fails	Passed	a7bc682b-e4e8-2adf-ae70-f0f2d1edef96	-
20261003-191547-0744	CP-8	Antiphon.Tests.Application.OutputDistillationGateTests	dropping_a_git_reference_still_fails	Passed	226c8d99-a381-a4a7-94d7-2064df032c2f	-
20261003-191547-0744	CP-8	Antiphon.Tests.Application.OutputDistillationGateTests	dropping_a_git_reference_still_fails	Passed	e0abaf73-4269-6389-95b8-c0e534d8f942	-
20261003-191547-0744	CP-8	Antiphon.Tests.Application.OutputDistillationGateTests	dropping_a_git_reference_still_fails	Passed	af48f800-6f36-64e7-b6ed-17324df1d483	-
20261003-191547-0744	CP-8	Antiphon.Tests.Application.OutputDistillationGateTests	dropping_a_git_reference_still_fails	Passed	211a486d-df8c-f9db-a1c8-1121eaf7c5c4	-
20261003-191547-0744	CP-8	Antiphon.Tests.Application.OutputDistillationGateTests	dropping_a_git_reference_still_fails	Passed	01124261-e1e4-d49a-4b02-6e10ce442323	-
20261003-191547-0744	CP-8	Antiphon.Tests.Application.OutputDistillationGateTests	dropping_a_git_reference_still_fails	Passed	460157b3-d74c-4c35-7840-0f58f5813cd2	-
20261003-191547-0744	CP-8	Antiphon.Tests.Application.OutputDistillationGateTests	dropping_a_git_reference_still_fails	Passed	aff6910c-4443-804e-3cac-d34ebfd9d063	-
20261003-191547-0744	CP-8	Antiphon.Tests.Application.OutputDistillationGateTests	review_citation_probes_require_the_sha	Passed	d29b9265-5de7-72ca-b2fd-64cecdb98fc7	-
20261003-191547-0744	CP-8	Antiphon.Tests.Application.OutputDistillationGateTests	review_citation_probes_require_the_sha	Passed	e0b9b027-4f64-533d-e72e-d6cd355a587b	-
20261003-191547-0744	CP-8	Antiphon.Tests.Application.OutputDistillationGateTests	review_citation_probes_require_the_sha	Passed	fd2f7e1e-f940-e0cb-d926-796d16f0a2e7	-
20261003-191547-0744	CP-8	Antiphon.Tests.Application.OutputDistillationGateTests	review_citation_probes_require_the_sha	Passed	84522f00-b5f9-0395-57dd-2ad6b263d9f2	-
20261003-191547-0744	CP-8	Antiphon.Tests.Application.OutputDistillationGateTests	review_citation_probes_require_the_sha	Passed	214896c8-8274-85c5-6f67-36f9c44e024b	-
20261003-191547-0744	CP-8	Antiphon.Tests.Application.OutputDistillationGateTests	review_citation_probes_require_the_sha	Passed	a0d75aaf-7124-953c-3c9d-aee24d3667f0	-
20261003-191547-0744	CP-8	Antiphon.Tests.Application.OutputDistillationGateTests	weekly_review_false_positives_can_be_paraphrased	Passed	d982ed19-4be1-d25e-db06-ad3ce654850c	-
20261003-191547-0744	CP-8	Antiphon.Tests.Application.OutputDistillationGateTests	corpus_citations_require_the_sha_even_when_prose_is_preserved	Passed	83ea2882-4237-1f79-d1b3-0db37bcdd300	-
20261003-191547-0744	CP-8	Antiphon.Tests.Application.OutputDistillationGateTests	corpus_citations_require_the_sha_even_when_prose_is_preserved	Passed	d1bc1601-712b-0631-da5c-49a60f5ad7a7	-
20261003-191547-0744	CP-8	Antiphon.Tests.Application.OutputDistillationGateTests	corpus_citations_require_the_sha_even_when_prose_is_preserved	Passed	ab30331b-65aa-bbff-5581-5341239a8049	-
20261003-191547-0744	CP-8	Antiphon.Tests.Application.OutputDistillationGateTests	dropping_a_real_path_still_fails	Passed	c7d38c20-eef9-35e0-44ec-93342d9b43d0	-
20261003-191547-0744	CP-8	Antiphon.Tests.Application.OutputDistillationGateTests	review_citation_probes_require_the_sha	Passed	9214dd6c-1392-7a65-198d-7a34dbb6e5fb	-
20261003-191547-0744	CP-8	Antiphon.Tests.Application.OutputDistillationGateTests	weekly_review_false_positives_can_be_paraphrased	Passed	0479f9f9-73ad-c9ca-a598-0097bef1513b	-
20261003-191547-0744	CP-8	Antiphon.Tests.Application.OutputDistillationGateTests	dropping_a_real_path_still_fails	Passed	a89e6ecf-81bd-0c0f-3386-f73a698c1346	-
20261003-191547-0744	CP-8	Antiphon.Tests.Application.OutputDistillationGateTests	dropping_a_real_path_still_fails	Passed	8beb833d-6e44-0fec-02a5-df42f325e2c1	-
20261003-191547-0744	CP-8	Antiphon.Tests.Application.OutputDistillationGateTests	dropping_a_real_path_still_fails	Passed	8181f0f9-a56f-1aa0-e2cc-84fe3394747a	-
20261003-191547-0744	CP-8	Antiphon.Tests.Application.OutputDistillationGateTests	dropping_a_real_path_still_fails	Passed	ae5563d3-8d1f-3eee-bf6d-f2e7237572e0	-
20261003-191547-0744	CP-8	Antiphon.Tests.Application.OutputDistillationGateTests	incidental_hex_is_not_a_commit_anchor	Passed	f3ae4dc6-9081-7f43-b568-b97706002ee7	-
20261003-191547-0744	CP-8	Antiphon.Tests.Application.OutputDistillationGateTests	incidental_hex_is_not_a_commit_anchor	Passed	4bb774fd-5240-1c87-eba1-33eea5555e6b	-
20261003-191547-0744	CP-8	Antiphon.Tests.Application.OutputDistillationGateTests	incidental_hex_is_not_a_commit_anchor	Passed	a9d9cb4d-8387-c1d9-5ecc-b4e2f6e2f253	-
20261003-191547-0744	CP-8	Antiphon.Tests.Application.OutputDistillationGateTests	dropping_a_real_path_still_fails	Passed	b94b8234-1ecd-bbea-b8e8-b74cc3e1dc16	-
20261003-191547-0744	CP-8	Antiphon.Tests.Application.OutputDistillationGateTests	dropping_a_real_path_still_fails	Passed	862f6ae5-9e84-5373-cb29-ee03b0ad9441	-
20261003-191547-0744	CP-8	Antiphon.Tests.Application.OutputDistillationGateTests	dropping_a_real_path_still_fails	Passed	4e7dfc32-f005-b452-f052-85e6c7b37529	-
20261003-191547-0744	CP-8	Antiphon.Tests.Application.OutputDistillationGateTests	dropping_a_real_path_still_fails	Passed	981db040-2654-97cc-8acd-5266160df7c0	-
20261003-191547-0744	CP-8	Antiphon.Tests.Application.OutputDistillationGateTests	dropping_a_real_path_still_fails	Passed	a70de39c-47eb-9e59-fee3-1a6d9dc8d835	-
20261003-191547-0744	CP-8	Antiphon.Tests.Application.OutputDistillationGateTests	dropping_a_real_path_still_fails	Passed	14442ae9-abd0-a729-05d3-e08e10ba92f7	-
20261003-191547-0744	CP-8	Antiphon.Tests.Application.OutputDistillationGateTests	dropping_a_real_path_still_fails	Passed	b12b294e-c16e-676e-e73b-c0794e483691	-
20261003-191547-0744	CP-8	Antiphon.Tests.Application.OutputDistillationGateTests	dropping_a_real_path_still_fails	Passed	2808f15d-0d3e-53d9-01eb-6a5ec44d3ef3	-
20261003-191547-0744	CP-8	Antiphon.Tests.Application.OutputDistillationGateTests	weekly_review_false_positives_can_be_paraphrased	Passed	fb1de28a-604c-0c4c-f8c3-ca1371e9265b	-
20261003-191547-0744	CP-8	Antiphon.Tests.Application.OutputDistillationGateTests	weekly_review_false_positives_can_be_paraphrased	Passed	b44ddc36-ec61-2dfd-d195-62e2a83473f4	-
20261003-191547-0744	CP-8	Antiphon.Tests.Application.OutputDistillationGateTests	incidental_hex_is_not_a_commit_anchor	Passed	9f3a36db-005c-e175-7fbd-85fca000886d	-
20261003-191547-0744	CP-8	Antiphon.Tests.Application.OutputDistillationGateTests	incidental_hex_is_not_a_commit_anchor	Passed	36ccb5cc-4484-8558-af3b-32f5449f2ec3	-
20261003-191547-0744	CP-8	Antiphon.Tests.Application.OutputDistillationGateTests	incidental_hex_is_not_a_commit_anchor	Passed	049bb9c9-4f56-d425-efdd-c238c4c90aba	-
20261003-191547-0744	CP-8	Antiphon.Tests.Application.OutputDistillationGateTests	incidental_hex_is_not_a_commit_anchor	Passed	f1f886b5-164e-5d4e-75d3-1f7f714940b0	-
20261003-191547-0744	CP-8	Antiphon.Tests.Application.OutputDistillationGateTests	incidental_hex_is_not_a_commit_anchor	Passed	b097300c-bb09-31ef-15a1-4933c30d1ac1	-
20261003-191547-0744	CP-8	Antiphon.Tests.Application.OutputDistillationGateTests	incidental_hex_is_not_a_commit_anchor	Passed	0cef8d5c-06aa-e459-5e81-b51265232d8a	-
20261003-191547-0744	CP-8	Antiphon.Tests.Application.OutputDistillationGateTests	incidental_hex_is_not_a_commit_anchor	Passed	792e1520-3271-0c7b-1d2a-489e345190f8	-
20261003-191547-0744	CP-8	Antiphon.Tests.Application.OutputDistillationGateTests	incidental_hex_is_not_a_commit_anchor	Passed	f02c7296-7a4d-d007-493a-a8fb4a30516e	-
20261003-191547-0744	CP-8	Antiphon.Tests.Application.OutputDistillationGateTests	incidental_hex_is_not_a_commit_anchor	Passed	7f0fb8bc-d555-86bd-b96e-def158fb9420	-
20261003-191547-0744	CP-8	Antiphon.Tests.Application.OutputDistillationPolicyTests	Specialists_are_never_targets	Passed	9e797394-eb8a-39ed-8663-15d4b25ded64	-
20261003-191547-0744	CP-8	Antiphon.Tests.Application.OutputDistillationPolicyTests	Report_boundaries	Passed	f257967f-0e71-9d36-2ac3-0b645d45dff7	-
20261003-191547-0744	CP-8	Antiphon.Tests.Application.OutputDistillationPolicyTests	Report_boundaries	Passed	20e6d17c-c523-7460-f464-c1ec0e937408	-
20261003-191547-0744	CP-8	Antiphon.Tests.Application.OutputDistillationPolicyTests	Report_boundaries	Passed	6fb58298-7e3b-09aa-2eb1-f10d5474cde7	-
20261003-191547-0744	CP-8	Antiphon.Tests.Application.OutputDistillationPolicyTests	Report_boundaries	Passed	1e01884a-5bb5-6958-2b90-c4884eacedd5	-
20261003-191547-0744	CP-8	Antiphon.Tests.Application.OutputDistillationPolicyTests	Report_boundaries	Passed	3ee2452b-3284-5d03-8395-8d41faf1a68d	-
20261003-191547-0744	CP-8	Antiphon.Tests.Application.OutputDistillationPolicyTests	Nonterminal_tasks_are_ineligible	Passed	fb7b1985-e613-fef5-17a0-3c99199dfd58	-
20261003-191547-0744	CP-8	Antiphon.Tests.Application.OutputDistillationPolicyTests	Outbound_conversion_never_requests_distillation_even_with_a_session_reply_target	Passed	2237658c-045c-b62a-1146-c2801f28ba22	-
20261003-191547-0744	CP-8	Antiphon.Tests.Application.OutputDistillationPolicyTests	Report_boundaries	Passed	472f8a7f-8fc2-2fec-1811-780fe125078c	-
20261003-191547-0744	CP-8	Antiphon.Tests.Application.OutputDistillationPolicyTests	Report_boundaries	Passed	aea1dcaa-e6e5-0f1b-8adf-446eeeb12698	-
20261003-191547-0744	CP-8	Antiphon.Tests.Application.OutputDistillationPolicyTests	Specialists_are_never_targets	Passed	f094e996-646a-e64b-fe11-b4acdd330baa	-
20261003-191547-0744	CP-8	Antiphon.Tests.Application.OutputDistillationPolicyTests	Unicode_length_is_not_utf8_bytes_or_tokens	Passed	cba72336-e822-2f0d-a310-04897be574a4	-
20261003-191547-0744	CP-8	Antiphon.Tests.Application.OutputDistillationPolicyTests	Nonterminal_tasks_are_ineligible	Passed	81eae362-5d6b-a5c9-cd89-24b3620b0204	-
20261003-191547-0744	CP-8	Antiphon.Tests.Application.OutputDistillationPolicyTests	Nonterminal_tasks_are_ineligible	Passed	60585ebd-6297-12f6-be83-ecea9081aa80	-
20261003-191547-0744	CP-8	Antiphon.Tests.Application.OutputDistillationPolicyTests	Nonterminal_tasks_are_ineligible	Passed	0a2944bf-d973-de70-489d-b0775912bf36	-
20261003-191547-0744	CP-8	Antiphon.Tests.Application.OutputDistillationPolicyTests	Report_boundaries	Passed	8b31843c-1f16-c8fb-8180-67eea3076d4a	-
20261003-191547-0744	CP-8	Antiphon.Tests.Application.OutputDistillationPolicyTests	Unicode_length_is_not_utf8_bytes_or_tokens	Passed	b86008a7-515d-4fa8-3010-9efb90de4e93	-
20261003-191547-0744	CP-8	Antiphon.Tests.Application.OutputDistillationPolicyTests	Specialists_are_never_targets	Passed	6e85050f-0510-f1d7-16e9-35655a9fb1f8	-
20261003-191547-0744	CP-8	Antiphon.Tests.Application.OutputDistillationPolicyTests	Report_boundaries	Passed	14c341a3-5713-bacb-3e5b-3973a420880a	-
20261003-191547-0744	CP-8	Antiphon.Tests.Application.OutputDistillationPolicyTests	Report_boundaries	Passed	5ebf5811-58a8-ea16-bcc6-50022e511ca6	-
20261003-191547-0744	CP-8	Antiphon.Tests.Application.OutputDistillationPolicyTests	Report_boundaries	Passed	74a2c061-ec97-f75b-3142-34609c1b4f1d	-
20261003-191547-0744	CP-8	Antiphon.Tests.Application.OutputDistillationPolicyTests	Report_boundaries	Passed	9c07ae64-515a-1b74-b826-d5a501dc7923	-
20261003-191547-0744	CP-8	Antiphon.Tests.Application.OutputDistillationPolicyTests	Report_boundaries	Passed	40f9cb2d-ca4f-33f0-0b77-ce6e91557c6a	-
20261003-191547-0744	CP-8	Antiphon.Tests.Application.OutputDistillationPolicyTests	Report_boundaries	Passed	c8005aa7-6505-f7ae-4f53-84c5d549a67e	-
20261003-191547-0744	CP-8	Antiphon.Tests.Application.OutputDistillationPolicyTests	Defaults_separate_usefulness_from_transport	Passed	897aca39-0687-5a3f-6040-de3d308b39d6	-
20261003-191547-0744	CP-8	Antiphon.Tests.Application.OutputDistillationQueueTests	Capacity_rejects_without_dropping_an_accepted_request	Passed	83fa6871-04b9-4fbe-9989-15bf0544de28	-
20261003-191547-0744	CP-8	Antiphon.Tests.Application.OutputDistillationQueueTests	Defaults_and_legacy_contract_are_preserved	Passed	c07725e5-49f2-e65a-6b6c-6170528b880d	-
20261003-191547-0744	CP-8	Antiphon.Tests.Application.PhoneHomeDirectoryTests	Foreign_runner_id_is_refused	Passed	aad8d73c-5883-a167-dfae-449aa81ef38e	-
20261003-191547-0744	CP-8	Antiphon.Tests.Application.PhoneHomeDirectoryTests	Resolve_refuses_a_recovered_connection_whose_socket_is_closed	Passed	c0720f91-d955-ad84-4c25-9545c9838251	-
20261003-191547-0744	CP-8	Antiphon.Tests.Application.PhoneHomeDirectoryTests	Remote_adapter_reaches_the_replacement_connection_after_a_reconnect	Passed	1eaa99cd-c989-44c3-dc5c-67d8c8fa0c4c	-
20261003-191547-0744	CP-8	Antiphon.Tests.Application.PhoneHomeDirectoryTests	Capacity_above_bound_is_refused	Passed	21909502-f4c1-f200-4aea-0a7945098b09	-
20261003-191547-0744	CP-8	Antiphon.Tests.Application.PhoneHomeDirectoryTests	Provider_auth_endpoint_routes_to_the_live_runner_and_409s_when_absent	Passed	4fc3fad4-6463-6ea7-b80e-590551ad6296	-
20261003-191547-0744	CP-8	Antiphon.Tests.Application.PhoneHomeDirectoryTests	Registration_carries_capabilities	Passed	3384d54e-f90f-c96d-7337-9a3691d020a1	-
20261003-191547-0744	CP-8	Antiphon.Tests.Application.PhoneHomeDirectoryTests	Capacity_within_bound_is_admitted	Passed	a6279cae-2ee2-0fca-6428-075dd42c20f6	-
20261003-191547-0744	CP-8	Antiphon.Tests.Application.PhoneHomeRunnerRetirementIdentityTests	Same_store_reconnect_consumes_retirement_clear_authorization	Passed	723656c7-c516-6065-c252-2168c9a1cf51	-
20261003-191547-0744	CP-8	Antiphon.Tests.Application.PhoneHomeRunnerRetirementIdentityTests	Cleared_retirement_preserves_live_store_even_after_lease_expiry	Passed	1929c36d-ed0e-4964-4506-66ec026f3ff9	-
20261003-191547-0744	CP-8	Antiphon.Tests.Application.PhoneHomeRunnerRetirementIdentityTests	Ordinary_offline_slot_keeps_store_binding_even_after_drain_clear	Passed	cf0b4814-8adb-1f2a-aa08-babcee7d810d	-
20261003-191547-0744	CP-8	Antiphon.Tests.Application.PhoneHomeRunnerRetirementIdentityTests	Ordinary_offline_slot_keeps_store_binding_even_after_drain_clear	Passed	33769e29-5eb0-391e-3321-66c70059f820	-
20261003-191547-0744	CP-8	Antiphon.Tests.Application.PhoneHomeRunnerRetirementIdentityTests	Cleared_retirement_preserves_unexpired_registration_lease_then_allows_replacement	Passed	172d3e34-1b8e-c8f2-4275-3406019bc7de	-
20261003-191547-0744	CP-8	Antiphon.Tests.Application.PhoneHomeRunnerRetirementIdentityTests	Cleared_retirement_allows_one_new_store_after_disconnect_and_lease_expiry	Passed	14a9e1cc-4018-8ec0-dfac-95648d009919	-
20261003-191547-0744	CP-8	Antiphon.Tests.Application.PhoneHomeRunnerRetirementIdentityTests	Retirement_stamp_alone_refuses_same_and_foreign_stores	Passed	45d0b0a2-41e1-74c7-4a4a-73028daa98b1	-
20261003-191547-0744	CP-8	Antiphon.Tests.Application.PhoneHomeRunnerRetirementIdentityTests	Cleared_retirement_waits_a_full_lease_after_a_recent_heartbeat_and_disconnect	Passed	d7a6a492-f71b-7ff4-1c17-027e12ff8a22	-
20261003-191547-0744	CP-8	Antiphon.Tests.Application.PhoneHomeRunnerRetirementIdentityTests	Cleared_retirement_preserves_live_store_even_after_lease_expiry	Passed	1ce6fc34-e94c-2422-1f56-0888b4d6d08b	-
20261003-191547-0744	CP-8	Antiphon.Tests.Application.PhoneHomeRunnerSettingsValidatorTests	Standing_agent_optional_only_with_delegated_tasks	Passed	5aa5820d-b261-be93-cbb6-1440b6878575	-
20261003-191547-0744	CP-8	Antiphon.Tests.Application.PhoneHomeRunnerSettingsValidatorTests	Disabled_runner_validates_nothing	Passed	50dc1619-c4f2-5a09-9ea1-99e5a2adca6f	-
20261003-191547-0744	CP-8	Antiphon.Tests.Application.PhoneHomeRunnerSettingsValidatorTests	Defaults_are_the_documented_server2_shape	Passed	4cfa87a4-e0dc-1af6-c4e1-f6762ee8c541	-
20261003-191547-0744	CP-8	Antiphon.Tests.Application.PhoneHomeRunnerSettingsValidatorTests	Child_codex_home_must_be_a_persistent_posix_path	Passed	f12ab9bc-cc19-af7c-2598-e4b4b7657b77	-
20261003-191547-0744	CP-8	Antiphon.Tests.Application.PhoneHomeRunnerSettingsValidatorTests	Two_entries_with_the_same_secret_and_host_root_validate	Passed	96070083-187b-4e49-8f4f-3cf28077ee10	-
20261003-191547-0744	CP-8	Antiphon.Tests.Application.PhoneHomeRunnerSettingsValidatorTests	Child_claude_home_must_be_posix_absolute	Passed	2fd2b0d7-5aac-6ec1-bcd2-c979fa50a3fb	-
20261003-191547-0744	CP-8	Antiphon.Tests.Application.PhoneHomeRunnerSettingsValidatorTests	Runner_repository_and_capacity_bound_are_checked	Passed	6015549a-77fb-a52d-1b3c-6a5022fb92aa	-
20261003-191547-0744	CP-8	Antiphon.Tests.Application.PhoneHomeSpillTests	Remote_spill_travels_in_input_payload	Passed	63646943-1ec5-623e-667b-dcb5696681c7	-
20261003-191547-0744	CP-8	Antiphon.Tests.Application.PhoneHomeSpillTests	Sessions_do_not_share_a_staged_body	Passed	1eba8dd7-1d05-eb73-f843-a59dbd333db0	-
20261003-191547-0744	CP-8	Antiphon.Tests.Application.PhoneHomeSpillTests	Remote_spill_never_writes_desktop_file	Passed	e81570c7-5159-746f-70da-2f0f62fa91ab	-
20261003-191547-0744	CP-8	Antiphon.Tests.Application.PhoneHomeSpillTests	Different_pointers_keep_their_own_staged_bodies	Passed	644d2ae0-cde0-1977-ccd0-7a1d68eee09e	-
20261003-191547-0744	CP-8	Antiphon.Tests.Application.PhoneHomeTaskRoutingTests	Task_session_projects_into_the_mirror_not_the_workspace_root	Passed	8674d095-73c9-a319-54c2-5e070f730950	-
20261003-191547-0744	CP-8	Antiphon.Tests.Application.PhoneHomeTaskRoutingTests	Runner_bound_claude_launch_refuses_anthropic_credential_names	Passed	3db6d1d8-09a9-54bb-50f0-cc359b7495f2	-
20261003-191547-0744	CP-8	Antiphon.Tests.Application.PhoneHomeTaskRoutingTests	An_agent_on_another_runner_is_not_runner_bound	Passed	37738362-66f4-741b-5aa8-97b63646bae5	-
20261003-191547-0744	CP-8	Antiphon.Tests.Application.PhoneHomeTaskRoutingTests	Shared_workspace_is_refused	Passed	31683809-35e5-1dfd-1496-beb98c9a4967	-
20261003-191547-0744	CP-8	Antiphon.Tests.Application.PhoneHomeTaskRoutingTests	Delegated_tasks_are_refused_until_the_runner_is_a_pool	Passed	6617df1f-e5dd-192d-e06d-8065157485e2	-
20261003-191547-0744	CP-8	Antiphon.Tests.Application.PhoneHomeTaskRoutingTests	Only_grok_claude_and_codex_run_a_runner_bound_task	Passed	4e9890a7-768c-4310-77cd-19d8c9412be8	-
20261003-191547-0744	CP-8	Antiphon.Tests.Application.PhoneHomeTaskRoutingTests	Task_session_projects_claude_exe_and_config_dir	Passed	d0747a38-233f-d66a-870a-8a0f95bea1cc	-
20261003-191547-0744	CP-8	Antiphon.Tests.Application.PhoneHomeTaskRoutingTests	Source_landing_task_is_admitted_after_cut_b	Passed	91535ca6-fe64-c26f-c9f3-db4866a6975a	-
20261003-191547-0744	CP-8	Antiphon.Tests.Application.PipelineDefinitionDocumentationTests	Docs_name_the_routes_the_script_and_the_run_status_table	Passed	62c869f4-2e06-554a-42ea-f4c6c8b0b864	-
20261003-191547-0744	CP-8	Antiphon.Tests.Application.PipelineHandoffParseTests	C470_mutation_token_maps_to_mutation	Passed	53bb1801-64a5-d8c4-b1c7-e6a5a75613cf	-
20261003-191547-0744	CP-8	Antiphon.Tests.Application.PipelineHandoffParseTests	every_token_and_alias_normalises_to_the_canonical_kind	Passed	b7ed2db7-f6b1-cfdd-4424-1182896e4976	-
20261003-191547-0744	CP-8	Antiphon.Tests.Application.PipelineHandoffParseTests	every_token_and_alias_normalises_to_the_canonical_kind	Passed	2fceb8b3-38b2-cc19-6eab-3d0a5a2d43de	-
20261003-191547-0744	CP-8	Antiphon.Tests.Application.PipelineHandoffParseTests	every_token_and_alias_normalises_to_the_canonical_kind	Passed	9a985c95-41bb-4b95-cdde-ef059ab26ed7	-
20261003-191547-0744	CP-8	Antiphon.Tests.Application.PipelineHandoffParseTests	every_token_and_alias_normalises_to_the_canonical_kind	Passed	efa67ca3-50af-79df-9aa9-3f8999a717c4	-
20261003-191547-0744	CP-8	Antiphon.Tests.Application.PipelineHandoffParseTests	every_token_and_alias_normalises_to_the_canonical_kind	Passed	ca6e0682-f68d-095a-8ffc-66475a78587e	-
20261003-191547-0744	CP-8	Antiphon.Tests.Application.PipelineHandoffParseTests	every_token_and_alias_normalises_to_the_canonical_kind	Passed	f742d7bd-b966-144a-43ba-b1e88964be4b	-
20261003-191547-0744	CP-8	Antiphon.Tests.Application.PipelineHandoffParseTests	C470_mutation_destination_maps_to_role	Passed	c1b156ef-54dc-8698-f305-2da32ee8233c	-
20261003-191547-0744	CP-8	Antiphon.Tests.Application.PipelineHandoffParseTests	every_token_and_alias_normalises_to_the_canonical_kind	Passed	fe42648b-1f65-7977-ec33-2f9e7053d23d	-
20261003-191547-0744	CP-8	Antiphon.Tests.Application.PipelineHandoffParseTests	C470_verify_stays_review	Passed	6234308a-6980-6b20-a343-d22370c80192	-
20261003-191547-0744	CP-8	Antiphon.Tests.Application.PipelineHandoffParseTests	every_token_and_alias_normalises_to_the_canonical_kind	Passed	84bd9ead-5480-9166-399e-b153790c3837	-
20261003-191547-0744	CP-8	Antiphon.Tests.Application.PipelineHandoffParseTests	C470_verify_stays_review	Passed	030f2a75-9593-22b1-5437-3ec937127a05	-
20261003-191547-0744	CP-8	Antiphon.Tests.Application.PipelineHandoffParseTests	every_token_and_alias_normalises_to_the_canonical_kind	Passed	6db4fbae-2c62-ac50-2204-d41fb76f9996	-
20261003-191547-0744	CP-8	Antiphon.Tests.Application.PipelineHandoffParseTests	every_token_and_alias_normalises_to_the_canonical_kind	Passed	12a238d7-2bea-6463-ddb4-6cecc2f1c577	-
20261003-191547-0744	CP-8	Antiphon.Tests.Application.PipelineHandoffParseTests	C470_mutation_token_maps_to_mutation	Passed	4b6cc990-d078-2dc9-c209-ecf82fec2bbe	-
20261003-191547-0744	CP-8	Antiphon.Tests.Application.PipelineHandoffParseTests	C470_mutation_token_maps_to_mutation	Passed	9a477c7e-4c4b-5ba4-4217-9e5f7fd0ad72	-
20261003-191547-0744	CP-8	Antiphon.Tests.Application.PipelineHandoffParseTests	every_token_and_alias_normalises_to_the_canonical_kind	Passed	71b798e8-a6c5-c4d0-1b4e-90c6cb51a4a3	-
20261003-191547-0744	CP-8	Antiphon.Tests.Application.PipelineHandoffParseTests	every_token_and_alias_normalises_to_the_canonical_kind	Passed	f8f1de9f-ce00-a35f-9555-eae23842cd54	-
20261003-191547-0744	CP-8	Antiphon.Tests.Application.PipelineHandoffParseTests	every_token_and_alias_normalises_to_the_canonical_kind	Passed	b527c61a-388c-91fc-cbdb-fd7a0fc78d0b	-
20261003-191547-0744	CP-8	Antiphon.Tests.Application.PipelineHandoffParseTests	every_token_and_alias_normalises_to_the_canonical_kind	Passed	0d471505-875b-6526-3ca6-a15bbefc112c	-
20261003-191547-0744	CP-8	Antiphon.Tests.Application.PipelineHandoffParseTests	artifact_that_does_not_match_the_deliverable_pattern_is_dropped	Passed	b96af8ea-9231-684d-3135-c2c2a5861a84	-
20261003-191547-0744	CP-8	Antiphon.Tests.Application.PipelineHandoffParseTests	artifact_is_extracted_even_when_another_docs_path_appears_first	Passed	ea5110ab-5123-e053-9251-e3d4003737d8	-
20261003-191547-0744	CP-8	Antiphon.Tests.Application.PipelineHandoffParseTests	null_or_empty_report_is_not_found	Passed	c019c464-9120-d5e9-9cd1-a2467de15afe	-
20261003-191547-0744	CP-8	Antiphon.Tests.Application.PipelineHandoffParseTests	try_to_stage_role_maps_the_five_pipeline_stages	Passed	5241bc78-1d59-199a-dd5e-c5ad83b56193	-
20261003-191547-0744	CP-8	Antiphon.Tests.Application.PipelineHandoffParseTests	try_to_stage_role_maps_the_five_pipeline_stages	Passed	81ef1788-ac70-469c-eeb2-e6e05b02cca2	-
20261003-191547-0744	CP-8	Antiphon.Tests.Application.PipelineHandoffParseTests	try_to_stage_role_maps_the_five_pipeline_stages	Passed	a1b00807-bed5-5bed-a92d-efd7fa291c0e	-
20261003-191547-0744	CP-8	Antiphon.Tests.Application.PipelineHandoffParseTests	try_to_stage_role_maps_the_five_pipeline_stages	Passed	c82f29e3-46d4-7f4c-d864-763941c14404	-
20261003-191547-0744	CP-8	Antiphon.Tests.Application.PipelineHandoffParseTests	try_to_stage_role_maps_the_five_pipeline_stages	Passed	f5825579-7941-423e-c39d-4f020e1ce111	-
20261003-191547-0744	CP-8	Antiphon.Tests.Application.PipelineHandoffParseTests	try_to_stage_role_rejects_kinds_that_produce_no_ready_row	Passed	73382c47-622e-e94f-477c-901902df6223	-
20261003-191547-0744	CP-8	Antiphon.Tests.Application.PipelineHandoffParseTests	try_to_stage_role_rejects_kinds_that_produce_no_ready_row	Passed	9f9e5970-a0c6-9eb1-38a2-3e0f3c193ac3	-
20261003-191547-0744	CP-8	Antiphon.Tests.Application.PipelineHandoffParseTests	handoff_is_clipped_at_400_characters	Passed	bf9e5b34-7ae2-a1e4-05fd-797395719ac5	-
20261003-191547-0744	CP-8	Antiphon.Tests.Application.PipelineHandoffParseTests	a_block_after_the_report_token_is_ignored	Passed	835dc52c-b37c-b28e-4bce-a239c3088d4c	-
20261003-191547-0744	CP-8	Antiphon.Tests.Application.PipelineHandoffParseTests	two_blocks_picks_the_last_before_the_token	Passed	9a1900c4-865c-1415-53d7-eae8a4f52605	-
20261003-191547-0744	CP-8	Antiphon.Tests.Application.PipelineHandoffParseTests	a_missing_block_is_not_found	Passed	02a3af20-05a6-16d1-af01-722285a3c79f	-
20261003-191547-0744	CP-8	Antiphon.Tests.Application.PipelineHandoffParseTests	every_token_and_alias_normalises_to_the_canonical_kind	Passed	c710fae1-a4c5-00fb-72c2-6432c4581d39	-
20261003-191547-0744	CP-8	Antiphon.Tests.Application.PipelineHandoffParseTests	try_to_stage_role_rejects_kinds_that_produce_no_ready_row	Passed	eea1c67d-dd85-239b-bde8-69cc5d09cd9a	-
20261003-191547-0744	CP-8	Antiphon.Tests.Application.PipelineHandoffParseTests	backticked_artifact_strips_the_ticks	Passed	b1e9fbd9-e294-2d1a-b419-db52313286d9	-
20261003-191547-0744	CP-8	Antiphon.Tests.Application.PipelineHandoffParseTests	every_token_and_alias_normalises_to_the_canonical_kind	Passed	57e7d5fc-6e6c-c68c-c48c-4bf9022dd276	-
20261003-191547-0744	CP-8	Antiphon.Tests.Application.PipelineHandoffParseTests	an_unrecognised_token_keeps_the_raw_value_and_no_kind	Passed	c7e97002-b4dd-0c33-2cac-63fb7260f499	-
20261003-191547-0744	CP-8	Antiphon.Tests.Application.PipelineHandoffParseTests	unrecognised_token_is_clipped_to_24_characters_in_the_header_bit	Passed	b1ef9a66-2574-7cf1-f032-87b734adcfad	-
20261003-191547-0744	CP-8	Antiphon.Tests.Application.PipelineHandoffParseTests	every_token_and_alias_normalises_to_the_canonical_kind	Passed	b2b3f191-6f40-e838-0cba-3681efbeb48f	-
20261003-191547-0744	CP-8	Antiphon.Tests.Application.PipelineHandoffParseTests	every_token_and_alias_normalises_to_the_canonical_kind	Passed	bb18b725-94d8-06c4-f5db-65426e528ad0	-
20261003-191547-0744	CP-8	Antiphon.Tests.Application.PipelineStagesJsonTests	Parse_rejects_unknown_role_member_and_non_array	Passed	4317ad06-dde9-3088-03d7-0550532e3d2d	-
20261003-191547-0744	CP-8	Antiphon.Tests.Application.PipelineStagesJsonTests	Parse_rejects_unknown_role_member_and_non_array	Passed	4de41af4-8151-ef63-db9b-a643936c96da	-
20261003-191547-0744	CP-8	Antiphon.Tests.Application.PipelineStagesJsonTests	Parse_rejects_unknown_role_member_and_non_array	Passed	7b769673-3f11-d4bb-1e5e-4d2662876771	-
20261003-191547-0744	CP-8	Antiphon.Tests.Application.PipelineStagesJsonTests	Serialise_is_canonical_and_hash_is_eight_lowercase_hex	Passed	96a5a2cf-6dcf-e440-b4db-38384d487fe3	-
20261003-191547-0744	CP-8	Antiphon.Tests.Application.PlanCatalogServiceTests	Three_fields_on_one_bold_line_are_read_as_three_fields	Passed	f98267a7-c56b-2387-a438-13561032d33a	-
20261003-191547-0744	CP-8	Antiphon.Tests.Application.PlanCatalogServiceTests	Every_plan_already_written_in_this_repo_is_in_the_catalog	Passed	7327bf29-2b89-8161-3cad-28e4416d81d4	-
20261003-191547-0744	CP-8	Antiphon.Tests.Application.PlanCatalogServiceTests	The_catalog_is_cached_per_root_and_clear_reopens_it	Passed	9d35c761-3220-f035-11d3-420b271408e6	-
20261003-191547-0744	CP-8	Antiphon.Tests.Application.PlanCatalogServiceTests	A_subdirectory_resolves_to_the_checkout_that_holds_the_plans	Passed	5dfa3e8e-f2e6-a547-b997-5308b88a49b8	-
20261003-191547-0744	CP-8	Antiphon.Tests.Application.PlanCatalogServiceTests	A_root_that_holds_no_plans_is_reported_absent_rather_than_empty	Passed	9111d9d8-bcb1-f7c7-6719-c04d0dfe4bc8	-
20261003-191547-0744	CP-8	Antiphon.Tests.Application.PlanCatalogServiceTests	A_ref_does_not_widen_the_plan_path_refusal_boundary	Passed	414ced9a-6986-9fd3-4081-9c8715dd51af	-
20261003-191547-0744	CP-8	Antiphon.Tests.Application.PlanCatalogServiceTests	An_unknown_ref_is_not_found	Passed	95fa8a55-dd99-8c0d-0ee7-c1884b2f373e	-
20261003-191547-0744	CP-8	Antiphon.Tests.Application.PlanCatalogServiceTests	A_branch_only_plan_can_be_read_at_its_ref	Passed	c8da06f8-749d-4cdb-ef52-d2d2ded000f8	-
20261003-191547-0744	CP-8	Antiphon.Tests.Application.PlanCatalogServiceTests	A_well_formed_name_with_no_file_behind_it_is_a_not_found	Passed	0b2057ba-3993-1b87-41a6-095e9ae1e76f	-
20261003-191547-0744	CP-8	Antiphon.Tests.Application.PlanCatalogServiceTests	A_non_markdown_file_inside_the_roots_is_refused	Passed	20900b35-1d7e-7302-24c5-ecfaa93fad74	-
20261003-191547-0744	CP-8	Antiphon.Tests.Application.PlanCatalogServiceTests	The_bulleted_header_shape_yields_title_status_date_and_card	Passed	d626164b-1c6c-ed1f-2b13-903a060e98b6	-
20261003-191547-0744	CP-8	Antiphon.Tests.Application.PlanCatalogServiceTests	A_file_inside_the_repo_but_outside_the_plan_roots_is_refused	Passed	dd74210d-3699-d504-462c-3d5344d4b37e	-
20261003-191547-0744	CP-8	Antiphon.Tests.Application.PlanCatalogServiceTests	A_path_that_climbs_out_of_the_plan_roots_is_refused	Passed	c5c98684-fe85-abd4-a763-f7ba8c2ac4de	-
20261003-191547-0744	CP-8	Antiphon.Tests.Application.PlanCatalogServiceTests	A_plain_header_whose_value_is_bold_still_yields_the_status	Passed	5fb5d630-057d-6981-22a8-4785db852111	-
20261003-191547-0744	CP-8	Antiphon.Tests.Application.PlanCatalogServiceTests	A_file_with_no_header_block_at_all_is_still_listed	Passed	c82b2566-c6b8-ee1d-75f0-03b8a6f76669	-
20261003-191547-0744	CP-8	Antiphon.Tests.Application.PlanCatalogServiceTests	A_title_that_carries_the_identifier_is_enough_to_correlate	Passed	1a956808-56f8-6269-81ba-0c07ee274fe8	-
20261003-191547-0744	CP-8	Antiphon.Tests.Application.PlanCatalogServiceTests	A_multi_card_header_field_yields_every_identifier_it_names	Passed	3c5eeedb-28d0-8ab7-a489-5ff359ab9a0d	-
20261003-191547-0744	CP-8	Antiphon.Tests.Application.PlanCatalogServiceTests	A_path_that_climbs_out_of_the_plan_roots_is_refused	Passed	871838b0-1ba2-a677-584d-88fd6d3e218e	-
20261003-191547-0744	CP-8	Antiphon.Tests.Application.PlanCatalogServiceTests	A_neighbours_citation_is_mentioned_not_owned	Passed	c05dae03-0736-89a4-c2b9-fc8cd8279e34	-
20261003-191547-0744	CP-8	Antiphon.Tests.Application.PlanCatalogServiceTests	A_header_field_that_wraps_keeps_what_is_on_the_continuation_line	Passed	4b608b8e-b7ab-f563-1eb4-d2602ebec672	-
20261003-191547-0744	CP-8	Antiphon.Tests.Application.PlanCatalogServiceTests	A_feature_proposal_is_catalogued_alongside_the_specs	Passed	fd58cc7d-a8f6-2b38-814b-b12e6702f3cc	-
20261003-191547-0744	CP-8	Antiphon.Tests.Application.PlanCatalogServiceTests	A_delegated_plan_is_catalogued_with_the_plan_kind	Passed	04403cee-bc40-08fb-8b72-5d8a27cef551	-
20261003-191547-0744	CP-8	Antiphon.Tests.Application.PlanCatalogServiceTests	Plans_are_newest_first_with_the_undated_ones_last	Passed	03db6b60-8584-164b-0539-99941c203464	-
20261003-191547-0744	CP-8	Antiphon.Tests.Application.PlanCatalogServiceTests	Content_comes_back_verbatim_with_the_summary_that_was_parsed_from_it	Passed	c801009e-adb7-7080-1a0b-21aa3c6d3a14	-
20261003-191547-0744	CP-8	Antiphon.Tests.Application.PlanCatalogServiceTests	A_path_that_climbs_out_of_the_plan_roots_is_refused	Passed	718b10e3-9420-5228-13dd-09a448b3a505	-
20261003-191547-0744	CP-8	Antiphon.Tests.Application.PlanCatalogServiceTests	A_path_that_climbs_out_of_the_plan_roots_is_refused	Passed	4c3b04cf-253d-bac9-5fff-12bee9c24e5a	-
20261003-191547-0744	CP-8	Antiphon.Tests.Application.PlanCatalogServiceTests	An_identifier_is_never_read_out_of_a_longer_one	Passed	a6f4a3f9-33df-8209-13c3-79e862414b40	-
20261003-191547-0744	CP-8	Antiphon.Tests.Application.PlanCatalogServiceTests	An_absolute_path_is_refused_even_when_it_names_a_real_plan	Passed	485d5cd2-6cac-a451-cce8-e6d71c634998	-
20261003-191547-0744	CP-8	Antiphon.Tests.Application.PolicyRefreshDeltaTests	FormatNotify_adds_the_next_launch_and_re_read_parentheticals	Passed	314ca11b-d4e3-659a-c832-096a9d3d0da7	-
20261003-191547-0744	CP-8	Antiphon.Tests.Application.PolicyRefreshDeltaTests	Format_is_empty_when_stamps_match	Passed	cf47bc7d-677b-99c9-2bc9-772edf14143f	-
20261003-191547-0744	CP-8	Antiphon.Tests.Application.PolicyRefreshDeltaTests	Format_names_changed_added_and_removed_bundle_keys_and_changed_files	Passed	e7cc507f-dc8f-e780-f426-99d9fc322a19	-
20261003-191547-0744	CP-8	Antiphon.Tests.Application.PolicyRefreshDeltaTests	PolicyRefreshResumeBody_never_contains_bundle_text	Passed	5f08e8ab-6974-cae5-924f-45610db3a8ba	-
20261003-191547-0744	CP-8	Antiphon.Tests.Application.PolicyRefreshDeltaTests	PolicyDriftNotifyBody_never_contains_bundle_text	Passed	d0bdf951-6565-26f6-1556-1b30ed2f0f68	-
20261003-191547-0744	CP-8	Antiphon.Tests.Application.PostLandMutationContractTests	C478_G068_TrackedClean	Passed	23af549b-cc68-5f52-4de2-a824ff7a945d	-
20261003-191547-0744	CP-8	Antiphon.Tests.Application.PostLandMutationContractTests	C478_V11_ComposedContractsKeepOrdinaryReviewBeforePublication	Passed	68e2f631-547c-9ffb-3918-bb3d15560a51	-
20261003-191547-0744	CP-8	Antiphon.Tests.Application.PostLandMutationContractTests	C478_V11_ActiveRecipeHasDurableCompanionAndExplicitContinuation	Passed	ddfb3d5d-9fd3-60ec-76ac-7d14710db5f5	-
20261003-191547-0744	CP-8	Antiphon.Tests.Application.PostLandMutationContractTests	C478_V11_ActiveRecipeHasDurableCompanionAndExplicitContinuation	Passed	306cc948-2caf-69ac-6592-12de0c04e532	-
20261003-191547-0744	CP-8	Antiphon.Tests.Application.PostLandMutationContractTests	C478_V11_ActiveContractAndVocabulary	Passed	0c228a62-fd40-40a2-8817-a439e080a084	-
20261003-191547-0744	CP-8	Antiphon.Tests.Application.PostLandMutationContractTests	C478_G166_SnapshotCommitException	Passed	b6ef3a48-08b8-2059-1f44-58ea69bc9e76	-
20261003-191547-0744	CP-8	Antiphon.Tests.Application.PostLandMutationContractTests	C478_G167_CleanNoneFindingDecide	Passed	4e4095e4-699e-0642-3f8c-617661dda5d9	-
20261003-191547-0744	CP-8	Antiphon.Tests.Application.PostLandMutationContractTests	C478_G178_LegacyTokensRemain	Passed	b7b74c90-cec8-46da-5a49-b90fe645f5cb	-
20261003-191547-0744	CP-8	Antiphon.Tests.Application.PostLandMutationContractTests	C478_V12_CompiledSelectorAndBundleHashes	Passed	686158a3-75e9-1b99-60b4-73f31df7e7bc	-
20261003-191547-0744	CP-8	Antiphon.Tests.Application.PostLandMutationContractTests	C478_G182_CanceledDisposition	Passed	d50db512-f1cb-141c-c407-449246cb9564	-
20261003-191547-0744	CP-8	Antiphon.Tests.Application.PostLandMutationContractTests	C478_G181_MetadataPreserved	Passed	d0922872-4434-899e-7823-655f0baf5804	-
20261003-191547-0744	CP-8	Antiphon.Tests.Application.PostLandMutationContractTests	C478_G180_Size	Passed	3ff35d7b-b8f8-9a3f-d382-51c497de8fca	-
20261003-191547-0744	CP-8	Antiphon.Tests.Application.PostLandMutationContractTests	C478_G179_Ascii	Passed	319f1478-77a5-9eb3-43d2-84978c6da6ef	-
20261003-191547-0744	CP-8	Antiphon.Tests.Application.PostLandMutationContractTests	C478_G177_ActiveBattery	Passed	52ba2e6d-62a1-472f-2001-af6ddf7864be	-
20261003-191547-0744	CP-8	Antiphon.Tests.Application.PostLandMutationContractTests	C478_G176_Rollout	Passed	5c6a047b-c56b-147e-7897-fc186c36e713	-
20261003-191547-0744	CP-8	Antiphon.Tests.Application.PostLandMutationContractTests	C478_G175_CostInventory	Passed	7a0a40ed-04d8-cd8d-a09f-56aac919d3af	-
20261003-191547-0744	CP-8	Antiphon.Tests.Application.PostLandMutationContractTests	C478_G174_AllControls	Passed	171afc99-b528-1c39-458a-59702fe38cc5	-
20261003-191547-0744	CP-8	Antiphon.Tests.Application.PostLandMutationContractTests	C478_G173_WorkerOwnership	Passed	6cd31b14-06bf-2faa-fd62-b12b728bf9e9	-
20261003-191547-0744	CP-8	Antiphon.Tests.Application.PostLandMutationContractTests	C478_G172_NoAutoRevert	Passed	a37262e1-5b2b-7ff3-f1ed-416222b94368	-
20261003-191547-0744	CP-8	Antiphon.Tests.Application.PostLandMutationContractTests	C478_G171_Triage	Passed	2dc4b618-173b-e4a4-0ebd-b10361a24c7a	-
20261003-191547-0744	CP-8	Antiphon.Tests.Application.PostLandMutationContractTests	C478_G170_NoFalseClean	Passed	12bd242c-bc13-4f2f-ce96-c4e66ff703d1	-
20261003-191547-0744	CP-8	Antiphon.Tests.Application.PostLandMutationContractTests	C478_G169_ResumeDedup	Passed	29b810a4-98f8-583d-0b3c-c30fb24c4f7e	-
20261003-191547-0744	CP-8	Antiphon.Tests.Application.PostLandMutationContractTests	C478_G168_PendingDurable	Passed	7d78de21-766a-e840-836d-625763af99f3	-
20261003-191547-0744	CP-8	Antiphon.Tests.Application.PostLandMutationContractTests	C478_G165_SourceRecipe	Passed	1e8dcde8-18f7-e251-f073-abd765c81578	-
20261003-191547-0744	CP-8	Antiphon.Tests.Application.PostLandMutationContractTests	C478_G164_LandingOwner	Passed	249b3a45-ed86-66cc-0cc9-e80b3b189ff1	-
20261003-191547-0744	CP-8	Antiphon.Tests.Application.PostLandMutationContractTests	C478_G070_PreflightHead	Passed	ff2ac290-5994-7f52-280a-43dcfb785348	-
20261003-191547-0744	CP-8	Antiphon.Tests.Application.PostLandMutationContractTests	C478_G069_IndexClean	Passed	bc991334-9ea6-ec48-43a5-e6ad219141c2	-
20261003-191547-0744	CP-8	Antiphon.Tests.Application.PostLandMutationContractTests	C478_G230_ExternalExecutorContract	Passed	93f72d8a-f39a-fcee-d19d-256d0a9b6062	-
20261003-191547-0744	CP-8	Antiphon.Tests.Application.PostLandMutationContractTests	C478_G162_CodeHandsOffReview	Passed	d6b80acd-4482-fdc7-281a-64fe8da1fb18	-
20261003-191547-0744	CP-8	Antiphon.Tests.Application.PostLandMutationContractTests	C478_G163_ReviewHasNoExecutedPcPrerequisite	Passed	dc03c1ff-9a4b-7f2e-26c5-1ed681f99521	-
20261003-191547-0744	CP-8	Antiphon.Tests.Application.PostLandMutationPublicationTests	C478_G054_RequiredFilter	Passed	6c815f0a-8140-1bbe-af4e-0eb3168a7b03	-
20261003-191547-0744	CP-8	Antiphon.Tests.Application.PostLandMutationPublicationTests	C478_G030_OriginalOid	Passed	9a3d78de-968a-6d61-ff85-56dfd54543d9	-
20261003-191547-0744	CP-8	Antiphon.Tests.Application.PostLandMutationPublicationTests	C478_G031_TargetOid	Passed	c32f9786-8437-9925-1ab5-041d3e8f4917	-
20261003-191547-0744	CP-8	Antiphon.Tests.Application.PostLandMutationPublicationTests	C478_G032_SourceRef	Passed	0b830fcb-b42f-e2b4-9210-6129b3f18eb1	-
20261003-191547-0744	CP-8	Antiphon.Tests.Application.PostLandMutationPublicationTests	C478_G033_TargetRef	Passed	e34c0971-ffbd-013a-6e95-32e511cba086	-
20261003-191547-0744	CP-8	Antiphon.Tests.Application.PostLandMutationPublicationTests	C478_G034_DistinctRefs	Passed	f40cd29b-0735-86c0-5f6b-8d5c26c20e55	-
20261003-191547-0744	CP-8	Antiphon.Tests.Application.PostLandMutationPublicationTests	C478_G035_Destination	Passed	36bf6950-ac5b-1ce1-3ba4-872b20450429	-
20261003-191547-0744	CP-8	Antiphon.Tests.Application.PostLandMutationPublicationTests	C478_G036_RepositoryIdentity	Passed	db74a9d7-2505-e8c2-648d-e815a3be16b7	-
20261003-191547-0744	CP-8	Antiphon.Tests.Application.PostLandMutationPublicationTests	C478_G037_CommonIdentity	Passed	f7beb741-5492-4fa3-8293-1b7877e8f0d4	-
20261003-191547-0744	CP-8	Antiphon.Tests.Application.PostLandMutationPublicationTests	C478_G038_WorktreeIdentity	Passed	755bc991-fb69-47f0-c211-5b939075daa5	-
20261003-191547-0744	CP-8	Antiphon.Tests.Application.PostLandMutationPublicationTests	C478_G039_GitIdentity	Passed	63d5402e-e8a3-159d-60f2-c6f279da48c6	-
20261003-191547-0744	CP-8	Antiphon.Tests.Application.PostLandMutationPublicationTests	C478_G053_UnchangedBase	Passed	b5a551c4-1957-a253-80c5-5361bf1d44ff	-
20261003-191547-0744	CP-8	Antiphon.Tests.Application.PostLandMutationPublicationTests	C478_G052_VerificationVerdict	Passed	89bf2a2e-7766-2bc3-394f-ed1ec7a1b7ce	-
20261003-191547-0744	CP-8	Antiphon.Tests.Application.PostLandMutationPublicationTests	C478_G051_VerifiedIdentity	Passed	f858f60b-8c52-2589-fe03-23a5947e0c04	-
20261003-191547-0744	CP-8	Antiphon.Tests.Application.PostLandMutationPublicationTests	C478_G050_PreparedPin	Passed	2e2a7e13-b394-16ee-d5c0-33004c319c02	-
20261003-191547-0744	CP-8	Antiphon.Tests.Application.PostLandMutationPublicationTests	C478_G048_SourcePin	Passed	ee631d6a-446c-335a-2e85-26272dcefb28	-
20261003-191547-0744	CP-8	Antiphon.Tests.Application.PostLandMutationPublicationTests	C478_G049_TargetPin	Passed	5826cfde-a7f0-6216-88aa-0266283ab593	-
20261003-191547-0744	CP-8	Antiphon.Tests.Application.PostLandMutationPublicationTests	C478_V02_ConfirmedOutcomeMatrix	Passed	03cf3da6-41a6-7da6-5a2d-d2a5b756674f	-
20261003-191547-0744	CP-8	Antiphon.Tests.Application.PostLandMutationPublicationTests	C478_G055_ContainmentSkip	Passed	cfde65b6-cf43-41ec-bc31-3eb0a04f1204	-
20261003-191547-0744	CP-8	Antiphon.Tests.Application.PostLandMutationPublicationTests	C478_G043_PublicationKind	Passed	567b57d8-eec6-9302-92d0-b8dbaa841e9f	-
20261003-191547-0744	CP-8	Antiphon.Tests.Application.PostLandMutationPublicationTests	C478_G044_VerifiedOid	Passed	3823a1dc-8f04-8117-20b0-8fdef50c33d0	-
20261003-191547-0744	CP-8	Antiphon.Tests.Application.PostLandMutationPublicationTests	C478_G045_ObservedOid	Passed	91f11b09-df47-f252-4db3-15e2a058f264	-
20261003-191547-0744	CP-8	Antiphon.Tests.Application.PostLandMutationPublicationTests	C478_G046_Method	Passed	746c1171-7ef3-ac8a-23f0-c51d8514df00	-
20261003-191547-0744	CP-8	Antiphon.Tests.Application.PostLandMutationPublicationTests	C478_G047_VerifiedTime	Passed	ab4deafc-bb5d-47a8-5738-5fe467734657	-
20261003-191547-0744	CP-8	Antiphon.Tests.Application.PostLandMutationPublicationTests	C478_V02_ConfirmedOutcomeMatrix	Passed	5235503c-5cbe-7517-b796-53966e3af12f	-
20261003-191547-0744	CP-8	Antiphon.Tests.Application.PostLandMutationPublicationTests	C478_G042_ConfirmedTime	Passed	bd52f76d-e785-84d6-5ca8-020f1a20cc7f	-
20261003-191547-0744	CP-8	Antiphon.Tests.Application.PostLandMutationPublicationTests	C478_G027_Schema	Passed	65daeb39-b12b-ba05-21b4-fc88ead7161d	-
20261003-191547-0744	CP-8	Antiphon.Tests.Application.PostLandMutationPublicationTests	C478_G028_OperationId	Passed	65e5a0b1-ee17-0ce7-a735-be6ff44a48ba	-
20261003-191547-0744	CP-8	Antiphon.Tests.Application.PostLandMutationPublicationTests	C478_G029_TaskId	Passed	9c35e352-71ac-3dbb-80d5-aebadb784550	-
20261003-191547-0744	CP-8	Antiphon.Tests.Application.PostLandMutationPublicationTests	C478_G041_Namespace	Passed	b11ab86e-a9a1-04c1-bef6-0a794c2d1ae3	-
20261003-191547-0744	CP-8	Antiphon.Tests.Application.PostLandMutationPublicationTests	C478_G040_Fingerprint	Passed	c5825d32-71f5-1f66-0867-6fc52ca450c7	-
20261003-191547-0744	CP-8	Antiphon.Tests.Application.PostLandMutationPublicationTests	C478_V02_ConfirmedOutcomeMatrix	Passed	e7a63e52-9e72-be59-ab7d-3da154e74f32	-
20261003-191547-0744	CP-8	Antiphon.Tests.Application.PostLandMutationPublicationTests	C478_V02_ConfirmedOutcomeMatrix	Passed	d6c1e5bf-f5bf-ba40-ca97-0aa7a4cc5366	-
20261003-191547-0744	CP-8	Antiphon.Tests.Application.PostLandMutationReceiptPolicyTests	C478_ImportedReceiptRequiresEveryIndependentCoordinate	Passed	bacc1907-430b-5612-939b-17069a09795d	-
20261003-191547-0744	CP-8	Antiphon.Tests.Application.PostLandMutationReceiptPolicyTests	C478_ImportedReceiptRequiresEveryIndependentCoordinate	Passed	e533dbef-9664-ad7c-c1b9-679ee01127d2	-
20261003-191547-0744	CP-8	Antiphon.Tests.Application.PostLandMutationReceiptPolicyTests	C478_ImportedReceiptRequiresEveryIndependentCoordinate	Passed	e4547501-cf7a-e303-798f-5dafe946e7f6	-
20261003-191547-0744	CP-8	Antiphon.Tests.Application.PostLandMutationReceiptPolicyTests	C478_ImportedReceiptRequiresEveryIndependentCoordinate	Passed	38061c66-f35e-07b6-5c78-7e793f7ee0e1	-
20261003-191547-0744	CP-8	Antiphon.Tests.Application.PostLandMutationReceiptPolicyTests	C478_ImportedReceiptRequiresEveryIndependentCoordinate	Passed	715de357-8de4-48b4-8b6d-2790445b75e8	-
20261003-191547-0744	CP-8	Antiphon.Tests.Application.PostLandMutationReceiptPolicyTests	C478_ImportedReceiptRequiresEveryIndependentCoordinate	Passed	2d93a64c-fb39-cd14-217b-90b5d92c78be	-
20261003-191547-0744	CP-8	Antiphon.Tests.Application.PostLandMutationReceiptPolicyTests	C478_ImportedReceiptRequiresEveryIndependentCoordinate	Passed	7c0f190b-68b3-178e-577e-41b3a5d0e4eb	-
20261003-191547-0744	CP-8	Antiphon.Tests.Application.PostLandMutationReceiptPolicyTests	C478_ImportedReceiptRequiresEveryIndependentCoordinate	Passed	99a9da26-5698-f745-160f-48b76830d06f	-
20261003-191547-0744	CP-8	Antiphon.Tests.Application.PostLandMutationReceiptPolicyTests	C478_ImportedReceiptRequiresEveryIndependentCoordinate	Passed	3c8722d5-4a92-5197-a04c-2cbfd2aea59c	-
20261003-191547-0744	CP-8	Antiphon.Tests.Application.PostLandMutationReceiptPolicyTests	C478_ImportedReceiptRequiresEveryIndependentCoordinate	Passed	de6e5969-1485-4df0-487c-35b9c0e61e25	-
20261003-191547-0744	CP-8	Antiphon.Tests.Application.PostLandMutationReceiptPolicyTests	C478_ImportedReceiptRequiresEveryIndependentCoordinate	Passed	f0003346-eaba-84ac-0461-74e1f588fde0	-
20261003-191547-0744	CP-8	Antiphon.Tests.Application.PostLandMutationReceiptPolicyTests	C478_ImportedReceiptRequiresEveryIndependentCoordinate	Passed	b69b6984-a961-ad06-a091-690d96738d68	-
20261003-191547-0744	CP-8	Antiphon.Tests.Application.PostLandMutationReceiptPolicyTests	C478_ImportedReceiptRequiresEveryIndependentCoordinate	Passed	ea3a5a72-f5b7-ce69-12a6-648788be6615	-
20261003-191547-0744	CP-8	Antiphon.Tests.Application.PostLandMutationReceiptPolicyTests	C478_ImportedReceiptRequiresEveryIndependentCoordinate	Passed	05602b43-0a83-757b-5690-f8a0ffd77fa1	-
20261003-191547-0744	CP-8	Antiphon.Tests.Application.PostLandMutationReceiptPolicyTests	C478_ImportedReceiptRequiresEveryIndependentCoordinate	Passed	219f5564-6a92-c93d-a61e-3940e170bde5	-
20261003-191547-0744	CP-8	Antiphon.Tests.Application.PostLandMutationReceiptPolicyTests	C478_ImportedReceiptRequiresEveryIndependentCoordinate	Passed	b1ba396e-79bb-e019-1338-8ab91a8b3168	-
20261003-191547-0744	CP-8	Antiphon.Tests.Application.PostLandMutationReceiptPolicyTests	C478_ImportedReceiptRequiresEveryIndependentCoordinate	Passed	56494c18-2bdd-bb40-86c8-a4ac18f84b5e	-
20261003-191547-0744	CP-8	Antiphon.Tests.Application.PostLandMutationReceiptPolicyTests	C478_ImportedReceiptRequiresEveryIndependentCoordinate	Passed	aebfb3d4-c63d-7c06-4efb-1bd06854f58e	-
20261003-191547-0744	CP-8	Antiphon.Tests.Application.PostLandMutationReceiptPolicyTests	C478_ImportedReceiptRequiresEveryIndependentCoordinate	Passed	dea5add4-b630-568f-c146-7e6986c6294e	-
20261003-191547-0744	CP-8	Antiphon.Tests.Application.PostLandMutationReceiptPolicyTests	C478_ImportedReceiptRequiresEveryIndependentCoordinate	Passed	35edcc8c-cd69-706a-2666-954441fc231f	-
20261003-191547-0744	CP-8	Antiphon.Tests.Application.PostLandMutationReceiptPolicyTests	C478_ImportedReceiptRequiresEveryIndependentCoordinate	Passed	2296df8e-bf29-8278-f0a4-1d22ad260ef8	-
20261003-191547-0744	CP-8	Antiphon.Tests.Application.PostLandMutationReceiptPolicyTests	C478_ImportedReceiptRequiresEveryIndependentCoordinate	Passed	8fd8df4b-d225-fbce-226c-8f53bbfa4921	-
20261003-191547-0744	CP-8	Antiphon.Tests.Application.PostLandMutationReceiptPolicyTests	C478_ImportedReceiptRequiresEveryIndependentCoordinate	Passed	746079f7-ada1-98f9-69a5-1a92178757e9	-
20261003-191547-0744	CP-8	Antiphon.Tests.Application.PostLandMutationReceiptPolicyTests	C478_ImportedReceiptRequiresEveryIndependentCoordinate	Passed	ab95e394-cbdd-3c1c-aae9-e675a7b6bd28	-
20261003-191547-0744	CP-8	Antiphon.Tests.Application.PostLandMutationReceiptPolicyTests	C478_ImportedReceiptRequiresEveryIndependentCoordinate	Passed	e928c2de-c32c-d8c2-f208-dd8077b42f4e	-
20261003-191547-0744	CP-8	Antiphon.Tests.Application.PostLandRetrospectiveContractTests	C811_V3_OrchestratorBundleCarriesTheSibling	Passed	04e9554b-4b96-e83c-8b3c-86bc2203014e	-
20261003-191547-0744	CP-8	Antiphon.Tests.Application.PostLandRetrospectiveContractTests	C811_V2_LoopStatesRolesClassificationAndDisposition	Passed	4d3be44e-8642-3450-2ffb-de98f721d897	-
20261003-191547-0744	CP-8	Antiphon.Tests.Application.PostLandRetrospectiveContractTests	C811_V4_SkillPointsAtTheOwner	Passed	e2811b1d-6b07-0efc-ec38-6fca48328c06	-
20261003-191547-0744	CP-8	Antiphon.Tests.Application.PostLandRetrospectiveContractTests	C811_V1_LoopStatesTriggerGateAndDurableRecord	Passed	831d9921-7c6b-c6be-9f57-dd9b6801c390	-
20261003-191547-0744	CP-8	Antiphon.Tests.Application.ProviderCapacityNoticeTests	Format_names_kind_status_and_asks_a_human_when_no_fallback	Passed	1ba8cbaf-b8b4-f061-04a6-30d7f570dd7e	-
20261003-191547-0744	CP-8	Antiphon.Tests.Application.ProviderCapacityNoticeTests	Scrub_drops_bearer_tokens_keys_and_urls	Passed	2628ce56-1f66-ed4c-feff-12ad5d1a5e48	-
20261003-191547-0744	CP-8	Antiphon.Tests.Application.ProviderCapacityNoticeTests	FormatTransport_names_the_endpoint_and_consumes_the_retry_suffix	Passed	ee6e4112-3ff5-298b-2f10-7d3017d98986	-
20261003-191547-0744	CP-8	Antiphon.Tests.Application.ProviderCapacityNoticeTests	FormatProviderError_names_status_and_says_retries_are_parked	Passed	7f815f40-92f5-5e8e-a60b-7c6d083a3d6a	-
20261003-191547-0744	CP-8	Antiphon.Tests.Application.ProviderContractCatalogTests	Claude_refocus_compact_is_Supported_with_slash_compact	Passed	ca43e659-93e8-b67e-ecb5-19364326bb7d	-
20261003-191547-0744	CP-8	Antiphon.Tests.Application.ProviderContractCatalogTests	Grok_refocus_compact_is_Unknown	Passed	d1d60435-3a6e-ea87-5318-a7ce16f318c6	-
20261003-191547-0744	CP-8	Antiphon.Tests.Application.ProviderContractCatalogTests	a_non_Supported_refocus_compact_has_a_null_Command	Passed	b61b0fc0-9cef-1c7a-a09d-cffbf9824d25	-
20261003-191547-0744	CP-8	Antiphon.Tests.Application.ProviderContractCatalogTests	Grok_usage_is_declared_overlay_opening_and_not_forbidden	Passed	b8f4f5c2-9e42-e14c-e368-7c7cffb66fee	-
20261003-191547-0744	CP-8	Antiphon.Tests.Application.ProviderContractCatalogTests	Claude_overlay_is_Supported_with_empty_DetectFragments	Passed	b5592895-fb13-beb9-f697-444973b1c77f	-
20261003-191547-0744	CP-8	Antiphon.Tests.Application.ProviderContractCatalogTests	Claude_compact_is_declared_WritesUserPrompt_true	Passed	a9f19173-2b48-5329-a795-97ebaa4710b3	-
20261003-191547-0744	CP-8	Antiphon.Tests.Application.ProviderContractCatalogTests	Codex_refocus_compact_is_Unsupported_with_the_measured_reason	Passed	93eae175-6d75-19e3-59c1-d43648be4e1c	-
20261003-191547-0744	CP-8	Antiphon.Tests.Application.ProviderContractCatalogTests	ContextWindowUsage_ceiling_sources	Passed	a9ca866e-decf-ed5c-31e4-3a70ead9bfab	-
20261003-191547-0744	CP-8	Antiphon.Tests.Application.ProviderContractCatalogTests	The_catalog_forbids_slash_usage_for_Codex_with_a_reason	Passed	51e2de61-2b59-0a67-1a5d-945fd6d07f02	-
20261003-191547-0744	CP-8	Antiphon.Tests.Application.ProviderContractCatalogTests	Codex_overlay_stays_Unknown_without_a_measured_dismiss	Passed	da548dab-090a-d9b5-b1a1-e2730f599252	-
20261003-191547-0744	CP-8	Antiphon.Tests.Application.ProviderContractCatalogTests	Codex_status_is_declared_and_does_not_write_a_UserPrompt	Passed	672ac28d-be2b-4be7-81d8-3f24a0eec7b5	-
20261003-191547-0744	CP-8	Antiphon.Tests.Application.ProviderContractCatalogTests	Degraded_reasons_name_the_weakness	Passed	f06175b3-6874-f4b0-d1c7-3dcc43873b9b	-
20261003-191547-0744	CP-8	Antiphon.Tests.Application.ProviderContractCatalogTests	Transcript_Supported_locksteps_TranscriptEnabledFor	Passed	1666728e-bc88-1c6a-3708-bde2902144b7	-
20261003-191547-0744	CP-8	Antiphon.Tests.Application.ProviderContractCatalogTests	Transcript_format_and_discovery_match_the_runner_mapping	Passed	eff505f1-c861-bad7-2ac6-7e7827fbfc7e	-
20261003-191547-0744	CP-8	Antiphon.Tests.Application.ProviderContractCatalogTests	A_Supported_TerminalOverlay_implies_a_non_null_DismissKey	Passed	1ae4dc9f-c89a-be58-4832-9c97640cbf58	-
20261003-191547-0744	CP-8	Antiphon.Tests.Application.ProviderContractCatalogTests	DeliveryVerification_Supported_locksteps_the_queue_kind_list	Passed	2405cfe0-3495-da9b-6364-6ea7952b0431	-
20261003-191547-0744	CP-8	Antiphon.Tests.Application.ProviderContractCatalogTests	SessionResume_Supported_locksteps_the_resume_and_identity_arg_gates	Passed	1d6f4f78-0de9-2e54-9176-76bbf3f8ce14	-
20261003-191547-0744	CP-8	Antiphon.Tests.Application.ProviderContractCatalogTests	TurnCompletion_Claude_is_structured_matching_ActivityModeFor_Structured	Passed	646bce02-e17b-c147-64c8-a0cec11d5581	-
20261003-191547-0744	CP-8	Antiphon.Tests.Application.ProviderContractCatalogTests	TurnCompletion_Grok_is_structured_with_screen_fallback	Passed	141c98f9-a311-6222-befc-8fad11b813bb	-
20261003-191547-0744	CP-8	Antiphon.Tests.Application.ProviderContractCatalogTests	ActivityModeFor_Grok_is_Structured_after_CARD_0080_S2	Passed	3c655845-525a-81a0-172d-8cd93b58c92e	-
20261003-191547-0744	CP-8	Antiphon.Tests.Application.ProviderContractCatalogTests	ActivityModeFor_Codex_is_Structured_after_CARD_0099_S1	Passed	2bcbf9b6-66e6-4953-eaf4-8e313c7cf3c2	-
20261003-191547-0744	CP-8	Antiphon.Tests.Application.ProviderContractCatalogTests	Grok_structuredActivity_TUI_row_is_Supported_after_CARD_0080_S2	Passed	ce26f14c-3b6a-96af-7185-a4322f7e8839	-
20261003-191547-0744	CP-8	Antiphon.Tests.Application.ProviderContractCatalogTests	Claude_remote_control_is_declared_WritesUserPrompt_false	Passed	7e008711-c392-1432-fb69-fb91308bd766	-
20261003-191547-0744	CP-8	Antiphon.Tests.Application.ProviderContractCatalogTests	TurnCompletion_without_a_transcript_is_quiet_time_Degraded	Passed	edb19956-871b-f306-1806-4c246f297a94	-
20261003-191547-0744	CP-8	Antiphon.Tests.Application.ProviderContractCatalogTests	Tui_structuredActivity_is_derived_from_TurnCompletion_for_every_kind	Passed	3f3b09c8-e988-8463-c1c5-ed0e49c5edea	-
20261003-191547-0744	CP-8	Antiphon.Tests.Application.ProviderContractCatalogTests	Tui_sessionResume_Supported_kinds_match_the_contract	Passed	75d3f8be-1579-74db-8760-07414c98f98a	-
20261003-191547-0744	CP-8	Antiphon.Tests.Application.ProviderContractCatalogTests	Every_AgentKind_has_a_catalog_entry	Passed	29e6d5a3-ff28-0cc1-aed4-400b520a57bb	-
20261003-191547-0744	CP-8	Antiphon.Tests.Application.ProviderContractCatalogTests	An_undefined_kind_throws_rather_than_defaulting	Passed	d0afc192-a5ed-ac1d-bd05-d334a650235a	-
20261003-191547-0744	CP-8	Antiphon.Tests.Application.ProviderContractCatalogTests	BlockingStartupModal_matches_the_adapter_handlers	Passed	2ddc2559-f20d-6a04-31b4-f984faa62100	-
20261003-191547-0744	CP-8	Antiphon.Tests.Application.ProviderContractCatalogTests	Nothing_defaults_to_Supported_via_an_empty_reason	Passed	c068d999-2925-caa7-8ebd-b37740216ae4	-
20261003-191547-0744	CP-8	Antiphon.Tests.Application.ProviderContractCatalogTests	Every_axis_is_declared_with_a_reason	Passed	a0769e77-0163-8703-3510-2d07675fcdc3	-
20261003-191547-0744	CP-8	Antiphon.Tests.Application.ProviderContractCatalogTests	Grok_compaction_is_marked_checkpoint_rows_not_session_recap	Passed	c6dbf3e8-989f-e432-3586-9e7c9bd41eb5	-
20261003-191547-0744	CP-8	Antiphon.Tests.Application.ProviderContractCatalogTests	Claude_usage_limit_is_structural_and_states_reset_time	Passed	48087e0b-141d-bef5-a7f6-06534762f877	-
20261003-191547-0744	CP-8	Antiphon.Tests.Application.ProviderContractCatalogTests	Grok_usage_limit_is_structural_on_agent_result_and_states_no_reset	Passed	a76eb7ba-be60-7916-464a-34848e1508ba	-
20261003-191547-0744	CP-8	Antiphon.Tests.Application.ProviderContractCatalogTests	UsageLimitSignal_unsurveyed_kinds_stay_Unknown_pending_S1	Passed	833920e8-a262-aa83-2617-ffdd9d0a3357	-
20261003-191547-0744	CP-8	Antiphon.Tests.Application.ProviderContractCatalogTests	Codex_transcript_turn_completion_and_delivery_verification_after_CARD_0099_S1	Passed	e846c116-e9a4-c84f-5589-399ee40b6060	-
20261003-191547-0744	CP-8	Antiphon.Tests.Application.ProviderContractCatalogTests	Claude_compaction_records_the_unmarked_auto_hazard	Passed	21563c16-9857-b241-b027-e145c41d8cb0	-
20261003-191547-0744	CP-8	Antiphon.Tests.Application.ProviderQuotaRefusalTests	Compact_wrapper_usage_diagnostic_is_wall	Passed	ed96dc89-135d-13cb-488f-d212407a7b41	-
20261003-191547-0744	CP-8	Antiphon.Tests.Application.ProviderQuotaRefusalTests	Structural_quota_without_text_is_wall	Passed	0d61b86f-e463-a055-0949-3b718f5a5e3f	-
20261003-191547-0744	CP-8	Antiphon.Tests.Application.ProviderQuotaRefusalTests	Straight_apostrophe_usage_diagnostic_is_wall	Passed	daa84034-51c0-961a-1330-eef6aac678f8	-
20261003-191547-0744	CP-8	Antiphon.Tests.Application.ProviderQuotaRefusalTests	Curly_apostrophe_usage_diagnostic_is_wall	Passed	04e4ea11-1d0e-2e5e-ee37-a0188e587a51	-
20261003-191547-0744	CP-8	Antiphon.Tests.Application.ProviderQuotaRefusalTests	Claude_session_limit_diagnostic_is_wall	Passed	132efb07-112b-705b-174a-d0b97614450d	-
20261003-191547-0744	CP-8	Antiphon.Tests.Application.ProviderQuotaRefusalTests	Windows_dated_reset_uses_london_evidence_zone	Passed	a1d08848-94cd-8285-152c-b5e7b4cb30f6	-
20261003-191547-0744	CP-8	Antiphon.Tests.Application.ProviderQuotaRefusalTests	Grok_exhausted_credits_diagnostic_is_wall	Passed	97f0e192-b7ff-6374-8b99-a351ba75b95b	-
20261003-191547-0744	CP-8	Antiphon.Tests.Application.ProviderQuotaRefusalTests	Grok_spending_limit_diagnostic_is_wall	Passed	8f1f992c-2899-b7a5-abbe-f56bb14aa952	-
20261003-191547-0744	CP-8	Antiphon.Tests.Application.ProviderQuotaRefusalTests	Codex_dated_reset_uses_utc_evidence_zone	Passed	81565230-ab8c-6b13-32c8-35f8f5b04719	-
20261003-191547-0744	CP-8	Antiphon.Tests.Application.ProviderQuotaRefusalTests	Dated_reset_accepts_ordinal_variants	Passed	e924c55c-7916-6b19-7a09-c5e65ff46eae	-
20261003-191547-0744	CP-8	Antiphon.Tests.Application.ProviderQuotaRefusalTests	Dated_reset_noon_is_twelve	Passed	14b2b8d9-02bc-b08a-56c4-f9ad0da78ddb	-
20261003-191547-0744	CP-8	Antiphon.Tests.Application.ProviderQuotaRefusalTests	Dated_reset_midnight_is_zero	Passed	53ae258b-9219-b8fb-c814-e7c3fea146b4	-
20261003-191547-0744	CP-8	Antiphon.Tests.Application.ProviderQuotaRefusalTests	Explicit_date_is_not_rolled_across_year_end	Passed	65873d1d-e945-3a1c-7ff0-70f5fca124ca	-
20261003-191547-0744	CP-8	Antiphon.Tests.Application.ProviderQuotaRefusalTests	Invalid_calendar_and_clock_are_unparsed	Passed	9421da7c-b662-b061-ab38-da844464bfc9	-
20261003-191547-0744	CP-8	Antiphon.Tests.Application.ProviderQuotaRefusalTests	Dated_reset_without_timezone_is_honest_fallback	Passed	b5c883cf-0835-94d7-8f4f-0f7bbeb1a1a1	-
20261003-191547-0744	CP-8	Antiphon.Tests.Application.ProviderQuotaRefusalTests	Delayed_replay_preserves_original_dated_reset	Passed	6d3903b9-4398-6479-7c1b-5d7fd5c1dcef	-
20261003-191547-0744	CP-8	Antiphon.Tests.Application.ProviderQuotaRefusalTests	Claude_named_model_limit_diagnostic_is_wall	Passed	5483a309-5d11-45f0-c7d2-e4c6087a9794	-
20261003-191547-0744	CP-8	Antiphon.Tests.Application.ProviderQuotaRefusalTests	Dated_reset_dst_gap_and_fold_follow_zone_rules	Passed	086e31b3-4d62-950c-e1f0-576871c53ba2	-
20261003-191547-0744	CP-8	Antiphon.Tests.Application.PtyDeliveryCeilingsTests	The_brief_quotes_the_report_ceiling_that_is_actually_in_force	Passed	698aed71-931d-638c-ec4a-08d30f6ab485	-
20261003-191547-0744	CP-8	Antiphon.Tests.Application.PtyDeliveryCeilingsTests	A_runner_brief_pointer_fits_one_write_even_with_a_long_title_and_cwd	Passed	374bd5b7-df48-fda6-86fe-9b0bd0fb8014	-
20261003-191547-0744	CP-8	Antiphon.Tests.Application.PtyDeliveryCeilingsTests	The_same_brief_spills_on_the_inbox_backend_and_is_typed_inline_on_the_modern_one	Passed	56d1c485-75ca-3ee9-068e-b9667d451e4c	-
20261003-191547-0744	CP-8	Antiphon.Tests.Application.PtyDeliveryCeilingsTests	A_runner_bound_brief_is_fitted_to_the_inbox_ceiling_not_the_desktop_pty	Passed	87b3eb27-d1e8-6b12-cd63-f7a66cb5767d	-
20261003-191547-0744	CP-8	Antiphon.Tests.Application.PtyDeliveryCeilingsTests	A_runner_pointer_is_measured_after_the_queue_expands_its_spill_path	Passed	db0d7a6a-1f7a-65ce-3952-4b00b1c3367f	-
20261003-191547-0744	CP-8	Antiphon.Tests.Application.PtyDeliveryCeilingsTests	A_caller_with_no_profile_gets_the_conservative_ceilings	Passed	e7b9061b-aef6-527f-f0b5-c6e9c00c3f1c	-
20261003-191547-0744	CP-8	Antiphon.Tests.Application.PtyDeliveryCeilingsTests	No_modern_ceiling_exceeds_the_measured_envelope	Passed	a07c3819-c260-5587-7e3d-7118708087b1	-
20261003-191547-0744	CP-8	Antiphon.Tests.Application.PtyDeliveryCeilingsTests	A_runner_on_the_modern_backend_confirms_the_raised_ceilings	NotExecuted	caa9ba4e-b67d-7ce4-b86a-bfe69283034b	Skipped: no shipped conpty.dll: not Windows — there is no pseudoconsole to redirect
20261003-191547-0744	CP-8	Antiphon.Tests.Application.PtyDeliveryCeilingsTests	A_runner_on_the_inbox_conhost_downgrades_a_modern_server	NotExecuted	15ca2912-7259-328c-068b-7c6841db9de1	Skipped: no shipped conpty.dll: not Windows — there is no pseudoconsole to redirect
20261003-191547-0744	CP-8	Antiphon.Tests.Application.PtyDeliveryCeilingsTests	An_inbox_server_is_not_raised_by_a_modern_runner	Passed	7b74d001-f729-cda3-d05b-ddd76cd8ff96	-
20261003-191547-0744	CP-8	Antiphon.Tests.Application.PtyDeliveryCeilingsTests	A_silent_runner_leaves_this_processes_own_decision_standing	NotExecuted	414a4ab8-5504-17b4-73cc-0a684b7f3f6f	Skipped: no shipped conpty.dll: not Windows — there is no pseudoconsole to redirect
20261003-191547-0744	CP-8	Antiphon.Tests.Application.PtyDeliveryCeilingsTests	The_inbox_backend_keeps_exactly_the_ceilings_that_shipped	Passed	32af0abd-004d-ab8c-b6f3-5d4a48242afe	-
20261003-191547-0744	CP-8	Antiphon.Tests.Application.PtyInlineCeilingTests	the_brief_ceiling_is_counted_in_utf8_bytes_not_characters	Passed	05d77ab1-e552-5fcf-4cf4-9c56553a8c50	-
20261003-191547-0744	CP-8	Antiphon.Tests.Application.PtyInlineCeilingTests	the_brief_ceiling_stays_within_one_read_chunk	Passed	67a13711-2699-5f08-ca0f-c00016ddc99e	-
20261003-191547-0744	CP-8	Antiphon.Tests.Application.PtyInlineCeilingTests	a_multibyte_brief_over_the_byte_ceiling_is_not_typed_inline	Passed	f89b6e98-e09a-d4e3-c065-3f4c936c6f99	-
20261003-191547-0744	CP-8	Antiphon.Tests.Application.RemoteControlMenuScreenTests	Footer_without_disconnect_is_not_enough	Passed	d163ee47-8af8-59ad-e11f-87eb47fbdec8	-
20261003-191547-0744	CP-8	Antiphon.Tests.Application.RemoteControlMenuScreenTests	Null_or_empty_is_absent	Passed	2f9fd1b0-f1a7-5394-f6a5-a16fcb73033e	-
20261003-191547-0744	CP-8	Antiphon.Tests.Application.RemoteControlMenuScreenTests	C514_Reordered_help_and_prose_are_not_actionable	Passed	7c348c05-37b8-b66b-932d-06c17049d273	-
20261003-191547-0744	CP-8	Antiphon.Tests.Application.RemoteControlMenuScreenTests	Plain_composer_is_not_the_menu	Passed	dd70fb8f-eda5-0f60-e2a1-fb8fed171a68	-
20261003-191547-0744	CP-8	Antiphon.Tests.Application.RemoteControlMenuScreenTests	C514_Partial_menu_is_only_a_remnant	Passed	a194694c-c55b-23a9-ec10-1b4b5e64fe4e	-
20261003-191547-0744	CP-8	Antiphon.Tests.Application.RemoteControlMenuScreenTests	Fake_adapter_menu_fixture_matches	Passed	8e790c17-b0c1-ef3c-dc3b-de2c2af70ecc	-
20261003-191547-0744	CP-8	Antiphon.Tests.Application.RemoteControlMenuScreenTests	Disconnect_without_the_footer_is_not_enough	Passed	8b760095-a22d-2c6b-d69b-6f8466761a3f	-
20261003-191547-0744	CP-8	Antiphon.Tests.Application.RemoteControlMenuScreenTests	Heading_alone_is_too_generic	Passed	1f4d1595-256f-fff9-c113-fdb7765c746e	-
20261003-191547-0744	CP-8	Antiphon.Tests.Application.RemoteControlMenuScreenTests	Armed_marker_scrollback_is_not_the_menu	Passed	1dce17d4-33e4-4f00-c378-41f37066240d	-
20261003-191547-0744	CP-8	Antiphon.Tests.Application.RemoteControlMenuScreenTests	Trust_dialog_is_not_the_menu	Passed	acac3918-80b1-0487-a145-1b64961cd493	-
20261003-191547-0744	CP-8	Antiphon.Tests.Application.RemoteControlMenuScreenTests	C514_Sanitized_menu_shapes_replay_fragmented_and_clear	Passed	bac29bf3-19c5-ef2f-e90e-b85e2194b7de	-
20261003-191547-0744	CP-8	Antiphon.Tests.Application.RemoteControlMenuScreenTests	Incident_screen_is_the_management_menu	Passed	83d612e9-4292-ef02-df74-b15d1d66beb4	-
20261003-191547-0744	CP-8	Antiphon.Tests.Application.RemoteControlPolicyTests	Permits_is_true_only_for_kinds_whose_catalog_row_is_Supported	Passed	90dc77fc-b881-62af-18df-6cd399c04b5e	-
20261003-191547-0744	CP-8	Antiphon.Tests.Application.RemoteControlPolicyTests	Require_does_not_throw_when_not_wanted	Passed	fd205eb0-f0b1-836e-c007-bc5168f363c2	-
20261003-191547-0744	CP-8	Antiphon.Tests.Application.RemoteControlPolicyTests	Require_Grok_true_throws_remote_control_refused	Passed	b8e51958-28ed-8dfc-7c2f-1c9ad9ca5c81	-
20261003-191547-0744	CP-8	Antiphon.Tests.Application.RemoteControlPolicyTests	Require_Codex_true_throws_remote_control_refused	Passed	5e128e1a-c481-5281-2567-62d0c8b59a53	-
20261003-191547-0744	CP-8	Antiphon.Tests.Application.RemoteControlPolicyTests	Permits_unknown_kind_is_false_not_an_exception	Passed	7a8f657f-e363-25ad-592e-b599e8378ef3	-
20261003-191547-0744	CP-8	Antiphon.Tests.Application.RemoteVerificationWorkspaceTests	Removal_passes_the_exact_expected_output_list	Passed	505248b8-9582-a892-7a48-6f3f09651223	-
20261003-191547-0744	CP-8	Antiphon.Tests.Application.RemoteVerificationWorkspaceTests	Validate_compares_coordinates_ordinally	Passed	7d1b16ba-7c50-2f82-46a5-80946837aca1	-
20261003-191547-0744	CP-8	Antiphon.Tests.Application.RemoteVerificationWorkspaceTests	Restoration_read_never_touches_desktop_fs	Passed	1cbe10e2-408c-4623-448d-c66b5e278020	-
20261003-191547-0744	CP-8	Antiphon.Tests.Application.RemoteVerificationWorkspaceTests	Coordinates_outside_runner_repository_are_refused	Passed	a6467c3c-e1f4-7c04-1c38-cf52b00cf57e	-
20261003-191547-0744	CP-8	Antiphon.Tests.Application.RemoteWorktreeMirrorTests	Non_fast_forward_sync_is_refused	Passed	545da078-de48-84f1-2666-7ebad7f1ebcc	-
20261003-191547-0744	CP-8	Antiphon.Tests.Application.RemoteWorktreeMirrorTests	Dirty_desktop_tree_is_never_fast_forwarded_over	Passed	cbd7372f-b3a6-7969-81a8-112a65d11d5e	-
20261003-191547-0744	CP-8	Antiphon.Tests.Application.RemoteWorktreeMirrorTests	Push_failure_reports_and_does_not_invent_a_sha	Passed	6c04e321-abe7-a6ec-83ff-f6c540e75ba6	-
20261003-191547-0744	CP-8	Antiphon.Tests.Application.RemoteWorktreeMirrorTests	Push_reads_the_desktop_origin_and_the_mirror_request_carries_its_https_identity	Passed	7a7f0476-3e6f-567c-85a4-bae99b32e094	-
20261003-191547-0744	CP-8	Antiphon.Tests.Application.RemoteWorktreeMirrorTests	Push_reports_the_head_it_pushed	Passed	bbb9e977-e154-6158-cf7d-2c1933615a0e	-
20261003-191547-0744	CP-8	Antiphon.Tests.Application.RemoteWorktreeMirrorTests	Mirror_name_is_the_dispatchers_own_short_form	Passed	f4762e0d-d547-c87c-7933-a68bc702870f	-
20261003-191547-0744	CP-8	Antiphon.Tests.Application.RemoteWorktreeMirrorTests	Sync_fast_forwards_desktop_worktree	Passed	d9e609b7-1f1e-450b-3aa1-472893aaff48	-
20261003-191547-0744	CP-8	Antiphon.Tests.Application.RemoteWorktreeMirrorTests	Push_refuses_when_the_desktop_origin_cannot_be_read	Passed	23f645a4-cc0d-6053-51ee-60db1d5d7f46	-
20261003-191547-0744	CP-8	Antiphon.Tests.Application.RepairSourceDocumentationTests	C499_V31_DocsAndSkillNameTheRepairContract	Passed	f15caa28-6ede-5d9a-73e6-c55808e42970	-
20261003-191547-0744	CP-8	Antiphon.Tests.Application.RepairSourceDocumentationTests	C675_DocsNameTheStartRefRepairLandingRoute	Passed	25c87c3d-8541-a93f-c0fd-704ca3b185c0	-
20261003-191547-0744	CP-8	Antiphon.Tests.Application.RepairSourceDocumentationTests	C603_RepairSourceFailedOwnerRecipeNamesOwnerBoundReview	Passed	5546373f-a7b6-bb71-a3e7-03b6ef1d8640	-
20261003-191547-0744	CP-8	Antiphon.Tests.Application.RepositoryLeaseWaitersTests	KeyFor_trims_a_trailing_separator_and_folds_case_only_on_windows	Passed	20fc2541-d78e-9874-cae5-2628fdc19ce5	-
20261003-191547-0744	CP-8	Antiphon.Tests.Application.RepositoryLeaseWaitersTests	Register_snapshot_and_clear	Passed	6743f517-faac-8eda-fc99-24c411d766bf	-
20261003-191547-0744	CP-8	Antiphon.Tests.Application.RepositoryLeaseWaitersTests	A_task_waits_on_one_repository_at_a_time	Passed	62952222-557d-88ce-a05d-7915c43f33ca	-
20261003-191547-0744	CP-8	Antiphon.Tests.Application.RepositoryLeaseWaitersTests	ReconcileDispatch_drops_absent_dispatch_waiters_and_keeps_settlement_waiters	Passed	b2fb366c-e8fc-f230-29f9-8114aedf2c0e	-
20261003-191547-0744	CP-8	Antiphon.Tests.Application.RepositoryLeaseWaitersTests	FirstYield_is_stable_per_request_until_EndYield	Passed	6535e3d1-bb88-0e65-f984-167016dee7f4	-
20261003-191547-0744	CP-8	Antiphon.Tests.Application.RestartFailureClassificationTests	Infrastructure_wrappers_and_cancellation_are_classified_by_evidence	Passed	94c4fb36-2e67-861d-5bc6-3791c28c13b8	-
20261003-191547-0744	CP-8	Antiphon.Tests.Application.RestartFailureClassificationTests	Runner_confirmed_early_exit_is_a_launch_or_process_failure_that_charges_consecutive_failures	Passed	d491a1fb-8b60-8b16-50d4-a099d58d05c3	-
20261003-191547-0744	CP-8	Antiphon.Tests.Application.RestartFailureClassificationTests	Terminal_generation_is_charged_once_and_healthy_completion_defines_a_process_failure	Passed	1aae97b4-8791-6be9-eafc-284f66fb3b1b	-
20261003-191547-0744	CP-8	Antiphon.Tests.Application.RestartFailureClassificationTests	C561_only_non_infrastructure_outcomes_charge_the_resume_failure_counter	Passed	6c4e4d6d-d519-945b-0b77-0f5daadc2b89	-
20261003-191547-0744	CP-8	Antiphon.Tests.Application.ReviewEvidenceParserTests	C488_ReviewBlockGrammar_rejects_invalid_sha	Passed	db92674e-4e91-dd28-28a8-b77bdb9d20f1	-
20261003-191547-0744	CP-8	Antiphon.Tests.Application.ReviewEvidenceParserTests	C488_ReviewBlockGrammar_rejects_invalid_sha	Passed	127d9c8f-5d44-e9c3-eb7a-4100c9620e4f	-
20261003-191547-0744	CP-8	Antiphon.Tests.Application.ReviewEvidenceParserTests	C488_ReviewBlockGrammar	Passed	d43d8432-71b8-7d26-827e-684ae54ef5b4	-
20261003-191547-0744	CP-8	Antiphon.Tests.Application.ReviewEvidenceParserTests	C488_ReviewBlockGrammar	Passed	0fcf49ee-04a9-d8a4-ebb8-77d6b4c8871b	-
20261003-191547-0744	CP-8	Antiphon.Tests.Application.ReviewEvidenceParserTests	C835_SourceStateCannotBeInferred	Passed	6616b116-1450-af5e-9a47-10e92f9dc348	-
20261003-191547-0744	CP-8	Antiphon.Tests.Application.ReviewEvidenceParserTests	C835_SourceCleanGrammar	Passed	4cb191d4-4251-893e-0463-7205afb153cc	-
20261003-191547-0744	CP-8	Antiphon.Tests.Application.ReviewEvidenceParserTests	C544_DuplicateScope	Passed	b4eae7c3-9dcb-0c12-5d01-634dc75465fb	-
20261003-191547-0744	CP-8	Antiphon.Tests.Application.ReviewEvidenceParserTests	C544_ScopeGrammar	Passed	12a9b65b-1be4-8f5e-225f-33bd10290fc8	-
20261003-191547-0744	CP-8	Antiphon.Tests.Application.ReviewEvidenceParserTests	C807_StandaloneErrorPrecedence	Passed	a73ac933-65eb-7e5d-f2bb-eea3b0041fdc	-
20261003-191547-0744	CP-8	Antiphon.Tests.Application.ReviewEvidenceParserTests	C488_ReviewBlockGrammar	Passed	95d2b956-1712-ff3d-7fc4-469527de6a1e	-
20261003-191547-0744	CP-8	Antiphon.Tests.Application.ReviewEvidenceParserTests	C807_MixedExamplesPreserveStandalone	Passed	0329ce1b-84e8-bd5c-fafa-0b5ee6e9f164	-
20261003-191547-0744	CP-8	Antiphon.Tests.Application.ReviewEvidenceParserTests	C807_IgnoredHeadingMatrix	Passed	751368be-b1d7-b29e-24fb-b379c7df6fa9	-
20261003-191547-0744	CP-8	Antiphon.Tests.Application.ReviewEvidenceParserTests	C488_QuotedAndFencedBlocksAreNotEvidence	Passed	ba5e0a6e-62be-c72c-9cc7-e93739f2ffb0	-
20261003-191547-0744	CP-8	Antiphon.Tests.Application.ReviewEvidenceParserTests	C807_ReportTokenCutsOffEvidence	Passed	61d36a69-0219-e33f-7ac4-7d444cd0a193	-
20261003-191547-0744	CP-8	Antiphon.Tests.Application.ReviewEvidenceParserTests	C488_DuplicateBlocksRefuse	Passed	5883cc4a-e762-eb4e-fd17-cc821095111a	-
20261003-191547-0744	CP-8	Antiphon.Tests.Application.ReviewEvidenceParserTests	C488_MissingBlockIsNotFound	Passed	c89984de-2d23-eb25-b4c7-e165509f5276	-
20261003-191547-0744	CP-8	Antiphon.Tests.Application.ReviewEvidenceParserTests	C488_ReviewBlockGrammar_rejects_invalid_sha	Passed	da009cf5-3b9b-b451-973f-9adb795326b8	-
20261003-191547-0744	CP-8	Antiphon.Tests.Application.ReviewEvidenceParserTests	C488_ReviewBlockGrammar_rejects_invalid_sha	Passed	939c458b-f97b-5c6d-fcad-fda41b50d1d4	-
20261003-191547-0744	CP-8	Antiphon.Tests.Application.ReviewEvidenceParserTests	C807_HeadingPrecision	Passed	95c667ab-f75e-5b8e-45ae-662e85ded999	-
20261003-191547-0744	CP-8	Antiphon.Tests.Application.ReviewEvidenceParserTests	C488_ReviewBlockGrammar_rejects_invalid_sha	Passed	099b975e-54ea-b093-6821-dc9c4aa776fc	-
20261003-191547-0744	CP-8	Antiphon.Tests.Application.ReviewEvidenceParserTests	C488_ReviewBlockGrammar_rejects_invalid_sha	Passed	ccbd2446-da10-1da2-318d-4236b069b0d1	-
20261003-191547-0744	CP-8	Antiphon.Tests.Application.RoutingCandidateParseTests	Parse_round_trips_enum_member_names_and_null_level	Passed	49fc2db9-5d9f-7640-d38c-7a4d68c691ac	-
20261003-191547-0744	CP-8	Antiphon.Tests.Application.RunnerBranchContractDocumentationTests	Orchestration_rules_name_the_branch_guard_and_all_recoveries	Passed	610b36b4-c3b2-8f9f-4cb8-91b25aaf56e7	-
20261003-191547-0744	CP-8	Antiphon.Tests.Application.RunnerBranchContractDocumentationTests	Operations_document_the_new_wire_and_removal_guard	Passed	b0a77a15-f276-c0f6-6e93-41578544da13	-
20261003-191547-0744	CP-8	Antiphon.Tests.Application.RunnerBranchContractDocumentationTests	Runtime_owner_keeps_unpublished_runner_commits	Passed	40c9d404-3116-398c-f530-867221756871	-
20261003-191547-0744	CP-8	Antiphon.Tests.Application.RunnerDefaultGuidanceTests	Legacy_default_is_import_only_in_documented_configuration	Passed	8287077c-8376-d191-35ef-86365b80e779	-
20261003-191547-0744	CP-8	Antiphon.Tests.Application.RunnerDefaultGuidanceTests	Reroute_diagnostic_names_codex	Passed	fae81e97-63ff-0d14-9058-3b023da763ca	-
20261003-191547-0744	CP-8	Antiphon.Tests.Application.RunnerDefaultGuidanceTests	Platform_pins_are_explicit_and_bundles_defer_to_orchestrator_contract	Passed	ef0b27f4-1f30-fc65-4f56-8a1ee118cecb	-
20261003-191547-0744	CP-8	Antiphon.Tests.Application.RunnerDefaultGuidanceTests	Bundles_read_runtime_defaults_without_pinning_location	Passed	2c22c9c2-f315-99d6-f206-1d63ad98ade3	-
20261003-191547-0744	CP-8	Antiphon.Tests.Application.RunnerSlotRulesTests	Exited_records_do_not_occupy_and_a_warm_pool_is_not_an_orphan	Passed	22f48ca1-7513-040a-2afa-d5eb1cf4d57f	-
20261003-191547-0744	CP-8	Antiphon.Tests.Application.RunnerSlotRulesTests	Pending_release_reconcile_is_scheduled_and_triggered_at_startup	Passed	dbaeaf81-af4d-7079-8857-508ac2875495	-
20261003-191547-0744	CP-8	Antiphon.Tests.Application.ScheduleRecurrenceTests	daily_skips_days_not_in_the_mask_and_wraps_the_week	Passed	28d75dde-c140-4c66-d070-f2aa8b1e3bce	-
20261003-191547-0744	CP-8	Antiphon.Tests.Application.ScheduleRecurrenceTests	describe_names_weekdays_and_the_zone	Passed	3fb26a55-86ba-0143-3945-8f15edef5484	-
20261003-191547-0744	CP-8	Antiphon.Tests.Application.ScheduleRecurrenceTests	an_unknown_zone_is_refused_at_create	Passed	f36b0988-869b-2192-da8e-fcd43841b117	-
20261003-191547-0744	CP-8	Antiphon.Tests.Application.ScheduleRecurrenceTests	daily_in_the_fall_back_overlap_takes_the_first_occurrence	Passed	8d682480-ffd2-5ed8-b661-613a73b8bec3	-
20261003-191547-0744	CP-8	Antiphon.Tests.Application.ScheduleRecurrenceTests	interval_is_anchored_and_does_not_drift_after_a_slow_tick	Passed	6bbc41cd-2995-1566-36d7-23491e59e80f	-
20261003-191547-0744	CP-8	Antiphon.Tests.Application.ScheduleRecurrenceTests	once_in_the_past_is_due_now_and_never_again	Passed	5bdc63d0-081e-454c-34a1-d7adaec6320d	-
20261003-191547-0744	CP-8	Antiphon.Tests.Application.ScheduleRecurrenceTests	daily_in_the_spring_forward_gap_rolls_to_the_first_valid_minute	Passed	b4223664-454c-5d32-436c-74da180d3147	-
20261003-191547-0744	CP-8	Antiphon.Tests.Application.ScopeDriftTests	one_drift_line_per_area_however_many_files_it_holds	Passed	26900990-0f3d-4f6c-a44a-1169e276a2d2	-
20261003-191547-0744	CP-8	Antiphon.Tests.Application.ScopeDriftTests	a_declared_path_glob_covers_the_files_it_matches	Passed	dbf156ba-d41c-1bcd-f339-21b338709fcf	-
20261003-191547-0744	CP-8	Antiphon.Tests.Application.ScopeDriftTests	a_declared_single_file_does_not_cover_its_neighbours	Passed	0b80325e-7ee5-ec32-6b71-3806804c6966	-
20261003-191547-0744	CP-8	Antiphon.Tests.Application.ScopeDriftTests	a_task_with_no_declared_scope_records_what_it_touched_and_drifts_from_nothing	Passed	14af28ec-bfc1-4f08-f125-3ab7ddec0b9c	-
20261003-191547-0744	CP-8	Antiphon.Tests.Application.ScopeDriftTests	a_path_that_matches_no_area_is_named_verbatim	Passed	eb60f87e-312d-5436-fbc3-da01370077b9	-
20261003-191547-0744	CP-8	Antiphon.Tests.Application.ScopeDriftTests	paths_inside_the_declared_areas_record_the_area_and_no_drift	Passed	85c770cc-753c-91ef-cfe8-e592dc8ba6e4	-
20261003-191547-0744	CP-8	Antiphon.Tests.Application.ScopeDriftTests	a_migration_written_under_a_declared_delivery_scope_drifts_into_schema	Passed	607b250a-6685-5a7e-04c2-0a08d4dbc1b7	-
20261003-191547-0744	CP-8	Antiphon.Tests.Application.ScopeDriftTests	an_unknown_area_name_covers_nothing	Passed	d109c583-9b31-e350-8bfa-47f8c52646c2	-
20261003-191547-0744	CP-8	Antiphon.Tests.Application.ScopeDriftTests	the_completion_header_carries_the_drift	Passed	1f07b4c6-5f83-b25e-2354-11c57240d50e	-
20261003-191547-0744	CP-8	Antiphon.Tests.Application.ScopeDriftTests	nothing_touched_records_nothing	Passed	b564016e-fde1-92a6-e71c-7990be25ab54	-
20261003-191547-0744	CP-8	Antiphon.Tests.Application.ScopeDriftTests	windows_separators_and_leading_dot_slashes_are_normalised	Passed	62a56043-0ce1-ed1a-f7a0-83959693e43f	-
20261003-191547-0744	CP-8	Antiphon.Tests.Application.ScopeOverlapPolicyTests	read_only_on_either_side_allows	Passed	9dddf3b4-9b72-7af2-46d2-817ceb997dbf	-
20261003-191547-0744	CP-8	Antiphon.Tests.Application.ScopeOverlapPolicyTests	shared_against_shared_serialises	Passed	6f0220f8-06f3-8cf9-255d-5d46b790bc94	-
20261003-191547-0744	CP-8	Antiphon.Tests.Application.ScopeOverlapPolicyTests	a_worktree_on_either_side_only_warns	Passed	67b53472-083e-be98-bcc7-630c65e47ece	-
20261003-191547-0744	CP-8	Antiphon.Tests.Application.ScopeOverlapPolicyTests	a_pair_reads_as_a_sentence	Passed	a784fa68-b5c0-0e78-970e-50541b1736c3	-
20261003-191547-0744	CP-8	Antiphon.Tests.Application.ScopeOverlapPolicyTests	serialise_defaults_on	Passed	bd6babb3-00ee-be89-db00-9331f663c5f0	-
20261003-191547-0744	CP-8	Antiphon.Tests.Application.ScopeOverlapPolicyTests	the_weight_is_a_downgrade_and_never_an_upgrade	Passed	f1993c0a-9e26-3eb7-8f2b-4cbbce673ee3	-
20261003-191547-0744	CP-8	Antiphon.Tests.Application.ScopeOverlapPolicyTests	an_all_allow_intersection_allows_even_the_shared_pair	Passed	261d1cdb-a4fd-401e-e4ef-b306f1e9e080	-
20261003-191547-0744	CP-8	Antiphon.Tests.Application.ScopeResolverAreaTests	a_known_area_reports_no_unknown_names	Passed	2a2cba0d-46aa-c25d-94b6-61d36464bd5c	-
20261003-191547-0744	CP-8	Antiphon.Tests.Application.ScopeResolverAreaTests	a_glob_with_no_literal_prefix_claims_nothing_rather_than_everything	Passed	ef81a417-3387-f69d-5f75-cd2cbbd16ba7	-
20261003-191547-0744	CP-8	Antiphon.Tests.Application.ScopeResolverAreaTests	unknown_names_are_reported_for_the_create_time_warning	Passed	dcbbd164-860a-fc82-7931-80b362f5b0c9	-
20261003-191547-0744	CP-8	Antiphon.Tests.Application.ScopeResolverAreaTests	an_unknown_name_is_a_label_that_matches_only_itself	Passed	2929a23d-0e2b-cab5-c810-5b0c016c46f2	-
20261003-191547-0744	CP-8	Antiphon.Tests.Application.ScopeResolverAreaTests	an_intersection_that_also_touches_a_serialising_area_is_not_all_allow	Passed	43861d7e-54d7-6a62-edd8-3fc71ae4e66d	-
20261003-191547-0744	CP-8	Antiphon.Tests.Application.ScopeResolverAreaTests	an_area_intersects_itself_and_says_so_by_name	Passed	7aa4562a-fd95-fba0-f778-345ab78c54d8	-
20261003-191547-0744	CP-8	Antiphon.Tests.Application.ScopeResolverAreaTests	two_areas_that_share_a_path_intersect	Passed	c60efaeb-5d0c-bcb7-6753-3b8847ea5ecf	-
20261003-191547-0744	CP-8	Antiphon.Tests.Application.ScopeResolverAreaTests	two_areas_that_share_nothing_do_not_intersect	Passed	ba2d93a1-4982-3859-ef20-3482745599b2	-
20261003-191547-0744	CP-8	Antiphon.Tests.Application.ScopeResolverAreaTests	an_area_intersects_a_path_inside_it	Passed	8f26855e-7c90-ac91-abe6-70546ddcaaaa	-
20261003-191547-0744	CP-8	Antiphon.Tests.Application.ScopeResolverAreaTests	an_intersection_only_in_an_allow_area_is_marked_all_allow	Passed	a47f7d58-427b-5a6f-f969-dd01ba21637e	-
20261003-191547-0744	CP-8	Antiphon.Tests.Application.ScopedVerificationInstructionTests	C487_G129	Passed	bbf48148-2626-7455-8626-a6a45b6def26	-
20261003-191547-0744	CP-8	Antiphon.Tests.Application.ScopedVerificationInstructionTests	C487_G130	Passed	e4b83da2-7add-efe4-b885-f0fafccef60f	-
20261003-191547-0744	CP-8	Antiphon.Tests.Application.ScopedVerificationInstructionTests	C487_G131	Passed	a6623146-0730-fd9a-fe85-2cb28f6b1009	-
20261003-191547-0744	CP-8	Antiphon.Tests.Application.ScopedVerificationInstructionTests	C487_G143	Passed	601fee17-a3f8-3238-6deb-751b9e52eca0	-
20261003-191547-0744	CP-8	Antiphon.Tests.Application.ScopedVerificationInstructionTests	C487_G142	Passed	bfe7a134-b2a0-b3a7-1ee0-3c6340765912	-
20261003-191547-0744	CP-8	Antiphon.Tests.Application.ScopedVerificationInstructionTests	C487_G140	Passed	6e77e4d8-a340-092f-a002-dabb384cf58c	-
20261003-191547-0744	CP-8	Antiphon.Tests.Application.ScopedVerificationInstructionTests	C487_G138	Passed	ab070a9a-b57d-bc77-8480-c72e4ab54c4d	-
20261003-191547-0744	CP-8	Antiphon.Tests.Application.ScopedVerificationInstructionTests	C487_G128	Passed	ba3bd5d7-a52b-71f3-998b-17bda4c38e6e	-
20261003-191547-0744	CP-8	Antiphon.Tests.Application.ScopedVerificationInstructionTests	C487_G127	Passed	ce2a4350-a93f-9bb3-fcde-2368989d2439	-
20261003-191547-0744	CP-8	Antiphon.Tests.Application.ScopedVerificationInstructionTests	C487_G137	Passed	b08f4338-f7c2-6067-2f89-ae97912154b5	-
20261003-191547-0744	CP-8	Antiphon.Tests.Application.ScopedVerificationInstructionTests	C487_G136	Passed	e5abf6f2-09a6-ca01-3534-cbbb8f5d4317	-
20261003-191547-0744	CP-8	Antiphon.Tests.Application.ScopedVerificationInstructionTests	C487_G135	Passed	dcd91fb1-d186-e958-5a29-7e02417ea489	-
20261003-191547-0744	CP-8	Antiphon.Tests.Application.ScopedVerificationInstructionTests	C487_G134	Passed	f037a084-9b25-7537-5f9f-4fc1cf89b8f5	-
20261003-191547-0744	CP-8	Antiphon.Tests.Application.ScopedVerificationInstructionTests	C487_G133	Passed	b6965ce3-c1a9-232f-57bc-717986cf0785	-
20261003-191547-0744	CP-8	Antiphon.Tests.Application.ScopedVerificationInstructionTests	C487_G132	Passed	2b5156c8-5508-748b-6a52-a1770a84769a	-
20261003-191547-0744	CP-8	Antiphon.Tests.Application.ScopedVerificationInstructionTests	C487_G139	Passed	2e6def03-9b4f-8e39-5dee-7c179537e30e	-
20261003-191547-0744	CP-8	Antiphon.Tests.Application.ScopedVerificationInstructionTests	C487_G141	Passed	7fab4b1d-3808-9d31-3f82-5e37ab9d9542	-
20261003-191547-0744	CP-8	Antiphon.Tests.Application.SessionContextUsageTests	A_later_auto_compact_boundary_also_invalidates	Passed	e3c78223-9bff-85fb-ca9a-38e57e4c4029	-
20261003-191547-0744	CP-8	Antiphon.Tests.Application.SessionContextUsageTests	A_later_compact_boundary_invalidates_to_unknown	Passed	ad4b5187-9888-d6c6-558f-53b596675714	-
20261003-191547-0744	CP-8	Antiphon.Tests.Application.SessionContextUsageTests	Output_tokens_are_included	Passed	dfb3f451-a9a9-84f6-82f5-865e36d94fad	-
20261003-191547-0744	CP-8	Antiphon.Tests.Application.SessionContextUsageTests	A_later_clear_local_command_invalidates_to_unknown	Passed	2e1efe0d-d370-5b3d-6637-f07709e24792	-
20261003-191547-0744	CP-8	Antiphon.Tests.Application.SessionContextUsageTests	A_compact_or_clear_before_the_usage_row_does_not_invalidate	Passed	2b9278a0-7c98-6df5-584e-42881ffd9be6	-
20261003-191547-0744	CP-8	Antiphon.Tests.Application.SessionContextUsageTests	Empty_rows_are_unknown	Passed	6a2c4de1-effd-41d0-bf80-e370861f9410	-
20261003-191547-0744	CP-8	Antiphon.Tests.Application.SessionContextUsageTests	Ceiling_falls_back_to_the_session_effective_model_when_the_row_has_none	Passed	59858bfb-3f73-e009-eaf3-411d3dc6eeea	-
20261003-191547-0744	CP-8	Antiphon.Tests.Application.SessionContextUsageTests	A_manual_compact_at_under_80_percent_does_not_fire_the_auto_headroom_warning	Passed	edcc271f-a43f-191c-fddd-0bb98d367315	-
20261003-191547-0744	CP-8	Antiphon.Tests.Application.SessionContextUsageTests	Grok_ceiling_is_catalog_constant_unless_an_override_matches	Passed	f073ecda-d01b-be41-4cdc-cb77ad71511c	-
20261003-191547-0744	CP-8	Antiphon.Tests.Application.SessionContextUsageTests	Grok_tokens_less_boundary_newest_invalidates_to_unknown	Passed	496b7dac-fc61-5e3b-a6b0-d94322aa379f	-
20261003-191547-0744	CP-8	Antiphon.Tests.Application.SessionContextUsageTests	Grok_retail_older_boundary_with_higher_sequence_does_not_beat_a_newer_turn	Passed	b46ae636-71e4-afe8-0abe-c896366d4ffe	-
20261003-191547-0744	CP-8	Antiphon.Tests.Application.SessionContextUsageTests	Grok_single_call_after_boundary_refreshes_occupancy	Passed	bfd9852b-e1d0-f0c8-793d-33f50c173560	-
20261003-191547-0744	CP-8	Antiphon.Tests.Application.SessionContextUsageTests	Grok_usage_bearing_boundary_resets_occupancy_to_tokens_after	Passed	edf1a73d-d52c-b491-25e4-3ae1be93a74c	-
20261003-191547-0744	CP-8	Antiphon.Tests.Application.SessionContextUsageTests	Grok_multi_call_after_single_call_leaves_the_single_call_anchor	Passed	c65b0544-1134-2e12-af6e-fbd0fa732184	-
20261003-191547-0744	CP-8	Antiphon.Tests.Application.SessionContextUsageTests	Grok_single_call_turn_is_input_tokens_alone_against_500k	Passed	7a650a2e-372c-26fd-8237-c0068bbb5b70	-
20261003-191547-0744	CP-8	Antiphon.Tests.Application.SessionContextUsageTests	Grok_multi_call_turn_is_not_occupancy_and_does_not_report_3740_percent	Passed	18f18f6d-8068-9cf8-5a96-790613bafebc	-
20261003-191547-0744	CP-8	Antiphon.Tests.Application.SessionContextUsageTests	Every_kind_computes_or_abstains_per_its_contract	Passed	43e7593b-eeab-07f9-57b5-50691a4d02cc	-
20261003-191547-0744	CP-8	Antiphon.Tests.Application.SessionContextUsageTests	Ceiling_comes_from_the_usage_row_model_override	Passed	ab4a1acd-4291-093b-63b3-1e218dc10048	-
20261003-191547-0744	CP-8	Antiphon.Tests.Application.SessionContextUsageTests	Fullness_suppression_is_contract_keyed	Passed	23b08a4b-244b-5eb3-9704-339157dd9fe1	-
20261003-191547-0744	CP-8	Antiphon.Tests.Application.SessionContextUsageTests	Claude_contract_over_the_same_huge_rows_stays_unclamped	Passed	77a78649-1f30-4941-a72c-ee09c5396edd	-
20261003-191547-0744	CP-8	Antiphon.Tests.Application.SessionContextUsageTests	Formula_sums_input_cache_and_output_of_the_newest_usage_row	Passed	d935e38a-6793-592b-03d6-cd90b4644d0c	-
20261003-191547-0744	CP-8	Antiphon.Tests.Application.SessionContextUsageTests	An_auto_compact_at_or_above_80_percent_does_not_warn_about_headroom	Passed	1ae36423-1cbf-3f50-e5bb-3cd35dc2de1c	-
20261003-191547-0744	CP-8	Antiphon.Tests.Application.SessionContextUsageTests	Ceiling_falls_back_to_the_default_when_neither_row_nor_session_has_a_model	Passed	b5825a87-d58c-4cfc-cf91-d8aa02e48d37	-
20261003-191547-0744	CP-8	Antiphon.Tests.Application.SessionContextUsageTests	Override_match_is_case_insensitive	Passed	08d20390-2c07-b10a-54de-7c644d8e78fd	-
20261003-191547-0744	CP-8	Antiphon.Tests.Application.SessionContextUsageTests	No_usage_bearing_row_is_unknown	Passed	9376f79e-862c-80e0-d2eb-d530838fac0d	-
20261003-191547-0744	CP-8	Antiphon.Tests.Application.SessionContextUsageTests	Grok_catalog_computes_occupancy_from_a_single_call_row	Passed	72c848f8-133e-4720-4db2-b79b49bd74c3	-
20261003-191547-0744	CP-8	Antiphon.Tests.Application.SessionContextUsageTests	State_is_NoUsageYet_with_no_usage_rows	Passed	7ea3acaa-1eb5-1e66-080a-34bc31f324ba	-
20261003-191547-0744	CP-8	Antiphon.Tests.Application.SessionContextUsageTests	State_is_Compacted_after_a_boundary	Passed	41f070b9-f556-cae3-3c04-a6a7c8c8d49b	-
20261003-191547-0744	CP-8	Antiphon.Tests.Application.SessionContextUsageTests	An_api_error_stub_never_wins_even_when_it_carries_zeroed_usage	Passed	d68b05b7-99db-8b73-3d77-7edb038e80ae	-
20261003-191547-0744	CP-8	Antiphon.Tests.Application.SessionContextUsageTests	State_is_Suppressed_for_a_degraded_self_reported_contract	Passed	41278fd6-3f4c-e56b-689a-ea3bfe9d5db7	-
20261003-191547-0744	CP-8	Antiphon.Tests.Application.SessionContextUsageTests	State_is_Known_with_fullness	Passed	65adebf5-1642-4e08-1ad3-bc9848558bfd	-
20261003-191547-0744	CP-8	Antiphon.Tests.Application.SessionContextUsageTests	Fullness_over_100_percent_logs_a_warning_naming_model_and_ceiling	Passed	4c823014-4c5c-dd38-f4bc-ba0bd8642a07	-
20261003-191547-0744	CP-8	Antiphon.Tests.Application.SessionContextUsageTests	An_auto_compact_at_under_80_percent_logs_a_warning	Passed	367cdafe-4940-a9e9-7cf2-1fb55bd0bfdf	-
20261003-191547-0744	CP-8	Antiphon.Tests.Application.SessionContextUsageTests	State_is_Cleared_after_a_clear_command	Passed	8c0202ea-7521-6553-840d-7cb3775298a6	-
20261003-191547-0744	CP-8	Antiphon.Tests.Application.SessionDeliveryProfileTests	PtyHost_snapshot_delegates_to_process_wide_pty_profile	Passed	22e9aa0f-0825-52dc-19ea-f74cf3fb98c4	-
20261003-191547-0744	CP-8	Antiphon.Tests.Application.SessionDeliveryProfileTests	Unknown_session_id_returns_pty_profile_answer	Passed	98f96390-c14f-3c9a-94bf-bb5a1adcd5cd	-
20261003-191547-0744	CP-8	Antiphon.Tests.Application.SessionDeliveryProfileTests	Phone_home_Claude_keeps_the_inbox_ceiling_for_its_own_kind	NotExecuted	cea0db02-9f45-1757-2eb5-010068cbd0d2	Skipped: ConPTY only on Windows
20261003-191547-0744	CP-8	Antiphon.Tests.Application.SessionDeliveryProfileTests	Phone_home_Grok_never_uses_local_modern_evidence	NotExecuted	e23dc2bd-88cf-e931-a3b1-cc4f393566af	Skipped: ConPTY only on Windows
20261003-191547-0744	CP-8	Antiphon.Tests.Application.SessionDeliveryProfileTests	Herdr_snapshot_with_unreachable_runner_uses_conservative_inbox	Passed	57ba8add-c706-3a63-aa64-ab615b5ac88b	-
20261003-191547-0744	CP-8	Antiphon.Tests.Application.SessionDeliveryProfileTests	Herdr_snapshot_but_runner_without_herdr_downgrades_to_inbox	Passed	5b25a4e7-e5cd-5315-8eea-8236b17cee4a	-
20261003-191547-0744	CP-8	Antiphon.Tests.Application.SessionDeliveryProfileTests	Herdr_snapshot_plus_runner_advertising_herdr_returns_herdr_set	Passed	cda7f321-0f86-eec4-8d17-ed3c3c841615	-
20261003-191547-0744	CP-8	Antiphon.Tests.Application.SessionReAdoptionStateTests	Cap_zero_escalates_on_the_first_mismatch_and_negative_normalizes_to_zero	Passed	7972de05-5df7-99f3-f4f5-642fe090265e	-
20261003-191547-0744	CP-8	Antiphon.Tests.Application.SessionReAdoptionStateTests	Cap_zero_escalates_on_the_first_mismatch_and_negative_normalizes_to_zero	Passed	643e74e2-2696-e508-26ae-fc55ead15814	-
20261003-191547-0744	CP-8	Antiphon.Tests.Application.SessionReAdoptionStateTests	Escalation_is_eligible_only_after_all_slots_are_used_and_a_further_mismatch_arrives	Passed	d9f6e5f0-e208-0d6f-485d-4e342ccc6873	-
20261003-191547-0744	CP-8	Antiphon.Tests.Application.SessionReAdoptionStateTests	Commit_increments_once_and_only_while_the_lease_is_held	Passed	46490200-697c-83f7-e715-554312b08080	-
20261003-191547-0744	CP-8	Antiphon.Tests.Application.SessionReAdoptionStateTests	Two_concurrent_reservations_serialize_and_only_one_commits	Passed	610425f9-0d39-f8ce-4422-5a87fb0786d6	-
20261003-191547-0744	CP-8	Antiphon.Tests.Application.SessionReAdoptionStateTests	A_released_lease_without_commit_does_not_consume_a_slot	Passed	59263757-a6c3-d4a5-1e8e-eca3bd7d6332	-
20261003-191547-0744	CP-8	Antiphon.Tests.Application.SessionReAdoptionStateTests	A_refused_reservation_does_not_increment	Passed	36dca37d-849a-e772-8ed6-6a4e42fdb62f	-
20261003-191547-0744	CP-8	Antiphon.Tests.Application.SessionRunnerHttpClientHostStatsTests	Hung_runner_is_cancelled_at_the_request_timeout	Passed	551191ec-3ca0-842d-bc98-71d0ba428780	-
20261003-191547-0744	CP-8	Antiphon.Tests.Application.SessionRunnerHttpClientHostStatsTests	Not_found_maps_to_unsupported	Passed	5b825d70-29b6-6c0f-8447-3b2c7698e1a7	-
20261003-191547-0744	CP-8	Antiphon.Tests.Application.SessionRunnerHttpClientHostStatsTests	Host_stats_read_is_one_attempt	Passed	59658069-285c-b223-8b8c-361d566e2084	-
20261003-191547-0744	CP-8	Antiphon.Tests.Application.SessionRunnerSettingsTests	BaseUrl_defaults_to_canonical_17204	Passed	938664e2-e7cd-a649-4162-4464c7765008	-
20261003-191547-0744	CP-8	Antiphon.Tests.Application.SharedWriterLeaseProjectionTests	same_repository_subdirectory_compares_on_the_repo_key	Passed	23a0a935-0d74-61d5-d3a1-3a23d6bf51e3	-
20261003-191547-0744	CP-8	Antiphon.Tests.Application.SharedWriterLeaseProjectionTests	unscoped_shared_writers_in_one_checkout_serialise	Passed	6336fb60-4ae1-d52b-a570-bbcd57293f7e	-
20261003-191547-0744	CP-8	Antiphon.Tests.Application.SharedWriterLeaseProjectionTests	an_empty_holder_snapshot_is_not_a_live_hold	Passed	2234909d-849f-7f0a-edbe-45a2555bee1d	-
20261003-191547-0744	CP-8	Antiphon.Tests.Application.SharedWriterLeaseProjectionTests	unscoped_shared_writers_run_when_the_setting_is_off	Passed	77902fea-5ad5-0499-be6a-9557e57c73c4	-
20261003-191547-0744	CP-8	Antiphon.Tests.Application.SharedWriterLeaseProjectionTests	a_worktree_against_a_shared_holder_warns_rather_than_holds	Passed	a6f45f4c-192c-c3ac-3e37-6a7f57219187	-
20261003-191547-0744	CP-8	Antiphon.Tests.Application.SharedWriterLeaseProjectionTests	read_only_queued_work_does_not_participate	Passed	655a6917-7b8e-87c3-fd93-16b17367e7f0	-
20261003-191547-0744	CP-8	Antiphon.Tests.Application.SiblingWarningReducerTests	C540_RepresentativeOrderIsStable	Passed	5c15de34-c23f-93c0-6a36-4328a19e8c7f	-
20261003-191547-0744	CP-8	Antiphon.Tests.Application.SiblingWarningReducerTests	C540_IdenticalTipsCollapse	Passed	b3474f89-b143-4215-c49b-89e91ce0dad9	-
20261003-191547-0744	CP-8	Antiphon.Tests.Application.SiblingWarningReducerTests	C540_UnknownTipsRemainVisible	Passed	7ef2bd4f-271e-dcb4-cdfd-ea1f43d1a411	-
20261003-191547-0744	CP-8	Antiphon.Tests.Application.SiblingWarningReducerTests	C540_ForkKeepsBothTips	Passed	c2a28079-22f6-2590-7691-ac40b0740eae	-
20261003-191547-0744	CP-8	Antiphon.Tests.Application.SiblingWarningReducerTests	C540_DivergentTipsRemainVisible	Passed	7cc0a6ab-07cf-6e23-44f2-bec8a41a1f38	-
20261003-191547-0744	CP-8	Antiphon.Tests.Application.SiblingWarningReducerTests	C540_AncestorChainCollapses	Passed	5093a41b-b546-015f-a820-061af7bce581	-
20261003-191547-0744	CP-8	Antiphon.Tests.Application.SlashCommandCatalogServiceTests	Built_ins_are_always_present	Passed	f701ce74-7937-896d-f2c3-8043e97cf567	-
20261003-191547-0744	CP-8	Antiphon.Tests.Application.SlashCommandCatalogServiceTests	Missing_dirs_yield_only_builtins_without_throwing	Passed	52b6f277-d4d6-a2a8-b8c9-8ce6a4f9f84c	-
20261003-191547-0744	CP-8	Antiphon.Tests.Application.SlashCommandCatalogServiceTests	Enumerates_commands_with_subfolder_namespacing	Passed	0b62075b-0d88-78ba-1b44-e1fc2f31af91	-
20261003-191547-0744	CP-8	Antiphon.Tests.Application.SlashCommandCatalogServiceTests	Skill_name_comes_from_folder_with_and_without_frontmatter	Passed	6f054ee7-0f3b-29f9-029c-e3a55371edf2	-
20261003-191547-0744	CP-8	Antiphon.Tests.Application.SlashCommandCatalogServiceTests	Enumerates_installed_plugin_skills_and_commands	Passed	90239082-b5a0-7521-3df2-e764a0cdeb1c	-
20261003-191547-0744	CP-8	Antiphon.Tests.Application.SlashCommandCatalogServiceTests	Project_skill_overrides_builtin_of_same_name	Passed	3418f443-072f-dee4-83ae-2bfa7328265e	-
20261003-191547-0744	CP-8	Antiphon.Tests.Application.SlashCommandCatalogServiceTests	Builtin_beats_user_skill_of_same_name	Passed	a87d358b-ef57-1cad-d7c2-04868f77c125	-
20261003-191547-0744	CP-8	Antiphon.Tests.Application.SlashCommandCatalogServiceTests	Caches_within_ttl_and_refreshes_after	Passed	2ce5dae0-0f90-0a87-ff06-ebf88b7d76ab	-
20261003-191547-0744	CP-8	Antiphon.Tests.Application.SlashCommandCatalogServiceTests	Slugifies_skill_folder_names_with_spaces_and_caps	Passed	676c49bd-70f3-8be3-6911-d1bf32a8813e	-
20261003-191547-0744	CP-8	Antiphon.Tests.Application.SlashCommandCatalogServiceTests	Null_project_dir_skips_project_scope	Passed	98addf25-88aa-ceb5-ed16-ba7b68bcbe74	-
20261003-191547-0744	CP-8	Antiphon.Tests.Application.SlashCommandCatalogServiceTests	Project_command_overrides_user_command_of_same_name	Passed	dc0c79f9-3fb9-ed0f-4335-33a3129b6cb3	-
20261003-191547-0744	CP-8	Antiphon.Tests.Application.SlashCommandParserTests	Split_frontmatter_returns_null_when_absent	Passed	8782dc79-1979-42ff-db6f-44da7605eda1	-
20261003-191547-0744	CP-8	Antiphon.Tests.Application.SlashCommandParserTests	Uses_frontmatter_description_when_present	Passed	67e08fd7-3006-8b68-26dc-d8b4dda5cd8d	-
20261003-191547-0744	CP-8	Antiphon.Tests.Application.SlashCommandParserTests	Falls_back_to_first_body_line_when_no_frontmatter	Passed	e15773ce-3c53-39fd-5465-b75403999bf7	-
20261003-191547-0744	CP-8	Antiphon.Tests.Application.SlashCommandParserTests	Falls_back_to_supplied_name_when_empty	Passed	36eeb641-95b7-5011-1daf-93e73b26067c	-
20261003-191547-0744	CP-8	Antiphon.Tests.Application.SlashCommandParserTests	Malformed_yaml_degrades_to_body_line	Passed	8a3efbc1-2fc0-1909-20b8-c6c4907061c2	-
20261003-191547-0744	CP-8	Antiphon.Tests.Application.SlashCommandParserTests	Frontmatter_without_description_uses_body	Passed	dd808737-44f9-67b1-59e4-c545d7fcbf78	-
20261003-191547-0744	CP-8	Antiphon.Tests.Application.SlashCommandParserTests	Long_description_is_truncated	Passed	167e14e3-2bdb-702a-c794-a0e69022782f	-
20261003-191547-0744	CP-8	Antiphon.Tests.Application.SourceLandingAdmissionTests	Remote_task_checks_remote_runner_capabilities	Passed	1a53b069-e8c4-9241-f676-d13ec3ba613e	-
20261003-191547-0744	CP-8	Antiphon.Tests.Application.SourceLandingAdmissionTests	Foreign_backend_capability_is_refused	Passed	f86a22a2-1d71-8274-1a03-cdf8a488ea8b	-
20261003-191547-0744	CP-8	Antiphon.Tests.Application.SourceLandingAdmissionTests	Unavailable_remote_runner_is_503_not_local	Passed	380a2dd6-9ca8-abe8-2b4f-1605c5da5340	-
20261003-191547-0744	CP-8	Antiphon.Tests.Application.SpecialistAttemptEvidenceTests	Card0415_V07_native_turn_gates_precede_reading_presentation	Passed	d1d5c169-bacf-ea98-d494-912c286dd643	-
20261003-191547-0744	CP-8	Antiphon.Tests.Application.SpecialistAttemptEvidenceTests	Card0415_V07_native_turn_gates_precede_reading_presentation	Passed	8a265a9b-e9be-2d8e-fd97-3baf1c831d55	-
20261003-191547-0744	CP-8	Antiphon.Tests.Application.SpecialistAttemptEvidenceTests	Card0415_V07_native_turn_gates_precede_reading_presentation	Passed	4e0bf46c-7df4-88a3-6025-c2756b5e79d9	-
20261003-191547-0744	CP-8	Antiphon.Tests.Application.SpecialistAttemptEvidenceTests	Card0415_V07_native_turn_gates_precede_reading_presentation	Passed	f09c5c15-5028-24e8-c96a-1a6d35702c31	-
20261003-191547-0744	CP-8	Antiphon.Tests.Application.SpecialistAttemptEvidenceTests	Card0415_V07_native_turn_gates_precede_reading_presentation	Passed	67a24b84-d0ff-6b50-4760-02792d45a1c1	-
20261003-191547-0744	CP-8	Antiphon.Tests.Application.SpecialistAttemptEvidenceTests	Card0415_V07_native_turn_gates_precede_reading_presentation	Passed	04c211cd-5624-e093-45a5-02c0687b2563	-
20261003-191547-0744	CP-8	Antiphon.Tests.Application.SpecialistAttemptEvidenceTests	Card0415_V07_native_turn_gates_precede_reading_presentation	Passed	56564ac5-f2a3-0e1e-8f33-b8beb6d1de53	-
20261003-191547-0744	CP-8	Antiphon.Tests.Application.SpecialistAttemptEvidenceTests	Card0415_V07_native_turn_gates_precede_reading_presentation	Passed	db9c8618-591b-e345-b5cc-cb394a53100c	-
20261003-191547-0744	CP-8	Antiphon.Tests.Application.SpecialistAttemptEvidenceTests	Card0415_V07_native_turn_gates_precede_reading_presentation	Passed	92366ebf-7f36-9f09-6aa4-256219357c29	-
20261003-191547-0744	CP-8	Antiphon.Tests.Application.SpecialistAttemptEvidenceTests	Card0415_V07_native_turn_gates_precede_reading_presentation	Passed	69e08e43-3567-f322-87e1-b272b1e562f9	-
20261003-191547-0744	CP-8	Antiphon.Tests.Application.SpecialistAttemptEvidenceTests	Card0415_V07_running_task_cannot_win_from_planted_result_or_old_prompt	Passed	4c468456-d40d-0a3a-f836-9c12dca976bd	-
20261003-191547-0744	CP-8	Antiphon.Tests.Application.SpecialistAttemptEvidenceTests	Card0415_V07_native_turn_gates_precede_reading_presentation	Passed	1dc27e6e-48d5-678c-edc9-25b2c8f922e7	-
20261003-191547-0744	CP-8	Antiphon.Tests.Application.SpecialistAttemptEvidenceTests	Card0415_V07_native_turn_gates_precede_reading_presentation	Passed	6c2ad891-18b8-362c-fbf1-676c7a1a915d	-
20261003-191547-0744	CP-8	Antiphon.Tests.Application.SpecialistFailurePolicyTests	Card0415_V23_hard_contract_failure_quarantines_immediately	Passed	b161ecee-80a1-1b74-4000-47557dc23b0a	-
20261003-191547-0744	CP-8	Antiphon.Tests.Application.SpecialistFailurePolicyTests	Card0415_V12_settings_enforce_allocation_and_threshold_bounds	Passed	36bfea60-6ae7-d12f-2d4e-9fd843f18a29	-
20261003-191547-0744	CP-8	Antiphon.Tests.Application.SpecialistFailurePolicyTests	Card0415_V23_hard_contract_failure_quarantines_immediately	Passed	0c4ff4fc-d724-73c7-8fb9-989c3a26198a	-
20261003-191547-0744	CP-8	Antiphon.Tests.Application.SpecialistFailurePolicyTests	Card0415_V12_settings_enforce_allocation_and_threshold_bounds	Passed	907d20f4-5d6b-28bc-da46-4abf6a8d9f70	-
20261003-191547-0744	CP-8	Antiphon.Tests.Application.SpecialistFailurePolicyTests	Card0415_V12_settings_enforce_allocation_and_threshold_bounds	Passed	7bd0bd54-2fe3-a52e-7c2f-ad95ca7be432	-
20261003-191547-0744	CP-8	Antiphon.Tests.Application.SpecialistFailurePolicyTests	Card0415_V12_settings_enforce_allocation_and_threshold_bounds	Passed	e716a38d-0453-acc6-1429-16952b7db14d	-
20261003-191547-0744	CP-8	Antiphon.Tests.Application.SpecialistFailurePolicyTests	Card0415_V12_settings_enforce_allocation_and_threshold_bounds	Passed	deaeb051-dcba-98b4-6b5e-d17148a3cb6f	-
20261003-191547-0744	CP-8	Antiphon.Tests.Application.SpecialistFailurePolicyTests	Card0415_V12_settings_enforce_allocation_and_threshold_bounds	Passed	c9c96b58-c68a-2133-841c-c6b25ce1b251	-
20261003-191547-0744	CP-8	Antiphon.Tests.Application.SpecialistFailurePolicyTests	Card0415_V12_settings_enforce_allocation_and_threshold_bounds	Passed	30d1fefc-2181-09dc-7af3-33543b7354b5	-
20261003-191547-0744	CP-8	Antiphon.Tests.Application.SpecialistFailurePolicyTests	Card0415_V12_settings_enforce_allocation_and_threshold_bounds	Passed	eda5da81-b5c8-e9da-085a-14ee078d72ce	-
20261003-191547-0744	CP-8	Antiphon.Tests.Application.SpecialistFailurePolicyTests	Card0415_V23_hard_contract_failure_quarantines_immediately	Passed	8243b2c9-83f2-fba6-c6f8-79adb9c7a3f4	-
20261003-191547-0744	CP-8	Antiphon.Tests.Application.SpecialistFailurePolicyTests	Card0415_V23_hard_contract_failure_quarantines_immediately	Passed	e62d0847-93bc-2080-43b1-17095da32a77	-
20261003-191547-0744	CP-8	Antiphon.Tests.Application.SpecialistFailurePolicyTests	Card0415_V23_hard_contract_failure_quarantines_immediately	Passed	7ee05174-e322-b9eb-24e2-e09c6a271d5d	-
20261003-191547-0744	CP-8	Antiphon.Tests.Application.SpecialistFailurePolicyTests	Card0415_V23_mixed_transients_quarantine_only_at_the_configured_threshold	Passed	655e5be0-2453-beb5-9f6c-2ba5e157ceb6	-
20261003-191547-0744	CP-8	Antiphon.Tests.Application.SpecialistFailurePolicyTests	Card0415_V23_mixed_transients_quarantine_only_at_the_configured_threshold	Passed	d5d5682c-7b87-5ab4-9dff-4ab5fa4c8747	-
20261003-191547-0744	CP-8	Antiphon.Tests.Application.SpecialistFailurePolicyTests	Card0415_V23_mixed_transients_quarantine_only_at_the_configured_threshold	Passed	31e969d1-b4de-c871-6341-247349be62a8	-
20261003-191547-0744	CP-8	Antiphon.Tests.Application.SpecialistFailurePolicyTests	Card0415_V23_nonfailure_verdicts_preserve_candidate_streak	Passed	5f736037-6a24-35a7-fba7-b077649949b7	-
20261003-191547-0744	CP-8	Antiphon.Tests.Application.SpecialistFailurePolicyTests	Card0415_V23_nonfailure_verdicts_preserve_candidate_streak	Passed	4117c5af-bd1a-e43b-d355-f90131cf774a	-
20261003-191547-0744	CP-8	Antiphon.Tests.Application.SpecialistFailurePolicyTests	Card0415_V23_nonfailure_verdicts_preserve_candidate_streak	Passed	143ff90f-73ad-a3bf-40fa-81649d4ed631	-
20261003-191547-0744	CP-8	Antiphon.Tests.Application.SpecialistFailurePolicyTests	Card0415_V23_nonfailure_verdicts_preserve_candidate_streak	Passed	fffaa9e6-43c0-0d28-8311-1ad2cbc03382	-
20261003-191547-0744	CP-8	Antiphon.Tests.Application.SpecialistFailurePolicyTests	Card0415_V23_nonfailure_verdicts_preserve_candidate_streak	Passed	fbb96e53-30f8-ce64-1e06-3db197d807aa	-
20261003-191547-0744	CP-8	Antiphon.Tests.Application.SpecialistFailurePolicyTests	Card0415_V12_settings_enforce_allocation_and_threshold_bounds	Passed	f4567c29-0989-7414-4cda-26b11b9a5aa8	-
20261003-191547-0744	CP-8	Antiphon.Tests.Application.SpecialistFailurePolicyTests	Card0415_V23_nonfailure_verdicts_preserve_candidate_streak	Passed	659b5df4-1fd4-433b-e5a8-188625636a9e	-
20261003-191547-0744	CP-8	Antiphon.Tests.Application.SpecialistFailurePolicyTests	Card0415_V23_nonfailure_verdicts_preserve_candidate_streak	Passed	2849c67f-1d2b-6818-3531-dc8d511c4c90	-
20261003-191547-0744	CP-8	Antiphon.Tests.Application.SpecialistFailurePolicyTests	Card0415_V23_late_or_unclaimed_verdicts_neither_fail_nor_reset	Passed	c6cb8c3d-9475-81ec-ba33-dace01ac632e	-
20261003-191547-0744	CP-8	Antiphon.Tests.Application.SpecialistFailurePolicyTests	Card0415_V23_late_or_unclaimed_verdicts_neither_fail_nor_reset	Passed	9d2c3458-1383-00f8-bb90-9a606957b1d9	-
20261003-191547-0744	CP-8	Antiphon.Tests.Application.SpecialistFailurePolicyTests	Card0415_V23_current_valid_success_resets_only_the_candidate	Passed	54699d8a-63b2-3787-b76b-e06cc0df740a	-
20261003-191547-0744	CP-8	Antiphon.Tests.Application.SpecialistFailurePolicyTests	Card0415_V12_defaults_preserve_full_budget_and_three_transient_threshold	Passed	a62df73b-b6ce-a854-7b0d-b4d6201bc480	-
20261003-191547-0744	CP-8	Antiphon.Tests.Application.SpecialistFailurePolicyTests	Card0415_V23_current_valid_success_resets_only_the_candidate	Passed	a9f8e42c-c964-1ba4-d170-32050f9006c2	-
20261003-191547-0744	CP-8	Antiphon.Tests.Application.SpecialistFailurePolicyTests	Card0415_V23_nonfailure_verdicts_preserve_candidate_streak	Passed	9a01ff8e-9b3d-8cb3-9faa-456bd417f9eb	-
20261003-191547-0744	CP-8	Antiphon.Tests.Application.SpecialistRoleContractTests	no_Check_comparison_survives_outside_the_allowlist	Passed	99b1ba67-cc4d-a3b9-8403-0d3854746f6d	-
20261003-191547-0744	CP-8	Antiphon.Tests.Application.SpecialistRoleContractTests	IsSpecialist_covers_check_distill_and_diagnose_only	Passed	8aa6ac41-44b7-7731-f372-10b2f4e7e234	-
20261003-191547-0744	CP-8	Antiphon.Tests.Application.StandingPipelinePolicyDocumentationTests	the_doc_owns_the_section_and_the_old_wip_reading_is_gone	Passed	3b2f1856-746b-6266-9af7-ee39983f00fd	-
20261003-191547-0744	CP-8	Antiphon.Tests.Application.StandingPipelinePolicyDocumentationTests	the_agents_index_points_at_the_owner	Passed	e617ed59-a354-4062-c8b3-9677d8327169	-
20261003-191547-0744	CP-8	Antiphon.Tests.Application.StandingPipelinePolicyDocumentationTests	operational_autonomy_pointers_reach_the_owner	Passed	f40cac56-c9d3-0c20-4a0b-af7ca3204582	-
20261003-191547-0744	CP-8	Antiphon.Tests.Application.StandingPipelinePolicyDocumentationTests	operational_autonomy_owner_pins_authority_checks_and_human_only_steps	Passed	d369f243-2374-ac42-d3e7-c47bc214f075	-
20261003-191547-0744	CP-8	Antiphon.Tests.Application.StandingPipelinePolicyDocumentationTests	the_policy_phrases_are_pinned_in_every_copy	Passed	3b3e5e2c-97de-b228-8d5f-30ec554a45d3	-
20261003-191547-0744	CP-8	Antiphon.Tests.Application.StandingPipelinePolicyDocumentationTests	the_policy_phrases_are_pinned_in_every_copy	Passed	d72547c1-4e6a-f10d-93f5-c7aa8fecf389	-
20261003-191547-0744	CP-8	Antiphon.Tests.Application.StandingPipelinePolicyDocumentationTests	operational_autonomy_short_copies_pin_the_runner_restart_boundary	Passed	9cb5fc49-7303-7fc6-6ac3-63595d81c56a	-
20261003-191547-0744	CP-8	Antiphon.Tests.Application.StandingPipelinePolicyDocumentationTests	the_policy_phrases_are_pinned_in_every_copy	Passed	4a34f0cd-5b1a-cbaa-4bfc-30a4f68afb04	-
20261003-191547-0744	CP-8	Antiphon.Tests.Application.StandingPipelinePolicyDocumentationTests	the_bundle_no_longer_states_the_old_override_rule	Passed	c5911bae-e2f8-567c-c04d-ba30fd5532bd	-
20261003-191547-0744	CP-8	Antiphon.Tests.Application.StandingPipelinePolicyDocumentationTests	the_policy_phrases_are_pinned_in_every_copy	Passed	c974af7c-976d-fc6b-3d48-04e79e9aa455	-
20261003-191547-0744	CP-8	Antiphon.Tests.Application.StandingSpecialistHealthPolicyTests	Card0415_V16_busy_does_not_count_as_failed_interpretation	Passed	fe9fbbc6-6237-d13d-86ce-cfaac75ef872	-
20261003-191547-0744	CP-8	Antiphon.Tests.Application.StandingSpecialistHealthPolicyTests	Card0415_V17_only_once_per_real_winning_request_resets_service_failure	Passed	ae7e726f-147b-5e6c-f41f-5d2118a69d1f	-
20261003-191547-0744	CP-8	Antiphon.Tests.Application.StandingSpecialistHealthPolicyTests	Card0415_V16_failure_clock_and_precedence_are_fixed_and_qualification_cannot_clear_outage	Passed	bc7eaf79-9573-5aa1-26d4-0d0d7cb9ac47	-
20261003-191547-0744	CP-8	Antiphon.Tests.Application.StandingSpecialistHealthPolicyTests	Card0415_V17_older_completion_cannot_resolve_or_reopen_a_newer_episode	Passed	9630d659-a7a6-b9c9-56b7-2ef9c557bfe7	-
20261003-191547-0744	CP-8	Antiphon.Tests.Application.StandingSpecialistHealthPolicyTests	Card0415_V17_older_completion_cannot_resolve_or_reopen_a_newer_episode	Passed	fb69aa3c-dacf-70eb-8a7a-8b0f015f1946	-
20261003-191547-0744	CP-8	Antiphon.Tests.Application.SubagentNotificationTests	a_notification_is_not_a_prompt_anybody_typed	Passed	f98d275d-3026-6097-b40c-a1372016026e	-
20261003-191547-0744	CP-8	Antiphon.Tests.Application.SubagentNotificationTests	the_async_launch_marker_separates_a_launch_from_an_answer	Passed	9684ea15-2d2c-6d13-6a99-cc43a796d3f2	-
20261003-191547-0744	CP-8	Antiphon.Tests.Application.SubagentNotificationTests	a_notification_names_the_launch_it_answers	Passed	c7f1e031-c01c-ef9a-bc6b-4ea7f08da38e	-
20261003-191547-0744	CP-8	Antiphon.Tests.Application.SubscriptionQuotaGateTests	KeyFor_and_SubscriptionUsageKey_agree_for_profile_and_profileless_agents	Passed	8666a67f-61b6-76a5-5a84-eb59b15f16c3	-
20261003-191547-0744	CP-8	Antiphon.Tests.Application.SubscriptionQuotaGateTests	defaults_match_the_plan	Passed	3d95b657-d6ea-a03f-86e1-cf34ca1d5458	-
20261003-191547-0744	CP-8	Antiphon.Tests.Application.SubscriptionQuotaGateTests	validator_rejects_out_of_range_rules_and_negative_minutes	Passed	b7d12036-a534-0933-c0a1-f5c73b966986	-
20261003-191547-0744	CP-8	Antiphon.Tests.Application.SubscriptionQuotaGateTests	validator_accepts_the_defaults	Passed	bbd592d7-842c-eecf-e706-55a1a3c92b8c	-
20261003-191547-0744	CP-8	Antiphon.Tests.Application.SubscriptionQuotaGateTests	Evaluate_does_not_trip_at_5_percent_with_1h_left	Passed	59e91efc-a2ed-8d37-17b4-2ce286dd267c	-
20261003-191547-0744	CP-8	Antiphon.Tests.Application.SubscriptionQuotaGateTests	Evaluate_uses_the_assumed_week_when_ResetsAt_is_null	Passed	6e7b5110-809b-50e4-d2f2-4cc1fb57d319	-
20261003-191547-0744	CP-8	Antiphon.Tests.Application.SubscriptionQuotaGateTests	Evaluate_passes_when_ResetsAt_is_already_in_the_past	Passed	ad5e80f3-0d06-22cc-300a-3247e000fee9	-
20261003-191547-0744	CP-8	Antiphon.Tests.Application.SubscriptionQuotaGateTests	Evaluate_passes_when_the_sample_is_older_than_MaxSampleAge	Passed	b23437ed-16f3-38c6-4a18-28dd543a869f	-
20261003-191547-0744	CP-8	Antiphon.Tests.Application.SubscriptionQuotaGateTests	Evaluate_passes_when_there_is_no_snapshot	Passed	421435a1-e201-cc7b-2489-254754b97319	-
20261003-191547-0744	CP-8	Antiphon.Tests.Application.SubscriptionQuotaGateTests	Evaluate_is_inert_when_Enabled_is_false	Passed	a65d8987-2722-bbd9-3e1b-70cee5c5fe53	-
20261003-191547-0744	CP-8	Antiphon.Tests.Application.SubscriptionQuotaGateTests	Evaluate_trips_the_day_rule_at_10_percent_with_36h_left	Passed	fc4a9423-3bce-fab8-824b-c2d584b090d5	-
20261003-191547-0744	CP-8	Antiphon.Tests.Application.SubscriptionQuotaGateTests	Evaluate_does_not_trip_at_10_percent_with_6h_left	Passed	20251834-08db-244a-2a12-e6a52b9e14c3	-
20261003-191547-0744	CP-8	Antiphon.Tests.Application.SubscriptionQuotaGateTests	Evaluate_trips_the_hours_rule_at_5_percent_with_3h_left	Passed	4870dbc7-a2f7-999e-e2f9-c9bfcc0fa4f5	-
20261003-191547-0744	CP-8	Antiphon.Tests.Application.SubscriptionUsageParserTests	Parses_the_measured_Codex_panel	Passed	6234cd6c-d977-09ac-f754-56ddcf7bc2bb	-
20261003-191547-0744	CP-8	Antiphon.Tests.Application.SubscriptionUsageParserTests	A_reset_string_with_no_year_resolves_to_the_next_future_occurrence	Passed	b89244ab-5eab-da26-fd54-20fb68889c18	-
20261003-191547-0744	CP-8	Antiphon.Tests.Application.SubscriptionUsageParserTests	Parses_the_measured_Grok_panel	Passed	9bbd69d9-4f42-e154-5c85-ae51ed4af246	-
20261003-191547-0744	CP-8	Antiphon.Tests.Application.TaskCompletionContinuationTests	C613_OffBranchClaimQualifiesActualHead	Passed	003af214-3edf-524a-f5f7-14056176add3	-
20261003-191547-0744	CP-8	Antiphon.Tests.Application.TaskCompletionContinuationTests	C613_OffBranchClaimQualifiesActualHead	Passed	dd5f3cb0-2613-b135-1147-4c730d708be2	-
20261003-191547-0744	CP-8	Antiphon.Tests.Application.TaskCompletionContinuationTests	C613_OffBranchClaimQualifiesActualHead	Passed	7fcaf3c0-7ddf-408a-7d04-37934d500052	-
20261003-191547-0744	CP-8	Antiphon.Tests.Application.TaskCompletionContinuationTests	C788_NoPushedProgressWarningShape	Passed	2ae2f6ee-6548-6edd-2b99-b6693748ae8f	-
20261003-191547-0744	CP-8	Antiphon.Tests.Application.TaskCompletionContinuationTests	C788_NoPushedProgressWarningShape	Passed	c9c8478d-0249-b8b1-100c-00da25a4d2c0	-
20261003-191547-0744	CP-8	Antiphon.Tests.Application.TaskCompletionContinuationTests	C613_DivergentOwnTipIsProgress	Passed	bb8c0c54-e6cc-aa40-9ffe-674080805b99	-
20261003-191547-0744	CP-8	Antiphon.Tests.Application.TaskCompletionContinuationTests	C613_OffBranchFilesRemainProgress	Passed	31141999-95c4-fe8b-1873-3a045f8d493c	-
20261003-191547-0744	CP-8	Antiphon.Tests.Application.TaskCompletionContinuationTests	C613_OffBranchFilesRemainProgress	Passed	188f8d40-2e2d-eeae-9852-03ca2c278a39	-
20261003-191547-0744	CP-8	Antiphon.Tests.Application.TaskCompletionContinuationTests	C788_NoPushedProgressWarningShape	Passed	a70cf842-1e34-93ee-b551-4e6217785fe3	-
20261003-191547-0744	CP-8	Antiphon.Tests.Application.TaskCompletionContinuationTests	C613_AncestryFastPathStillWorks	Passed	dab55e42-47a5-3c6d-83c6-cf3f624526e4	-
20261003-191547-0744	CP-8	Antiphon.Tests.Application.TaskCompletionContinuationTests	C613_OffBranchRequiresClaim	Passed	c7e79f1d-1720-f6b7-b1c0-97672ab399b9	-
20261003-191547-0744	CP-8	Antiphon.Tests.Application.TaskCompletionContinuationTests	C613_OffBranchRequiresClaim	Passed	20f06796-f519-95fa-eb48-f8da024c1178	-
20261003-191547-0744	CP-8	Antiphon.Tests.Application.TaskCompletionContinuationTests	C613_DivergentOwnTipIsProgress	Passed	7f4a6cae-4b96-bead-1971-083034f77bfb	-
20261003-191547-0744	CP-8	Antiphon.Tests.Application.TaskCompletionContinuationTests	C613_DivergentNegativeNeverOverridesIncompleteObservation	Passed	801d295a-4302-5b16-c219-0e21ccd75c89	-
20261003-191547-0744	CP-8	Antiphon.Tests.Application.TaskCompletionContinuationTests	C613_OnBranchFilePositiveStaysPrimary	Passed	d6a7f7d9-26b8-60e8-381b-c7370fc207ea	-
20261003-191547-0744	CP-8	Antiphon.Tests.Application.TaskCompletionContinuationTests	C613_DivergentNegativeNeverOverridesIncompleteObservation	Passed	f656b1d4-b9b8-cbd2-6fb9-6fbc4ac749e1	-
20261003-191547-0744	CP-8	Antiphon.Tests.Application.TaskCompletionContinuationTests	C613_DivergentOwnTipWithUnreadableRemoteStaysIndeterminate	Passed	b6143353-a006-2c24-74dd-9807239f314c	-
20261003-191547-0744	CP-8	Antiphon.Tests.Application.TaskCompletionContinuationTests	C613_DivergentOwnTipWithUnreadableRemoteStaysIndeterminate	Passed	8e3e96b1-5138-6034-2505-53009868062d	-
20261003-191547-0744	CP-8	Antiphon.Tests.Application.TaskCompletionContinuationTests	C613_ClaimMustBeReachable	Passed	2f9b7e80-9a12-45c6-952d-2c6a3392eca2	-
20261003-191547-0744	CP-8	Antiphon.Tests.Application.TaskCompletionContinuationTests	C613_TimeReadUnavailable	Passed	76d799a3-641d-f24b-cb15-eebeefc30c07	-
20261003-191547-0744	CP-8	Antiphon.Tests.Application.TaskCompletionContinuationTests	C613_DivergentOwnTipStillReachesRemoteClaim	Passed	a9af7868-6232-e811-26af-25bd0f089ea2	-
20261003-191547-0744	CP-8	Antiphon.Tests.Application.TaskCompletionContinuationTests	C613_TimeReadUnavailable	Passed	d91c1945-c4c0-e143-a5c3-d32219ce5572	-
20261003-191547-0744	CP-8	Antiphon.Tests.Application.TaskCompletionContinuationTests	C613_TimeUpperBound	Passed	a15ef12e-d5ac-791d-19a8-2b51da1da397	-
20261003-191547-0744	CP-8	Antiphon.Tests.Application.TaskCompletionContinuationTests	C613_TimeLowerBoundUsesTheClaimNotTheLaterTip	Passed	ee36f035-4373-04c8-9dc7-dc13c5547f9c	-
20261003-191547-0744	CP-8	Antiphon.Tests.Application.TaskCompletionContinuationTests	C613_DivergentNegativeNeverOverridesIncompleteObservation	Passed	5a9b52f6-3644-c791-57f2-4ab0e2af64b5	-
20261003-191547-0744	CP-8	Antiphon.Tests.Application.TaskCompletionContinuationTests	C613_OffBranchRequiresClaim	Passed	6f6486a2-263e-7ed1-b7dc-67b36bbfac05	-
20261003-191547-0744	CP-8	Antiphon.Tests.Application.TaskCompletionContinuationTests	C788_NoPushedProgressWarningShape	Passed	ea761156-c412-9274-d50a-7729c72a70fe	-
20261003-191547-0744	CP-8	Antiphon.Tests.Application.TaskCompletionContinuationTests	C613_TimeLowerBound	Passed	f819e87e-b68b-8b18-f816-4f664889f0ca	-
20261003-191547-0744	CP-8	Antiphon.Tests.Application.TaskCompletionContinuationTests	C613_TimeLowerBound	Passed	65e446f3-f37d-3d04-0462-026c289c515c	-
20261003-191547-0744	CP-8	Antiphon.Tests.Application.TaskCompletionContinuationTests	C613_TimeLowerBound	Passed	7454e99c-b6df-9c64-1473-c0a26548dbae	-
20261003-191547-0744	CP-8	Antiphon.Tests.Application.TaskCompletionContinuationTests	C613_RemoteBaselineContainmentRejects	Passed	3661e873-0e7b-6b4c-399e-fea0f2234366	-
20261003-191547-0744	CP-8	Antiphon.Tests.Application.TaskCompletionContinuationTests	C613_LocalBaselineContainmentRejects	Passed	616fd55f-6ec1-c80f-054b-371b0f0a274f	-
20261003-191547-0744	CP-8	Antiphon.Tests.Application.TaskCompletionContinuationTests	C613_DivergentNegativeNeverOverridesIncompleteObservation	Passed	3923a5fd-a175-9ed0-0ab2-a618605147cf	-
20261003-191547-0744	CP-8	Antiphon.Tests.Application.TaskCompletionContinuationTests	C788_NoPushedProgressWarningShape	Passed	15072ef3-a5e2-3a39-935e-1e2e52c55435	-
20261003-191547-0744	CP-8	Antiphon.Tests.Application.TaskCompletionContinuationTests	C613_OffBranchFileArmNeedsAnActualFileChange	Passed	7041ec94-9ae1-4fb6-5acd-c6475dcfdced	-
20261003-191547-0744	CP-8	Antiphon.Tests.Application.TaskCompletionContinuationTests	C788_NoPushedProgressWarningShape	Passed	d7d4ea2e-6c12-2ae2-7c5e-aa648b9f84e3	-
20261003-191547-0744	CP-8	Antiphon.Tests.Application.TaskCompletionContinuationTests	C613_IncompleteEvidenceCannotFail	Passed	9c32b004-4ffb-995b-bc60-89de89ffe288	-
20261003-191547-0744	CP-8	Antiphon.Tests.Application.TaskCompletionContinuationTests	C788_NoPushedProgressWarningShape	Passed	0e4fe560-11bd-5368-895e-abfb68f43253	-
20261003-191547-0744	CP-8	Antiphon.Tests.Application.TaskCompletionContinuationTests	C613_CancellationPropagates	Passed	cb815ca1-3a22-ac8b-2425-47e6a0cd1c1f	-
20261003-191547-0744	CP-8	Antiphon.Tests.Application.TaskCompletionContinuationTests	C613_AlternateEvidenceRoundTripsWithoutAuthority	Passed	609a9835-a1c4-c6fe-f0ed-92fbb6362c34	-
20261003-191547-0744	CP-8	Antiphon.Tests.Application.TaskCompletionContinuationTests	C613_RepairRewriteStaysIndeterminate	Passed	c9aad136-57a2-4250-d18f-66ed84058061	-
20261003-191547-0744	CP-8	Antiphon.Tests.Application.TaskCompletionContinuationTests	C613_DivergentOwnTipStillReachesRemoteClaim	Passed	f54800b0-7fdb-2c3b-93f7-d7ba7d2c151f	-
20261003-191547-0744	CP-8	Antiphon.Tests.Application.TaskCompletionContinuationTests	C613_IncompleteEvidenceCannotFail	Passed	3bec68de-21c3-1e7e-ba79-30226b0d8bd2	-
20261003-191547-0744	CP-8	Antiphon.Tests.Application.TaskCompletionContinuationTests	C613_HeadChangeIsIndeterminate	Passed	43cf597b-9162-2f4d-4a5e-d229b80a1f60	-
20261003-191547-0744	CP-8	Antiphon.Tests.Application.TaskCompletionContinuationTests	C613_RegisteredCheckoutIdentity	Passed	63a944b0-601b-dd23-1fe0-4e4b1243cd51	-
20261003-191547-0744	CP-8	Antiphon.Tests.Application.TaskCompletionContinuationTests	C613_ClaimOnAnUnrelatedRefCannotRescue	Passed	0e0f0c93-af7a-ee41-70d5-bdcd8ca7099f	-
20261003-191547-0744	CP-8	Antiphon.Tests.Application.TaskCompletionContinuationTests	C613_OffBranchRequiresClaim	Passed	3e65a0b2-ae68-0296-a2cf-7964853935e3	-
20261003-191547-0744	CP-8	Antiphon.Tests.Application.TaskCompletionContinuationTests	C613_HeadChangeIsIndeterminate	Passed	9e826da7-c611-a618-0e89-557f8229f255	-
20261003-191547-0744	CP-8	Antiphon.Tests.Application.TaskCompletionProgressPolicyTests	C499_R07_RewrittenHistoryIsIndeterminate	Passed	c4d4e9a9-2b4a-34e5-3a67-ce142e289549	-
20261003-191547-0744	CP-8	Antiphon.Tests.Application.TaskCompletionProgressPolicyTests	C499_R06_UnclaimedSourceMovementIsNotProgress	Passed	9ceab42d-0074-7419-6e23-3430baebf3bf	-
20261003-191547-0744	CP-8	Antiphon.Tests.Application.TaskCompletionProgressPolicyTests	C499_R05_MovementOfAnotherRefIsNotProgress	Passed	b0de90fb-3530-9c4e-9ef5-64493fe5acf0	-
20261003-191547-0744	CP-8	Antiphon.Tests.Application.TaskCompletionProgressPolicyTests	C499_R04_CommitCopiedLocallyAfterDispatchIsNotProgress	Passed	fb950ed3-4e0b-5e33-1a8f-b150b5d595d3	-
20261003-191547-0744	CP-8	Antiphon.Tests.Application.TaskCompletionProgressPolicyTests	C499_R03_RemoteAheadAtDispatchIsNotProgress	Passed	0cba1ff7-735b-dfa1-e938-f21b07c1174c	-
20261003-191547-0744	CP-8	Antiphon.Tests.Application.TaskCompletionProgressPolicyTests	C499_R02_ClaimOfAnAncestorOfTheBaselineIsNotNovel	Passed	c778b508-2881-6aea-fb03-7d96660b3bd5	-
20261003-191547-0744	CP-8	Antiphon.Tests.Application.TaskCompletionProgressPolicyTests	C499_R01_ClaimOfTheBaselineTipIsNotNovel	Passed	a3cad983-db25-7efa-cb3e-4c3e2eb12825	-
20261003-191547-0744	CP-8	Antiphon.Tests.Application.TaskCompletionProgressPolicyTests	C499_V16_MissingRemoteAndNoRemoteAreCompleteNegatives	Passed	b14f8f5f-17bc-e5e3-1af9-dbaedc191da5	-
20261003-191547-0744	CP-8	Antiphon.Tests.Application.TaskCompletionProgressPolicyTests	C499_V16_MissingRemoteAndNoRemoteAreCompleteNegatives	Passed	d20e8f35-75da-fbc5-2cb0-f63762849ea4	-
20261003-191547-0744	CP-8	Antiphon.Tests.Application.TaskCompletionProgressPolicyTests	C499_R14_MalformedClaimsAreIgnored	Passed	2859ab6a-3aa2-5f6d-9832-7629a3cb37ba	-
20261003-191547-0744	CP-8	Antiphon.Tests.Application.TaskCompletionProgressPolicyTests	C499_R12_ClaimNotReachableFromTheTipIsRefused	Passed	1006dc59-f0d5-6ac4-3fc9-71b7b64fb6f6	-
20261003-191547-0744	CP-8	Antiphon.Tests.Application.TaskCompletionProgressPolicyTests	C499_R11_ConflictingClaimsConferNoCreditAndRepeatsAreIdempotent	Passed	59a0815c-952a-5559-a45f-5dfa8657d297	-
20261003-191547-0744	CP-8	Antiphon.Tests.Application.TaskCompletionProgressPolicyTests	C499_R18_APrimaryPositiveSurvivesARepairProbeFailure	Passed	946666b2-ea97-a121-b6a2-b7dbdb68790d	-
20261003-191547-0744	CP-8	Antiphon.Tests.Application.TaskCompletionProgressPolicyTests	C499_V15_UnchangedTipsWithCompleteQueriesIsNoAttributedProgress	Passed	8058cc97-e6a8-4b7b-c0e8-ceb1c57d4b67	-
20261003-191547-0744	CP-8	Antiphon.Tests.Application.TaskCompletionProgressPolicyTests	C499_V14_BothSourcesAreRecorded	Passed	5ce7d4a9-6425-2172-893e-8ae44c77cf70	-
20261003-191547-0744	CP-8	Antiphon.Tests.Application.TaskCompletionProgressPolicyTests	C499_V13_PrimaryNewCommitIsProgressWithoutAClaim	Passed	6b247ccf-c8fa-a944-c0ca-26327b50b13b	-
20261003-191547-0744	CP-8	Antiphon.Tests.Application.TaskCompletionProgressPolicyTests	C499_V12_BackdatedAndDeepCommitsQualifyByAncestry	Passed	b044857a-eb21-bf97-986c-a28354b62a3f	-
20261003-191547-0744	CP-8	Antiphon.Tests.Application.TaskCompletionProgressPolicyTests	C499_V11_ClaimedAncestorOfALaterTipIsProgress	Passed	651a0341-5b7c-73dc-ec9d-5d76adc962ab	-
20261003-191547-0744	CP-8	Antiphon.Tests.Application.TaskCompletionProgressPolicyTests	C499_V10_RemoteOnlyClaimedCommitIsProgress	Passed	65102418-3da0-234f-bc9c-28cc6cfdc078	-
20261003-191547-0744	CP-8	Antiphon.Tests.Application.TaskCompletionProgressPolicyTests	C499_V09_ClaimedChildOfBothBaselinesOnTheRepairSourceIsProgress	Passed	bc221016-b132-311d-6a0b-e8dba22c1582	-
20261003-191547-0744	CP-8	Antiphon.Tests.Application.TaskCompletionProgressPolicyTests	C499_R20_UnavailableBaselineRemoteCannotCreditARemoteClaim	Passed	35e74e9d-fa85-9e3a-c5b3-a201b5636a3e	-
20261003-191547-0744	CP-8	Antiphon.Tests.Application.TaskCompletionProgressPolicyTests	C499_R13_ABranchSwitchInThePrimaryTreeIsNotIsolatedEvidence	Passed	efa809a1-fa55-9e66-9b6c-8fe2d258c77d	-
20261003-191547-0744	CP-8	Antiphon.Tests.Application.TaskCompletionProgressPolicyTests	C499_R11_ConflictingClaimsConferNoCreditAndRepeatsAreIdempotent	Passed	7839e761-1666-53fe-dfbb-153256165457	-
20261003-191547-0744	CP-8	Antiphon.Tests.Application.TaskCompletionProgressPolicyTests	C499_R19_AnUnknownRequiredArmMakesTheAggregateIndeterminate	Passed	4883563a-680c-3387-9550-868641cd6676	-
20261003-191547-0744	CP-8	Antiphon.Tests.Application.TaskCompletionProgressPolicyTests	C499_R15_ChangedEndpointRefOrRepositoryIsIndeterminate	Passed	e8044fdf-49e9-ef02-a202-e9091361c0ad	-
20261003-191547-0744	CP-8	Antiphon.Tests.Application.TaskCompletionProgressPolicyTests	C499_R09_QuotedAndArbitraryHexAreNotClaims	Passed	fb1b90de-0084-b8b0-0da1-a01db140cf7a	-
20261003-191547-0744	CP-8	Antiphon.Tests.Application.TaskCompletionProgressPolicyTests	C499_R15_ChangedEndpointRefOrRepositoryIsIndeterminate	Passed	f3577f86-0ef3-e7a5-cbc7-e24b4acdab97	-
20261003-191547-0744	CP-8	Antiphon.Tests.Application.TaskCompletionProgressPolicyTests	C499_R10_ClaimMustNameThisTask	Passed	92945c54-d3f3-4d59-31a0-446716ea1e59	-
20261003-191547-0744	CP-8	Antiphon.Tests.Application.TaskCompletionProgressPolicyTests	C499_R14_MalformedClaimsAreIgnored	Passed	4893185d-c06e-5a00-df2c-57d095a2927d	-
20261003-191547-0744	CP-8	Antiphon.Tests.Application.TaskCompletionProgressPolicyTests	C499_R17_CancellationPropagates	Passed	24a85cfb-a269-d23e-3c18-c925d8170a8c	-
20261003-191547-0744	CP-8	Antiphon.Tests.Application.TaskCompletionProgressPolicyTests	C499_R15_ChangedEndpointRefOrRepositoryIsIndeterminate	Passed	704ef331-9ff8-5a42-d828-74e344f746f1	-
20261003-191547-0744	CP-8	Antiphon.Tests.Application.TaskCompletionProgressPolicyTests	C499_R14_MalformedClaimsAreIgnored	Passed	e9d686b8-207f-36e9-3d72-5a3533143305	-
20261003-191547-0744	CP-8	Antiphon.Tests.Application.TaskCompletionProgressPolicyTests	C499_R14_MalformedClaimsAreIgnored	Passed	ec7237c6-5b9c-da6e-1c87-d4bd55dff3a1	-
20261003-191547-0744	CP-8	Antiphon.Tests.Application.TaskPlatformGuidanceTests	Stage_bundles_leave_twenty_characters_below_the_size_cap	Passed	30ea6da0-d4a9-9c7b-0ce3-1acd17c0135a	-
20261003-191547-0744	CP-8	Antiphon.Tests.Application.TaskPlatformGuidanceTests	Orchestration_guidance_keeps_inheritance_and_task_scoped_unpinning	Passed	4d8b4548-49f7-454d-33a6-8cd3e77607e7	-
20261003-191547-0744	CP-8	Antiphon.Tests.Application.TaskPlatformGuidanceTests	Stage_guidance_omits_platform_unless_needed_and_preserves_runner_routes	Passed	2bedc4b0-a870-c283-7c1e-13ee9bfda91e	-
20261003-191547-0744	CP-8	Antiphon.Tests.Application.TaskPlatformGuidanceTests	Review_guidance_preserves_every_instruction	Passed	a437e431-ebce-4633-503b-62294c3883c6	-
20261003-191547-0744	CP-8	Antiphon.Tests.Application.TaskPlatformGuidanceTests	Review_guidance_keeps_scope_examples_landing_evidence_and_runner_routes	Passed	b7d29975-e4a5-ecb4-d54c-e57a5721c9f2	-
20261003-191547-0744	CP-8	Antiphon.Tests.Application.TaskReportHousekeepingTests	C714_crlf_envelope_is_grok_housekeeping	Passed	33bfd629-6fa0-eb06-eed2-ea3503785fe2	-
20261003-191547-0744	CP-8	Antiphon.Tests.Application.TaskReportHousekeepingTests	C714_unknown_system_reminder_is_real_prompt	Passed	cbb3c2f6-b45b-0e76-d6df-a03191f09d84	-
20261003-191547-0744	CP-8	Antiphon.Tests.Application.TaskReportHousekeepingTests	C714_quoted_reminder_is_real_prompt	Passed	5393ed57-f237-2cc6-cc21-45ec999bc8cf	-
20261003-191547-0744	CP-8	Antiphon.Tests.Application.TaskReportHousekeepingTests	C714_claude_notification_keeps_its_identity	Passed	fb6e06f3-d9ab-514b-013a-3084aff0641d	-
20261003-191547-0744	CP-8	Antiphon.Tests.Application.TaskReportHousekeepingTests	C714_suffixed_reminder_is_real_prompt	Passed	d9bbeaad-f4a1-d000-a292-921d93717f28	-
20261003-191547-0744	CP-8	Antiphon.Tests.Application.TaskReportHousekeepingTests	C714_incomplete_envelope_is_real_prompt	Passed	71f4e4ea-c151-5adc-5af4-501abefcca80	-
20261003-191547-0744	CP-8	Antiphon.Tests.Application.TaskReportHousekeepingTests	C714_mismatched_completion_ids_are_real_prompt	Passed	4ee398e3-8b73-012f-2aee-841eac11f10c	-
20261003-191547-0744	CP-8	Antiphon.Tests.Application.TaskReportHousekeepingTests	C714_grok_shape_on_other_provider_is_real_prompt	Passed	5b134989-572c-ba4d-9e5e-0175d225819e	-
20261003-191547-0744	CP-8	Antiphon.Tests.Application.TaskReportHousekeepingTests	C714_grok_shape_on_other_provider_is_real_prompt	Passed	6a4ef5c1-ac67-3843-bdcd-7a77137d6102	-
20261003-191547-0744	CP-8	Antiphon.Tests.Application.TaskReportHousekeepingTests	C714_lf_envelope_is_grok_housekeeping	Passed	afc39c24-bb37-efae-ce26-b916271c904e	-
20261003-191547-0744	CP-8	Antiphon.Tests.Application.TaskReportHousekeepingTests	C714_codex_text_is_not_a_housekeeping_prompt	Passed	afd287e5-16f3-cedb-a219-ed19d756bf66	-
20261003-191547-0744	CP-8	Antiphon.Tests.Application.TierReasoningEffortAgreementTests	every_tier_maps_to_the_same_effort_string_on_codex_grok_and_claude	Passed	83c5d0cf-8e4b-158b-da9a-9a54773c7161	-
20261003-191547-0744	CP-8	Antiphon.Tests.Application.TrackerSyncSummaryFormatterTests	Compact_boards_that_cannot_fit_are_omitted_as_complete_blocks	Passed	a77ba06a-c67b-cfe6-7a9d-48e203621e6e	-
20261003-191547-0744	CP-8	Antiphon.Tests.Application.TrackerSyncSummaryFormatterTests	Labels_and_comments_downgrade_before_state_transitions_lose_detail	Passed	5f97509b-55a9-e432-093b-93e7fc7cb699	-
20261003-191547-0744	CP-8	Antiphon.Tests.Application.TrackerSyncSummaryFormatterTests	Comment_cap_counts_distinct_cards_not_raw_events	Passed	ea5020ac-06f5-e6ec-8726-05877c5c9b4e	-
20261003-191547-0744	CP-8	Antiphon.Tests.Application.TrackerSyncSummaryFormatterTests	Multiple_boards_are_blank_line_separated_and_zero_change_boards_are_omitted	Passed	2178c240-5bcd-a54e-c4ea-b3b6921c1b9b	-
20261003-191547-0744	CP-8	Antiphon.Tests.Application.TrackerSyncSummaryFormatterTests	A_long_external_key_is_omitted_but_the_identifier_is_kept	Passed	23208b29-edcf-8c3a-7649-4ed44966468e	-
20261003-191547-0744	CP-8	Antiphon.Tests.Application.TrackerSyncSummaryFormatterTests	Twenty_one_label_changes_fall_back_to_count_only	Passed	f4d96ea5-6937-8b5d-ee03-6056b811e736	-
20261003-191547-0744	CP-8	Antiphon.Tests.Application.TrackerSyncSummaryFormatterTests	No_changes_formats_to_null	Passed	bae0234f-8921-492b-db98-bd126f0a168c	-
20261003-191547-0744	CP-8	Antiphon.Tests.Application.TrackerSyncSummaryFormatterTests	The_full_template_renders_exactly_as_specified	Passed	a8973a35-cf8b-c9fd-0c7a-bf6d00248266	-
20261003-191547-0744	CP-8	Antiphon.Tests.Application.TrackerSyncSummaryFormatterTests	Twenty_distinct_cards_are_named_twenty_one_is_count_only	Passed	49d54f67-aac5-e4ed-feee-d0c1c5ef5e3b	-
20261003-191547-0744	CP-8	Antiphon.Tests.Application.TrackerSyncSummaryFormatterTests	Identifiers_dedupe_and_list_all_twenty_distinct_cards	Passed	5852aeeb-aa97-7c12-02e2-3cb53467356d	-
20261003-191547-0744	CP-8	Antiphon.Tests.Application.TrackerSyncSummaryFormatterTests	Labels_line_comes_last_with_nested_add_remove	Passed	5639cac9-32d2-e980-45af-df533dbf8272	-
20261003-191547-0744	CP-8	Antiphon.Tests.Application.TrackerSyncSummaryFormatterTests	Reopened_on_GitHub_and_content_pushed_render_their_own_lines	Passed	fee4a751-ee0d-2826-4828-28a8dff226b0	-
20261003-191547-0744	CP-8	Antiphon.Tests.Application.TrackerSyncSummaryFormatterTests	The_issues_link_only_appears_for_github_com_with_a_known_repository	Passed	da3a4d32-61f7-b6c6-8a2c-c0e0c8076061	-
20261003-191547-0744	CP-8	Antiphon.Tests.Application.TranscriptLocalCommandEchoTests	the_raw_typed_line_is_an_echo_of_the_command_that_ran	Passed	6aad744c-66d5-bd39-816f-0c8a88f60410	-
20261003-191547-0744	CP-8	Antiphon.Tests.Application.TranscriptLocalCommandEchoTests	the_wrapper_names_the_command_it_invoked	Passed	3756bbbf-9088-8331-5311-b10e09b92ae4	-
20261003-191547-0744	CP-8	Antiphon.Tests.Application.TranscriptLocalCommandEchoTests	the_four_housekeeping_shapes_are_one_filter	Passed	d2ee0782-91cc-3b7b-dff9-dc629c23d1f9	-
20261003-191547-0744	CP-8	Antiphon.Tests.Application.TranscriptLocalCommandEchoTests	the_wrapper_itself_is_not_also_an_echo	Passed	005b7389-50af-ffee-e1af-030e1e099642	-
20261003-191547-0744	CP-8	Antiphon.Tests.Application.TranscriptLocalCommandEchoTests	a_real_prompt_that_merely_begins_with_a_slash_is_not_an_echo	Passed	9ef80e4a-3c89-db9b-8836-15a087cd1ad0	-
20261003-191547-0744	CP-8	Antiphon.Tests.Application.TranscriptLocalCommandEchoTests	an_ordinary_prompt_names_no_command	Passed	3df54519-9e54-0de4-4053-ce9dfc6ac126	-
20261003-191547-0744	CP-8	Antiphon.Tests.Application.TypedBodySpillTests	Grok_pointer_is_one_line_with_the_path_quoted	Passed	8fb78e11-fa26-bc2f-8c1c-a06b548c5080	-
20261003-191547-0744	CP-8	Antiphon.Tests.Application.TypedBodySpillTests	The_same_spawn_prompt_spills_on_inbox_and_is_typed_inline_on_modern	Passed	a094d5dd-b982-ce58-b330-7eb2aa55c915	-
20261003-191547-0744	CP-8	Antiphon.Tests.Application.TypedBodySpillTests	Under_the_ceiling_returns_the_original_and_writes_no_file	Passed	96b06590-320b-3a1d-6a05-3e16d1d99243	-
20261003-191547-0744	CP-8	Antiphon.Tests.Application.TypedBodySpillTests	Over_the_ceiling_writes_the_original_and_returns_a_short_pointer	Passed	1167cc0e-6ddc-8e2b-0f68-0ccfeb42229d	-
20261003-191547-0744	CP-8	Antiphon.Tests.Application.TypedBodySpillTests	Write_failure_returns_the_original	Passed	a6ad8069-ff90-4d2d-4966-addfb86e9fa7	-
20261003-191547-0744	CP-8	Antiphon.Tests.Application.TypedBodySpillTests	Api_fallback_is_used_when_the_file_cannot_be_written	Passed	69c77a9d-9ef7-2932-d219-cb1dcf671ef8	-
20261003-191547-0744	CP-8	Antiphon.Tests.Application.TypedBodySpillTests	Grok_spill_of_a_marked_body_keeps_the_marker_on_its_one_line	Passed	6f3312d0-1540-0c5d-90dc-06bf84131738	-
20261003-191547-0744	CP-8	Antiphon.Tests.Application.TypedBodySpillTests	Channel_envelope_prefix_survives_on_the_pointer	Passed	72cf1a78-a085-a0b7-646a-e5a54f57f888	-
20261003-191547-0744	CP-8	Antiphon.Tests.Application.TypedBodySpillTests	Inbox_spill_pointer_keeps_the_opening_task_marker	Passed	9a54413b-c416-33e3-a0ca-3597ca96f9cd	-
20261003-191547-0744	CP-8	Antiphon.Tests.Application.UnmarkedWaitingContractTests	attention_action_continue_is_appended_after_clear_hold	Passed	bbaf6b9e-d1f2-7504-7594-c3d7c3a72ba3	-
20261003-191547-0744	CP-8	Antiphon.Tests.Application.UnmarkedWaitingContractTests	answer_origin_authority_is_appended_as_three	Passed	b5d0ece4-2d97-6a7e-565e-a53d9752287f	-
20261003-191547-0744	CP-8	Antiphon.Tests.Application.UnmarkedWaitingContractTests	unmarked_waiting_minutes_default_is_five	Passed	a6a72741-10c2-42a5-0d5a-d4dab413b389	-
20261003-191547-0744	CP-8	Antiphon.Tests.Application.UnmarkedWaitingContractTests	unmarked_waiting_attention_kind_is_appended_after_report_unsettled	Passed	f9e3a5c1-6603-9640-992f-f112a2b0b2c1	-
20261003-191547-0744	CP-8	Antiphon.Tests.Application.UnmarkedWaitingContractTests	unmarked_waiting_evidence_is_appended_as_six	Passed	669fa4d8-e17b-7e65-7e8a-9b4b14421c9c	-
20261003-191547-0744	CP-8	Antiphon.Tests.Application.UsageLimitWallParserTests	Card0412_V01_absent_reset_is_distinct_from_invalid_reset	Passed	680dbc4c-08f5-addb-e47e-da98a6561d4a	-
20261003-191547-0744	CP-8	Antiphon.Tests.Application.UsageLimitWallParserTests	A_reset_already_past_today_rolls_to_tomorrow	Passed	dbf2e38c-bd68-f568-2afe-749f946d5f9e	-
20261003-191547-0744	CP-8	Antiphon.Tests.Application.UsageLimitWallParserTests	Fable_5_incident_is_model_cap_on_fable	Passed	488718ba-948c-f131-452e-3a890bc921d9	-
20261003-191547-0744	CP-8	Antiphon.Tests.Application.UsageLimitWallParserTests	Named_family_limits_map_to_canonical_aliases	Passed	48d86299-0a3a-ee88-caac-af3ca3080be8	-
20261003-191547-0744	CP-8	Antiphon.Tests.Application.UsageLimitWallParserTests	Named_family_limits_map_to_canonical_aliases	Passed	bf29462f-b61a-925e-3437-2424dde00669	-
20261003-191547-0744	CP-8	Antiphon.Tests.Application.UsageLimitWallParserTests	Twenty_four_hour_reset_form_parses	Passed	9b5948e1-0356-a17a-f844-d980fdd7bef6	-
20261003-191547-0744	CP-8	Antiphon.Tests.Application.UsageLimitWallParserTests	Card0412_V01_hour_only_am_pm_vectors	Passed	725ce65b-d743-95ec-1e20-449cfe9c209d	-
20261003-191547-0744	CP-8	Antiphon.Tests.Application.UsageLimitWallParserTests	A_trailing_retry_suffix_leaves_402_status_phrase_and_detail_unchanged	Passed	388d148f-3bfe-4408-afcb-1bb5b2670254	-
20261003-191547-0744	CP-8	Antiphon.Tests.Application.UsageLimitWallParserTests	Grok_402_format_reason_is_the_capacity_form	Passed	428e97b9-f0f7-08f2-c2b8-32906b673cd1	-
20261003-191547-0744	CP-8	Antiphon.Tests.Application.UsageLimitWallParserTests	LooksLikeCapacity_matches_grok_vocabulary_and_the_card_text	Passed	bdb34cf1-1e8d-5eaa-01fc-164c1c5d2352	-
20261003-191547-0744	CP-8	Antiphon.Tests.Application.UsageLimitWallParserTests	No_alias_at_all_returns_null	Passed	556c74fb-c45a-cf5c-d544-c482a37b750d	-
20261003-191547-0744	CP-8	Antiphon.Tests.Application.UsageLimitWallParserTests	Named_family_limits_map_to_canonical_aliases	Passed	fec4d934-5a90-e12f-a400-2c4d75e0411d	-
20261003-191547-0744	CP-8	Antiphon.Tests.Application.UsageLimitWallParserTests	Named_family_limits_map_to_canonical_aliases	Passed	9d61984c-5dbd-65fe-3ad5-78d301c92756	-
20261003-191547-0744	CP-8	Antiphon.Tests.Application.UsageLimitWallParserTests	Unparseable_reset_degrades_to_model_cap_not_the_30_minute_ladder	Passed	87de3a82-d58a-b58f-1c36-3a46dd2a6562	-
20261003-191547-0744	CP-8	Antiphon.Tests.Application.UsageLimitWallParserTests	Card0412_V01_hour_only_am_pm_vectors	Passed	537b9b10-af30-8fdc-b906-842e9133347f	-
20261003-191547-0744	CP-8	Antiphon.Tests.Application.UsageLimitWallParserTests	London_winter_is_GMT	Passed	67475681-2a8a-c07a-bb2e-981714907de7	-
20261003-191547-0744	CP-8	Antiphon.Tests.Application.UsageLimitWallParserTests	Session_limit_fixture_is_session_limit_with_named_zone	Passed	aad2cca7-1cba-4186-2338-8fb8cfa00a95	-
20261003-191547-0744	CP-8	Antiphon.Tests.Application.UsageLimitWallParserTests	Card0412_V01_unknown_zone_does_not_silently_use_utc	Passed	449531c3-61f8-ea1a-d198-6f464dfcfe03	-
20261003-191547-0744	CP-8	Antiphon.Tests.Application.UsageLimitWallParserTests	Card0412_V01_malformed_tokens_do_not_partial_match	Passed	0ec229ec-3192-20c6-61e9-2ca75499a3c6	-
20261003-191547-0744	CP-8	Antiphon.Tests.Application.UsageLimitWallParserTests	Card0412_V01_malformed_tokens_do_not_partial_match	Passed	da80bc8e-623e-eae7-14a9-1bca859485e1	-
20261003-191547-0744	CP-8	Antiphon.Tests.Application.UsageLimitWallParserTests	Card0412_V01_malformed_tokens_do_not_partial_match	Passed	cbbdd67b-834c-add3-da2e-c2034301b7cd	-
20261003-191547-0744	CP-8	Antiphon.Tests.Application.UsageLimitWallParserTests	Card0412_V01_malformed_tokens_do_not_partial_match	Passed	aa057b0c-87fa-b7e2-7675-1628029535e2	-
20261003-191547-0744	CP-8	Antiphon.Tests.Application.UsageLimitWallParserTests	Card0412_V01_malformed_tokens_do_not_partial_match	Passed	493fe5c2-543c-502e-dc70-555f6296865b	-
20261003-191547-0744	CP-8	Antiphon.Tests.Application.UsageLimitWallParserTests	Card0412_V01_malformed_tokens_do_not_partial_match	Passed	75cfddd5-ae5d-e84e-1883-17b371863ee9	-
20261003-191547-0744	CP-8	Antiphon.Tests.Application.UsageLimitWallParserTests	Card0412_V01_malformed_tokens_do_not_partial_match	Passed	1a5a5a50-671e-e767-13e2-4c4c4afad1ac	-
20261003-191547-0744	CP-8	Antiphon.Tests.Application.UsageLimitWallParserTests	Card0412_V01_malformed_tokens_do_not_partial_match	Passed	70568bb6-5cae-f5fd-42fb-af20329399a3	-
20261003-191547-0744	CP-8	Antiphon.Tests.Application.UsageLimitWallParserTests	Card0412_V01_malformed_tokens_do_not_partial_match	Passed	46cf7891-66cf-b27d-c2b6-914214e1fd87	-
20261003-191547-0744	CP-8	Antiphon.Tests.Application.UsageLimitWallParserTests	Card0412_V01_malformed_tokens_do_not_partial_match	Passed	917f291b-441b-13ea-d766-535f2e4f2c70	-
20261003-191547-0744	CP-8	Antiphon.Tests.Application.UsageLimitWallParserTests	Card0412_V01_dst_fold_chooses_later_utc	Passed	cf2ffb08-f1d6-6582-ed29-7dd9a525b927	-
20261003-191547-0744	CP-8	Antiphon.Tests.Application.UsageLimitWallParserTests	Card0412_V01_dst_fold_chooses_later_utc	Passed	0a776f02-7ad2-b04e-22d6-c9dd5d222cf0	-
20261003-191547-0744	CP-8	Antiphon.Tests.Application.UsageLimitWallParserTests	Card0412_V01_dst_gap_is_model_cap_with_parse_failure	Passed	949af30e-4184-a5f0-6543-25c3184f4528	-
20261003-191547-0744	CP-8	Antiphon.Tests.Application.UsageLimitWallParserTests	Card0412_V01_noon_and_midnight	Passed	0c5acfeb-e3de-ffdf-8240-f123ff3f8b9a	-
20261003-191547-0744	CP-8	Antiphon.Tests.Application.UsageLimitWallParserTests	Card0412_V01_minute_bearing_london_dst	Passed	458f9980-4bec-705e-3e1f-f8f6cc55b209	-
20261003-191547-0744	CP-8	Antiphon.Tests.Application.UsageLimitWallParserTests	Card0412_V01_utc_when_zone_omitted	Passed	663fa251-adf4-5b47-506a-e74775a3dcd8	-
20261003-191547-0744	CP-8	Antiphon.Tests.Application.UsageLimitWallParserTests	Fallback_alias_is_used_when_the_text_names_no_model	Passed	c736b7e3-9ae7-58f7-abcf-05f5e567d7b3	-
20261003-191547-0744	CP-8	Antiphon.Tests.Application.UsageLimitWallParserTests	Card0412_V01_hour_only_am_pm_vectors	Passed	9890d9f5-305f-0c56-dc1c-5fc7edf62424	-
20261003-191547-0744	CP-8	Antiphon.Tests.Application.UsageLimitWallParserTests	Card0412_V01_hour_only_am_pm_vectors	Passed	47a3d7c9-ec68-694f-d9b7-38275c8e8051	-
20261003-191547-0744	CP-8	Antiphon.Tests.Application.UsageLimitWallParserTests	London_summer_is_not_the_UTC_clock	Passed	632e4def-8e3e-44f0-667b-691db81ce30c	-
20261003-191547-0744	CP-8	Antiphon.Tests.Application.UsageLimitWallParserTests	Card0412_V01_utc_when_zone_omitted	Passed	6edf89b6-262a-33b7-90b3-6ac785dc1d86	-
20261003-191547-0744	CP-8	Antiphon.Tests.Application.VerificationReceiptPolicyTests	Each_backend_accepts_its_own_method	Passed	73a12284-cd5d-f3f4-0054-610575d772d8	-
20261003-191547-0744	CP-8	Antiphon.Tests.Application.VerificationReceiptPolicyTests	Cgroup_method_with_windows_backend_is_invalid	Passed	a13726cb-ed92-679c-eb75-c97daff5b050	-
20261003-191547-0744	CP-8	Antiphon.Tests.Application.VerificationReceiptPolicyTests	An_unsupported_backend_has_no_valid_receipt	Passed	d3c91af8-987b-30f5-3aa4-76315d6b0d8a	-
20261003-191547-0744	CP-8	Antiphon.Tests.Application.VerificationReceiptPolicyTests	Imported_receipt_must_match_binding_backend	Passed	c0e3c022-495e-1930-3deb-78524fcfad94	-
20261003-191547-0744	CP-8	Antiphon.Tests.Application.VerificationReceiptPolicyTests	Job_method_with_linux_backend_is_invalid	Passed	5f4b9c71-7709-db3a-ca04-2b4433ec1935	-
20261003-191547-0744	CP-8	Antiphon.Tests.Application.VerificationRoundBriefTests	C544_ProfileInEveryBrief	Passed	27fc9835-210b-0b4d-043e-284372463a5a	-
20261003-191547-0744	CP-8	Antiphon.Tests.Application.VerificationRoundInstructionTests	C544_FinalReviewContract	Passed	05b0175b-add0-78ea-c7b2-6050aeb69c06	-
20261003-191547-0744	CP-8	Antiphon.Tests.Application.VerificationRoundInstructionTests	C544_CumulativeSelectionContract	Passed	68bc136a-00b6-b7ef-9aa3-2c8e46d92de0	-
20261003-191547-0744	CP-8	Antiphon.Tests.Application.VerificationRoundInstructionTests	C544_AdjacentSmokeContract	Passed	85953da3-1f1c-319e-b6ab-508487cb0a38	-
20261003-191547-0744	CP-8	Antiphon.Tests.Application.VerificationRoundInstructionTests	C544_ManualAndPcContract	Passed	cae9b271-722d-a593-9eef-792f004386a4	-
20261003-191547-0744	CP-8	Antiphon.Tests.Application.VerificationRoundInstructionTests	C544_ExecutionEvidenceContract	Passed	fa293860-2357-cb91-028d-af2bbc0ed5a1	-
20261003-191547-0744	CP-8	Antiphon.Tests.Application.VerificationRoundInstructionTests	C544_InitialFullContract	Passed	a005a5de-61e3-f812-58cd-2c11cdb56e66	-
20261003-191547-0744	CP-8	Antiphon.Tests.Application.WorkerWorkspaceDefaultMigrationShapeTests	C458_DownDropsOnlyTheAddedColumns	Passed	8cc63870-d58b-891c-9cc9-e50a3b675c49	-
20261003-191547-0744	CP-8	Antiphon.Tests.Application.WorkerWorkspaceDefaultMigrationShapeTests	C458_UpAddsOnlyNullableWorkspaceColumns	Passed	1008dfad-8731-140c-c741-7136c657c4ff	-
20261003-191547-0744	CP-8	Antiphon.Tests.Application.WorkerWorkspaceDefaultStorageTests	C458_GlobalDefaultValidatorAllowsOnlyWritableModes	Passed	4e50208c-94d4-ac8c-999f-6d22d5fef055	-
20261003-191547-0744	CP-8	Antiphon.Tests.Application.WorkerWorkspaceDefaultStorageTests	C458_GlobalDefaultValidatorAllowsOnlyWritableModes	Passed	6a14dad1-0e92-a35a-7140-86fc0160bc7f	-
20261003-191547-0744	CP-8	Antiphon.Tests.Application.WorkerWorkspaceDefaultStorageTests	C458_DefaultsAreWorktreeAndHistoricalSourceIsNull	Passed	6cfc2e4b-ed75-5dfa-f03b-3d05849f317f	-
20261003-191547-0744	CP-8	Antiphon.Tests.Application.WorkerWorkspaceDefaultStorageTests	C458_GlobalDefaultValidatorAllowsOnlyWritableModes	Passed	9c7479e5-4f12-8d86-ad86-436ccdf31ded	-
20261003-191547-0744	CP-8	Antiphon.Tests.Application.WorkerWorkspaceDefaultStorageTests	C458_GlobalDefaultValidatorAllowsOnlyWritableModes	Passed	a86798c9-012b-364e-dced-40a099ea00ab	-
20261003-191547-0744	CP-8	Antiphon.Tests.Application.WorkerWorkspaceDefaultStorageTests	C458_EfMappingsStoreNullableTextWithStableWorkspaceOrdinals	Passed	03ad648c-6786-8c3a-8cb9-2428a1634714	-
20261003-191547-0744	CP-8	Antiphon.Tests.Application.WorkflowEngineParsingTests	ParseYamlDefinition_WithHooks_ParsesWorkspaceHookBlock	Passed	36f80905-9d22-9def-3638-e3cce58d36a7	-
20261003-191547-0744	CP-8	Antiphon.Tests.Application.WorkflowEngineParsingTests	ParseYamlDefinition_ValidYaml_ReturnsWorkflowDefinition	Passed	de095418-15a8-0df9-93cc-95f5510c3c4d	-
20261003-191547-0744	CP-8	Antiphon.Tests.Application.WorkflowEngineParsingTests	ParseYamlDefinition_GateRequired_ParsedCorrectly	Passed	3c9d2d1c-dadb-7503-59b6-46cedb4de579	-
20261003-191547-0744	CP-8	Antiphon.Tests.Application.WorkflowEngineParsingTests	ParseYamlDefinition_EmptyYaml_ThrowsValidationException	Passed	a71d9f42-99c4-b28f-9fd4-468b94c29fbd	-
20261003-191547-0744	CP-8	Antiphon.Tests.Application.WorkflowEngineParsingTests	MockExecutor_RespectsCalcellationToken	Passed	c829b964-981f-f7ab-e28d-0db0cc9fe139	-
20261003-191547-0744	CP-8	Antiphon.Tests.Application.WorkflowEngineParsingTests	MockExecutor_ProducesPlaceholderOutput	Passed	c5f08d4f-eba7-9d1f-56e2-6d191d96852e	-
20261003-191547-0744	CP-8	Antiphon.Tests.Application.WorkflowEngineParsingTests	ParseYamlDefinition_EmptyStagesArray_ThrowsValidationException	Passed	6fa0b917-d07c-624a-9599-2402bcb4bfe5	-
20261003-191547-0744	CP-8	Antiphon.Tests.Application.WorkflowEngineParsingTests	ParseYamlDefinition_NoStages_ThrowsValidationException	Passed	b55ba536-4c98-aa09-0ba1-b47eaa25a0ab	-
20261003-191547-0744	CP-8	Antiphon.Tests.Application.WorkflowEngineParsingTests	ParseYamlDefinition_MissingStageName_ThrowsValidationException	Passed	ac2d76ad-58b9-b0a0-0126-cf3a02031808	-
20261003-191547-0744	CP-8	Antiphon.Tests.Application.WorkflowEngineParsingTests	ValidateYamlStructure_ValidatesHookBlocks	Passed	dbcb621c-3c4d-1943-ae58-be4979b7a5a5	-
20261003-191547-0744	CP-8	Antiphon.Tests.Application.WorkflowEngineParsingTests	ParseYamlDefinition_InvalidHooks_ThrowValidationException	Passed	47150b3a-2d0f-59a2-1bbd-de6fdfa84647	-
20261003-191547-0744	CP-8	Antiphon.Tests.Application.WorkflowEngineParsingTests	ParseYamlDefinition_WithModelName_ParsedCorrectly	Passed	06330899-a71b-8166-d283-4d9a46a9992b	-
20261003-191547-0744	CP-8	Antiphon.Tests.Application.WorkflowEngineParsingTests	ParseYamlDefinition_MissingExecutorType_ThrowsValidationException	Passed	166de11b-d522-53c5-ed3c-d7d962f3c188	-
20261003-191547-0744	CP-8	Antiphon.Tests.Application.WorkspaceReservationKeyTests	C459_Same_matches_git_common_dir_to_repo_path	Passed	32fbf856-8366-5885-0a4e-9b1458ce065e	-
20261003-191547-0744	CP-8	Antiphon.Tests.Application.WorkspaceReservationKeyTests	C459_Same_rejects_a_sibling_worktree	Passed	c908f6aa-6f89-b15b-30c3-4796f23acc2c	-
20261003-191547-0744	CP-8	Antiphon.Tests.Application.WorkspaceReservationKeyTests	C459_Same_matches_session_cwd_with_empty_ref	Passed	809ec27a-b446-5496-75c6-dcbd972530bc	-
20261003-191547-0744	CP-8	Antiphon.Tests.Application.WorkspaceReservationLivenessTests	C664_LiveTaskOwnerBlocksAfterGrace	Passed	b85f593e-fbb3-c6b4-3e3e-d43d6f4003f0	-
20261003-191547-0744	CP-8	Antiphon.Tests.Application.WorkspaceReservationLivenessTests	C664_LiveTaskOwnerBlocksAfterGrace	Passed	51b1451d-8c6b-0d98-8801-40caf9cb67a2	-
20261003-191547-0744	CP-8	Antiphon.Tests.Application.WorkspaceReservationLivenessTests	C664_LiveTaskOwnerBlocksAfterGrace	Passed	cb3ff8e8-08ec-5502-30d6-85833a653bed	-
20261003-191547-0744	CP-8	Antiphon.Tests.Application.WorkspaceReservationLivenessTests	C664_MissingOrUnattributedOwnerDoesNotBlockAfterGrace	Passed	07dda547-0dbc-7838-f79f-d2a3cf8ae83a	-
20261003-191547-0744	CP-8	Antiphon.Tests.Application.WorkspaceReservationLivenessTests	C664_MissingOrUnattributedOwnerDoesNotBlockAfterGrace	Passed	6d36ad49-dfa6-7c5d-24e3-36cfd97ae819	-
20261003-191547-0744	CP-8	Antiphon.Tests.Application.WorkspaceReservationLivenessTests	C664_LiveTaskOwnerBlocksAfterGrace	Passed	4cd1869d-5143-9e03-b851-63c0e0d11427	-
20261003-191547-0744	CP-8	Antiphon.Tests.Application.WorkspaceReservationLivenessTests	C664_PendingLandKeepsTerminalTaskBlocking	Passed	9a26c873-81c5-4c66-3b33-71aed2008a63	-
20261003-191547-0744	CP-8	Antiphon.Tests.Application.WorkspaceReservationLivenessTests	C664_TerminalTaskOwnerDoesNotBlockAfterGrace	Passed	74323a19-5a46-abc4-a2a4-51e57d07ae83	-
20261003-191547-0744	CP-8	Antiphon.Tests.Application.WorkspaceReservationLivenessTests	C664_TerminalTaskOwnerDoesNotBlockAfterGrace	Passed	6b4ee2c5-9b7f-51c3-738d-b8178f308529	-
20261003-191547-0744	CP-8	Antiphon.Tests.Application.WorkspaceReservationLivenessTests	C664_MissingOrUnattributedOwnerDoesNotBlockAfterGrace	Passed	754467ac-3708-dc31-0162-457b1b8d4260	-
20261003-191547-0744	CP-8	Antiphon.Tests.Application.WorkspaceReservationLivenessTests	C664_EndedSessionOwnerDoesNotBlockAfterGrace	Passed	8dfacff8-4435-8fba-8eea-772758524569	-
20261003-191547-0744	CP-8	Antiphon.Tests.Application.WorkspaceReservationLivenessTests	C664_EndedSessionOwnerDoesNotBlockAfterGrace	Passed	22311a7d-f9eb-c707-d135-78ca5ff29f28	-
20261003-191547-0744	CP-8	Antiphon.Tests.Application.WorkspaceReservationLivenessTests	C664_LiveSessionOwnerBlocksAfterGrace	Passed	fca3cb91-55b9-960a-fa14-f93ecbc89bac	-
20261003-191547-0744	CP-8	Antiphon.Tests.Application.WorkspaceReservationLivenessTests	C664_LiveSessionOwnerBlocksAfterGrace	Passed	a3f61cdd-1820-08de-bd87-21b786170e1c	-
20261003-191547-0744	CP-8	Antiphon.Tests.Application.WorkspaceReservationLivenessTests	C664_LiveSessionOwnerBlocksAfterGrace	Passed	d7af73c8-1d22-75c8-2bbd-33cc794d84b6	-
20261003-191547-0744	CP-8	Antiphon.Tests.Application.WorkspaceReservationLivenessTests	C664_LiveSessionOwnerBlocksAfterGrace	Passed	6d73b45c-238d-0b09-6882-ec7def78d6fe	-
20261003-191547-0744	CP-8	Antiphon.Tests.Application.WorkspaceReservationLivenessTests	C664_FreshRowBlocksWhateverTheOwner	Passed	9c4c19ad-86ee-b8b1-33fd-cfc02963fab7	-
20261003-191547-0744	CP-8	Antiphon.Tests.Application.WorkspaceReservationLivenessTests	C664_TerminalTaskOwnerDoesNotBlockAfterGrace	Passed	af64bb84-56c9-430f-5043-05f779f89ff8	-
20261003-191547-0744	CP-8	Antiphon.Tests.Application.WorkspaceReservationLivenessTests	C664_RetirementAndFenceRowsAlwaysBlock	Passed	66de504d-ae18-be0e-3052-91c9d6c5084a	-
20261003-191547-0744	CP-8	Antiphon.Tests.Application.WorkspaceReservationLivenessTests	C664_RetirementAndFenceRowsAlwaysBlock	Passed	121d4819-a7e8-a156-d48c-372a03eecf92	-
20261003-191547-0744	CP-8	Antiphon.Tests.Application.WorktreeCleanupPresentationTests	C443_BoundedCapturePreservesQualifyingTail	Passed	6c389d26-5740-ca46-6cba-5deffef55a30	-
20261003-191547-0744	CP-8	Antiphon.Tests.Application.WorktreeCleanupPresentationTests	C443_D9_DiagnosticsSurviveEitherEnvelopeExtreme	Passed	3d47b27d-5ab9-8fa6-99e1-df729fe63ea4	-
20261003-191547-0744	CP-8	Antiphon.Tests.Application.WorktreeCleanupPresentationTests	C443_D9_DiagnosticsSurviveEitherEnvelopeExtreme	Passed	72e59653-9571-39d5-a7d1-5e11524dc8e5	-
20261003-191547-0744	CP-8	Antiphon.Tests.Application.WorktreeCleanupPresentationTests	C443_D9_DiagnosticsSurviveEitherEnvelopeExtreme	Passed	8fef1bdd-933f-abd0-97ab-8d8ad95b6730	-
20261003-191547-0744	CP-8	Antiphon.Tests.Application.WorktreeCleanupPresentationTests	C443_D9_DiagnosticsSurviveEitherEnvelopeExtreme	Passed	ec82a54b-2b3d-a3da-f459-359bb2c330ad	-
20261003-191547-0744	CP-8	Antiphon.Tests.Application.WorktreeCleanupPresentationTests	C443_D9_DiagnosticsSurviveEitherEnvelopeExtreme	Passed	4b96a51a-d617-5db4-2d4b-a74ea9d9e80a	-
20261003-191547-0744	CP-8	Antiphon.Tests.Application.WorktreeCleanupPresentationTests	C443_D9_DiagnosticsSurviveEitherEnvelopeExtreme	Passed	51eca328-e5c2-6d20-0020-21266dc64ee2	-
20261003-191547-0744	CP-8	Antiphon.Tests.Application.WorktreeCleanupPresentationTests	C443_D9_DiagnosticsSurviveEitherEnvelopeExtreme	Passed	f1cd5cae-fa37-6065-a9ac-4ca3c2d30e72	-
20261003-191547-0744	CP-8	Antiphon.Tests.Application.WorktreeCleanupPresentationTests	C443_DiagnosticEnvelopeFitsFallbackUtf8	Passed	f2f98c29-d622-57c8-c096-44f80a994dcc	-
20261003-191547-0744	CP-8	Antiphon.Tests.Application.WorktreeCleanupPresentationTests	C443_DiagnosticEnvelopeFitsFallbackUtf8	Passed	a66756f2-fcff-1a3d-4950-026f89dbd109	-
20261003-191547-0744	CP-8	Antiphon.Tests.Application.WorktreeCleanupPresentationTests	C443_DiagnosticEnvelopeFitsFallbackUtf8	Passed	b91e7ea2-46f1-9d3b-601a-1eba9dad929b	-
20261003-191547-0744	CP-8	Antiphon.Tests.Application.WorktreeCleanupPresentationTests	C443_DiagnosticEnvelopeFitsFallbackUtf8	Passed	58b961e0-4488-2590-68cd-0e64c16b32d3	-
20261003-191547-0744	CP-8	Antiphon.Tests.Application.WorktreeCleanupPresentationTests	C443_DiagnosticEnvelopeFitsFallbackUtf8	Passed	99e617ef-7635-0732-c292-9cd1e8693783	-
20261003-191547-0744	CP-8	Antiphon.Tests.Application.WorktreeCleanupPresentationTests	C443_BoundedCapturePreservesQualifyingTail	Passed	0da3deec-a33e-2839-82ea-7d615be5ce3a	-
20261003-191547-0744	CP-8	Antiphon.Tests.Application.WorktreeCleanupPresentationTests	C443_DiagnosticEnvelopeFitsFallbackUtf8	Passed	fb540116-1930-0701-968b-302a6050faaf	-
20261003-191547-0744	CP-8	Antiphon.Tests.Application.WorktreeCleanupPresentationTests	C443_D9_DiagnosticsSurviveEitherEnvelopeExtreme	Passed	98760d7c-3bcf-06ba-f4a5-9593edfcf328	-
20261003-191547-0744	CP-8	Antiphon.Tests.Application.WorktreeCleanupPresentationTests	C443_D9_DiagnosticsSurviveEitherEnvelopeExtreme	Passed	2f3f4f36-91ff-e1a7-6c21-28e08257b381	-
20261003-191547-0744	CP-8	Antiphon.Tests.Application.WorktreeCleanupPresentationTests	C443_D9_DiagnosticsSurviveEitherEnvelopeExtreme	Passed	5d6dc323-2ef1-749f-36a8-c976be14c2ed	-
20261003-191547-0744	CP-8	Antiphon.Tests.Application.WorktreeCleanupPresentationTests	C443_D9_PriorCaptureKeepsItsIdentityAndAvailability	Passed	3e3afb48-bab0-ca01-b1a0-eeec8035bf19	-
20261003-191547-0744	CP-8	Antiphon.Tests.Application.WorktreeCleanupPresentationTests	C443_D9_PriorCaptureKeepsItsIdentityAndAvailability	Passed	0855c94c-6a8f-add4-0e91-d361cdd0b351	-
20261003-191547-0744	CP-8	Antiphon.Tests.Application.WorktreeCleanupPresentationTests	C443_D9_PriorCaptureKeepsItsIdentityAndAvailability	Passed	8199ff5f-9893-a523-1216-3250ef80f4f8	-
20261003-191547-0744	CP-8	Antiphon.Tests.Application.WorktreeCleanupPresentationTests	C443_D9_PriorCaptureKeepsItsIdentityAndAvailability	Passed	281d7150-a267-ae72-e9b6-b0742a34f961	-
20261003-191547-0744	CP-8	Antiphon.Tests.Application.WorktreeCleanupPresentationTests	C443_D9_DiagnosticsSurviveEitherEnvelopeExtreme	Passed	a35687b3-3c9d-01e0-358e-b938acf3388c	-
20261003-191547-0744	CP-8	Antiphon.Tests.Application.WorktreeCleanupPresentationTests	C443_D9_DiagnosticsSurviveEitherEnvelopeExtreme	Passed	38778205-aa38-08bf-df70-3ac833b93f11	-
20261003-191547-0744	CP-8	Antiphon.Tests.Application.WorktreeCleanupPresentationTests	C443_D9_DiagnosticsSurviveEitherEnvelopeExtreme	Passed	31907817-7a10-479c-3f86-9dea64b233e6	-
20261003-191547-0744	CP-8	Antiphon.Tests.Application.WorktreeCleanupPresentationTests	C443_D9_DiagnosticsSurviveEitherEnvelopeExtreme	Passed	e297ae1f-55c8-3d82-b75c-fb491696105c	-
20261003-191547-0744	CP-8	Antiphon.Tests.Application.WorktreeCleanupPresentationTests	C443_D9_DiagnosticsSurviveEitherEnvelopeExtreme	Passed	6b492e30-b22a-17bc-fda3-c279f7ba1a26	-
20261003-191547-0744	CP-8	Antiphon.Tests.Application.WorktreeCleanupPresentationTests	C443_D9_DiagnosticsSurviveEitherEnvelopeExtreme	Passed	211dcd04-135b-8bd9-fe8a-27a70437c636	-
20261003-191547-0744	CP-8	Antiphon.Tests.Application.WorktreeCleanupPresentationTests	C443_D9_DiagnosticsSurviveEitherEnvelopeExtreme	Passed	c5f83770-8c93-03d8-85a4-436858878b58	-
20261003-191547-0744	CP-8	Antiphon.Tests.Application.WorktreeCleanupPresentationTests	C443_D9_DiagnosticsSurviveEitherEnvelopeExtreme	Passed	26ab63db-a553-df4e-b92c-e359915f6f64	-
20261003-191547-0744	CP-8	Antiphon.Tests.Application.WorktreeCleanupPresentationTests	C443_D9_DiagnosticsSurviveEitherEnvelopeExtreme	Passed	867f7992-0429-42e6-0cac-91582d07c724	-
20261003-191547-0744	CP-8	Antiphon.Tests.Application.WorktreeCleanupPresentationTests	C443_D9_DiagnosticsSurviveEitherEnvelopeExtreme	Passed	14126286-5e69-5f21-4e92-fdae4f02743b	-
20261003-191547-0744	CP-8	Antiphon.Tests.Application.WorktreeCleanupPresentationTests	C443_BoundedCapturePreservesQualifyingTail	Passed	c4cfe857-b24e-3f15-0634-bb8e9730af84	-
20261003-191547-0744	CP-8	Antiphon.Tests.Application.WorktreeCleanupSettingsValidatorTests	Rejects_escaping_rooted_backslash_or_empty_patterns	Passed	7cbfa8d4-12f0-b3e5-3226-a6519925cd1c	-
20261003-191547-0744	CP-8	Antiphon.Tests.Application.WorktreeCleanupSettingsValidatorTests	Rejects_non_positive_caps	Passed	47f94075-a39b-4a8d-f453-519ce887d99c	-
20261003-191547-0744	CP-8	Antiphon.Tests.Application.WorktreeCleanupSettingsValidatorTests	Valid_defaults_pass	Passed	27982cca-aee5-5552-8387-cfc9b841c177	-
20261003-191547-0744	CP-8	Antiphon.Tests.Application.WorktreeIgnoredContentClassifierTests	Default_disposable_paths_are_disposable	Passed	a4694d78-ce1e-2360-30a2-89e021866239	-
20261003-191547-0744	CP-8	Antiphon.Tests.Application.WorktreeIgnoredContentClassifierTests	Default_disposable_paths_are_disposable	Passed	7527cd3c-413d-0756-1800-f0452b0c39cf	-
20261003-191547-0744	CP-8	Antiphon.Tests.Application.WorktreeIgnoredContentClassifierTests	Default_evidence_paths_are_evidence	Passed	67f86626-5c83-edf7-f0e3-f4d1ae8e72cd	-
20261003-191547-0744	CP-8	Antiphon.Tests.Application.WorktreeIgnoredContentClassifierTests	Default_evidence_paths_are_evidence	Passed	c1139f6e-baae-4814-506e-8e1fbcd9de62	-
20261003-191547-0744	CP-8	Antiphon.Tests.Application.WorktreeIgnoredContentClassifierTests	Explicit_antiphon_patterns_keep_their_bucket	Passed	ac894207-9047-eaf4-cab7-3af480b026cb	-
20261003-191547-0744	CP-8	Antiphon.Tests.Application.WorktreeIgnoredContentClassifierTests	Explicit_antiphon_patterns_keep_their_bucket	Passed	bfd5260f-120f-bbe4-fb93-eae86dbbd29e	-
20261003-191547-0744	CP-8	Antiphon.Tests.Application.WorktreeIgnoredContentClassifierTests	Configured_antiphon_pattern_is_explicit	Passed	fc858d98-afc1-84fd-f791-522137ab34cc	-
20261003-191547-0744	CP-8	Antiphon.Tests.Application.WorktreeIgnoredContentClassifierTests	Protected_precedes_evidence_on_overlap	Passed	92923052-5ed3-126c-f60a-58db46a430e7	-
20261003-191547-0744	CP-8	Antiphon.Tests.Application.WorktreeIgnoredContentClassifierTests	Configured_protected_names_extend_but_never_replace_the_defaults	Passed	aae47c9c-55a3-e8e5-c9e6-2a1fe8950e75	-
20261003-191547-0744	CP-8	Antiphon.Tests.Application.WorktreeIgnoredContentClassifierTests	Unknown_path_is_protected	Passed	3f65782b-9826-5946-af03-6fbdd8bc6d3a	-
20261003-191547-0744	CP-8	Antiphon.Tests.Application.WorktreeIgnoredContentClassifierTests	Evidence_precedes_disposable_on_overlap	Passed	48b693fd-77d8-b1e3-57f4-44fb3f4ef982	-
20261003-191547-0744	CP-8	Antiphon.Tests.Application.WorktreeIgnoredContentClassifierTests	Rooted_or_parent_segment_is_protected	Passed	d5905356-a77e-762c-d9b0-1d42853f9a69	-
20261003-191547-0744	CP-8	Antiphon.Tests.Application.WorktreeIgnoredContentClassifierTests	Rooted_or_parent_segment_is_protected	Passed	23d9337b-ba2a-85a9-784e-69e61a2e9f82	-
20261003-191547-0744	CP-8	Antiphon.Tests.Application.WorktreeIgnoredContentClassifierTests	Rooted_or_parent_segment_is_protected	Passed	84ea2d04-cc20-98e2-7a22-046d2f0a6ffa	-
20261003-191547-0744	CP-8	Antiphon.Tests.Application.WorktreeIgnoredContentClassifierTests	Default_evidence_paths_are_evidence	Passed	987b6b8c-5efb-9186-403f-85a0ee051fc9	-
20261003-191547-0744	CP-8	Antiphon.Tests.Application.WorktreeIgnoredContentClassifierTests	Default_protected_paths_are_protected	Passed	47bff63a-d238-31b5-e636-4b43441310fb	-
20261003-191547-0744	CP-8	Antiphon.Tests.Application.WorktreeIgnoredContentClassifierTests	Default_protected_paths_are_protected	Passed	9c2ead5e-43c5-15b4-1f4d-d79d89bee3ee	-
20261003-191547-0744	CP-8	Antiphon.Tests.Application.WorktreeIgnoredContentClassifierTests	Default_protected_paths_are_protected	Passed	2f1481f5-e5ed-09ec-3ad3-b57b4114cbd8	-
20261003-191547-0744	CP-8	Antiphon.Tests.Application.WorktreeIgnoredContentClassifierTests	Default_protected_paths_are_protected	Passed	8e4403e2-f72d-3c06-6faa-c0fb5dfd0eaf	-
20261003-191547-0744	CP-8	Antiphon.Tests.Application.WorktreeIgnoredContentClassifierTests	Default_protected_paths_are_protected	Passed	f02dc883-2b52-f7ad-984f-a1d2cd3a6197	-
20261003-191547-0744	CP-8	Antiphon.Tests.Application.WorktreeIgnoredContentClassifierTests	Empty_lists_protect_everything	Passed	5b93ce28-54c5-19d4-eeff-2d541447b1cd	-
20261003-191547-0744	CP-8	Antiphon.Tests.Application.WorktreeIgnoredContentClassifierTests	Default_protected_paths_are_protected	Passed	9810af6c-fdd6-a0f9-f06c-992133a9b3b4	-
20261003-191547-0744	CP-8	Antiphon.Tests.Application.WorktreeIgnoredContentClassifierTests	Default_protected_paths_are_protected	Passed	be9ef85a-5b6b-2430-db10-de659a233fce	-
20261003-191547-0744	CP-8	Antiphon.Tests.Application.WorktreeIgnoredContentClassifierTests	Protected_name_inside_disposable_directory_is_protected	Passed	f9bf875a-dea6-08a8-c9fd-bd4233deb0a3	-
20261003-191547-0744	CP-8	Antiphon.Tests.Application.WorktreeIgnoredContentClassifierTests	Protected_name_inside_disposable_directory_is_protected	Passed	11297cd9-ba13-1078-2908-0346ef3f5a33	-
20261003-191547-0744	CP-8	Antiphon.Tests.Application.WorktreeIgnoredContentClassifierTests	Protected_name_inside_disposable_directory_is_protected	Passed	9c85740b-2891-e10d-575f-9e4dab6ae390	-
20261003-191547-0744	CP-8	Antiphon.Tests.Application.WorktreeIgnoredContentClassifierTests	Default_disposable_paths_are_disposable	Passed	05779146-f012-f145-c014-443b4b032c34	-
20261003-191547-0744	CP-8	Antiphon.Tests.Application.WorktreeIgnoredContentClassifierTests	Default_disposable_paths_are_disposable	Passed	84c0b79d-e270-9f97-dd53-e76f7469ada1	-
20261003-191547-0744	CP-8	Antiphon.Tests.Application.WorktreeIgnoredContentClassifierTests	Protected_name_inside_disposable_directory_is_protected	Passed	19ab7db0-4150-db92-4663-447ba53ebdc0	-
20261003-191547-0744	CP-8	Antiphon.Tests.Application.WorktreeIgnoredContentClassifierTests	Explicit_antiphon_patterns_keep_their_bucket	Passed	d4a6cdaf-2882-0d15-b703-a345deecacd6	-
20261003-191547-0744	CP-8	Antiphon.Tests.Application.WorktreeIgnoredContentClassifierTests	Default_disposable_paths_are_disposable	Passed	4b73a334-a5d3-51d5-fbb9-24a31de29644	-
20261003-191547-0744	CP-8	Antiphon.Tests.Application.WorktreeIgnoredContentClassifierTests	Default_disposable_paths_are_disposable	Passed	33ee99c0-7a45-8960-d783-0087e04500a6	-
20261003-191547-0744	CP-8	Antiphon.Tests.Application.WorktreeIgnoredContentClassifierTests	Explicit_antiphon_patterns_keep_their_bucket	Passed	af7d24fa-5d3c-cb7e-bf2f-0ce1901ba446	-
20261003-191547-0744	CP-8	Antiphon.Tests.Application.WorktreeIgnoredContentClassifierTests	Default_disposable_paths_are_disposable	Passed	cc3379dd-f78c-e381-5689-3de716bbd608	-
20261003-191547-0744	CP-8	Antiphon.Tests.Application.WorktreeIgnoredContentClassifierTests	Explicit_antiphon_patterns_keep_their_bucket	Passed	9436a8c9-0b25-9585-53c4-852807cfaa3c	-
20261003-191547-0744	CP-8	Antiphon.Tests.Application.WorktreeIgnoredContentClassifierTests	Explicit_antiphon_patterns_keep_their_bucket	Passed	31ee84b5-fcb3-4a27-b2a1-abd12881d3e8	-
20261003-191547-0744	CP-8	Antiphon.Tests.Application.WorktreeIgnoredContentClassifierTests	Nested_antiphon_segment_is_protected	Passed	ce77db0c-19d3-f8e9-9d0d-360000c3ccf7	-
20261003-191547-0744	CP-8	Antiphon.Tests.Application.WorktreeIgnoredContentClassifierTests	Nested_antiphon_segment_is_protected	Passed	1199d1c0-179b-8af0-eea1-6212a6b2f133	-
20261003-191547-0744	CP-8	Antiphon.Tests.Application.WorktreeIgnoredContentClassifierTests	Nested_antiphon_segment_is_protected	Passed	a0441a19-8a18-9eb4-4d07-e277c7852da9	-
20261003-191547-0744	CP-8	Antiphon.Tests.Application.WorktreeIgnoredContentClassifierTests	Nested_antiphon_segment_is_protected	Passed	334a867c-6269-bb00-f1e0-3fa76a9f372a	-
20261003-191547-0744	CP-8	Antiphon.Tests.Application.WorktreeIgnoredContentClassifierTests	Nested_antiphon_segment_is_protected	Passed	368c60e1-5d93-2fa2-867b-d610374a5bc6	-
20261003-191547-0744	CP-8	Antiphon.Tests.Application.WorktreeIgnoredContentClassifierTests	Protected_name_inside_disposable_directory_is_protected	Passed	c2a0d8cc-23e2-7f1a-5f47-8d60277653e6	-
20261003-191547-0744	CP-8	Antiphon.Tests.Application.WorktreeIgnoredContentClassifierTests	Protected_name_inside_disposable_directory_is_protected	Passed	fc5d4995-fdd2-614b-cf07-75ff9c444432	-
20261003-191547-0744	CP-8	Antiphon.Tests.Application.WorktreeIgnoredContentClassifierTests	Protected_name_inside_disposable_directory_is_protected	Passed	22ae1d2c-5843-453d-aaf5-58558900c6c2	-
20261003-191547-0744	CP-8	Antiphon.Tests.Application.WorktreeIgnoredContentClassifierTests	Nested_antiphon_segment_is_protected	Passed	fe14cabc-dab1-4822-e819-5f3f197c4bef	-
20261003-191547-0744	CP-8	Antiphon.Tests.Application.WorktreeIgnoredContentClassifierTests	Default_disposable_paths_are_disposable	Passed	cd1a1d89-ca39-accc-6a0a-1d29ca467401	-
20261003-191547-0744	CP-8	Antiphon.Tests.Application.WorktreeListParsingTests	Parses_main_branch_locked_and_detached_blocks	Passed	7df22e47-7b16-5bea-0254-6c11201af28f	-
20261003-191547-0744	CP-8	Antiphon.Tests.Application.WorktreeListParsingTests	A_bare_main_repo_is_skipped_and_marks_no_entry_as_main	Passed	88ec3e15-00e5-f957-5f11-6cfbcb7f668c	-
20261003-191547-0744	CP-8	Antiphon.Tests.Application.WorktreeListParsingTests	Empty_or_failed_output_parses_to_nothing	Passed	304b6aa7-0b0a-50a2-5547-981c6488f392	-
20261003-191547-0744	CP-8	Antiphon.Tests.CachingChatClientTests	NormalizeContent_strips_windows_paths	Passed	aa82d1e1-9c92-61f8-69ef-371b2dca3758	-
20261003-191547-0744	CP-8	Antiphon.Tests.CachingChatClientTests	NormalizeContent_strips_unix_paths	Passed	26e732db-8ff1-9853-12cd-b01589d52f91	-
20261003-191547-0744	CP-8	Antiphon.Tests.CachingChatClientTests	NormalizeContent_strips_git_shas	Passed	0897f0c5-76bd-05ce-1ea6-2c1888ba1ac5	-
20261003-191547-0744	CP-8	Antiphon.Tests.CachingChatClientTests	NormalizeContent_strips_uuids	Passed	474a9305-1ccc-b543-1da4-463f07169ebe	-
20261003-191547-0744	CP-8	Antiphon.Tests.CachingChatClientTests	NormalizeContent_strips_iso8601_timestamps	Passed	4ffa11b3-fba6-a3b8-bd90-e5bbdb9e4160	-
20261003-191547-0744	CP-8	Antiphon.Tests.CachingChatClientTests	Replay_mode_throws_on_cache_miss	Passed	798f7d70-387a-c255-a5c5-2b1fded05167	-
20261003-191547-0744	CP-8	Antiphon.Tests.CachingChatClientTests	ComputeHash_is_deterministic	Passed	a8238747-c327-073d-59f3-68463d61fc62	-
20261003-191547-0744	CP-8	Antiphon.Tests.CachingChatClientTests	Replay_mode_returns_cached_response	Passed	50010a0c-27dd-c548-8ec5-2dbe78473b3c	-
20261003-191547-0744	CP-8	Antiphon.Tests.CachingChatClientTests	PassThrough_mode_never_reads_or_writes_cache	Passed	9ef60d4d-0f58-b952-6271-d1dc841e4e26	-
20261003-191547-0744	CP-8	Antiphon.Tests.CachingChatClientTests	Cache_files_stored_as_json_in_cache_directory	Passed	219ae890-6fa6-353e-5168-47ec4d192ae2	-
20261003-191547-0744	CP-8	Antiphon.Tests.CachingChatClientTests	Record_mode_always_caches_response	Passed	1bb090da-6f1d-c32a-9771-5b9dddb8ee78	-
20261003-191547-0744	CP-8	Antiphon.Tests.CachingChatClientTests	ComputeHash_differs_for_different_content	Passed	5131577e-a0f5-a67d-114d-f108fe68f2e7	-
20261003-191547-0744	CP-8	Antiphon.Tests.CachingChatClientTests	RecordIfMissing_does_not_overwrite_existing	Passed	4b5e1528-9358-500d-3fca-e9ae9b6fd1fc	-
20261003-191547-0744	CP-8	Antiphon.Tests.Checkpoints.BaselineComparerTests	baseline_checkout_is_outside_the_worktree_and_evidence_stays_in_the_run	Passed	aee0bbe1-152c-69cc-35ee-2ba02db11972	-
20261003-191547-0744	CP-8	Antiphon.Tests.Checkpoints.BaselineComparerTests	removes_worktree_when_build_fails	Passed	1540f173-7eb2-6c09-0303-58dde180a95f	-
20261003-191547-0744	CP-8	Antiphon.Tests.Checkpoints.BaselineComparerTests	baseline_stops_when_the_timeout_is_already_spent	Passed	c7a88705-d45b-ece5-35cc-1e26994e91b3	-
20261003-191547-0744	CP-8	Antiphon.Tests.Checkpoints.BaselineComparerTests	classifies_inherited_introduced_new	Passed	2d87753a-4133-e50d-4434-82e091b55ee8	-
20261003-191547-0744	CP-8	Antiphon.Tests.Checkpoints.BaselineComparerTests	adds_and_removes_the_detached_worktree_once_per_build	Passed	209c4aa9-c79d-58cb-5c60-8894976932a5	-
20261003-191547-0744	CP-8	Antiphon.Tests.Checkpoints.BuildSlotClientTests	holder_process_stays_alive_until_the_lease_is_released	Passed	830ae71d-9f69-cfd6-ee9b-94f257a89119	-
20261003-191547-0744	CP-8	Antiphon.Tests.Checkpoints.BuildSlotClientTests	release_on_dispose	Passed	7b327f7c-6307-5e74-2aec-4f1b88dd6290	-
20261003-191547-0744	CP-8	Antiphon.Tests.Checkpoints.BuildSlotClientTests	timeout_is_exit_4	Passed	5c8b8adf-4532-9a91-7680-fb8b8df6229a	-
20261003-191547-0744	CP-8	Antiphon.Tests.Checkpoints.BuildSlotClientTests	pid_liveness_grant_with_null_renewal_is_granted_without_renewing	Passed	ea045cd0-8518-f5b0-46c7-2c5757347f72	-
20261003-191547-0744	CP-8	Antiphon.Tests.Checkpoints.BuildSlotClientTests	null_renewal_interval_is_granted_without_renewal	Passed	9884aa78-f0f4-1978-fc8a-f27f05f0d349	-
20261003-191547-0744	CP-8	Antiphon.Tests.Checkpoints.BuildSlotClientTests	memory_floor_waits	Passed	f9cee27c-6b65-1e39-ddf6-9ad8157a648e	-
20261003-191547-0744	CP-8	Antiphon.Tests.Checkpoints.BuildSlotClientTests	busy_waits_then_grants	Passed	b17798a7-65cb-9152-1871-5b6f39c0f691	-
20261003-191547-0744	CP-8	Antiphon.Tests.Checkpoints.BuildSlotClientTests	refused_becomes_unleased_after_grace	Passed	d7318372-3889-a611-dcda-ed90313800be	-
20261003-191547-0744	CP-8	Antiphon.Tests.Checkpoints.BuildSlotClientTests	pid_idempotent_broker_grants_distinct_leases_and_one_release_keeps_the_other	Passed	2e062505-cf4d-ecd0-ab14-2c8fefb85009	-
20261003-191547-0744	CP-8	Antiphon.Tests.Checkpoints.BuildSlotClientTests	renewable_grant_is_renewed_until_the_checkpoint_releases_it	Passed	af35df0a-4cbf-3fe3-ec37-cb551c332f2b	-
20261003-191547-0744	CP-8	Antiphon.Tests.Checkpoints.BuildSlotClientTests	probe_404_marks_unavailable_and_makes_no_lease_calls	Passed	0b11d7b3-5556-d785-46f0-200a8a26d6c9	-
20261003-191547-0744	CP-8	Antiphon.Tests.Checkpoints.BuildSlotClientTests	a_shared_pid_lease_is_not_claimed_by_the_second_driver	Passed	bce085a8-c3c0-39f3-634a-36623bf998c0	-
20261003-191547-0744	CP-8	Antiphon.Tests.Checkpoints.CheckpointAppTests	phase_done_is_published_before_cleanup_and_cleanup_failures_are_kept	Passed	2cde4d09-11b7-4589-970b-e2a926b4eeaf	-
20261003-191547-0744	CP-8	Antiphon.Tests.Checkpoints.CheckpointAppTests	create_run_sweeps_a_finished_sibling_tool_copy_and_leaves_a_live_one	Passed	49f672ca-16e6-8092-4e98-4a1beee248f3	-
20261003-191547-0744	CP-8	Antiphon.Tests.Checkpoints.CheckpointAppTests	create_run_uses_the_manifest_results_root	Passed	942c6bb8-db0f-029e-742c-b6997c93c326	-
20261003-191547-0744	CP-8	Antiphon.Tests.Checkpoints.CheckpointExecutorLogTests	terminal_report_waits_for_all_callbacks_and_log_flush	Passed	86b0d9e9-0c67-deb6-92bb-a5928db7e9a1	-
20261003-191547-0744	CP-8	Antiphon.Tests.Checkpoints.CheckpointExecutorLogTests	log_io_failure_publishes_a_terminal_error_without_recursive_logging	Passed	858702c3-b0c4-c40d-bc55-0f92c1a82978	-
20261003-191547-0744	CP-8	Antiphon.Tests.Checkpoints.CheckpointExecutorLogTests	concurrent_callbacks_append_each_line_once_without_overlap	Passed	42116a46-4bec-2d10-2d67-206bb79f437a	-
20261003-191547-0744	CP-8	Antiphon.Tests.Checkpoints.CheckpointImportTests	invalid_environment_names_and_duplicates_are_refused	Passed	6eb32be2-7c56-5770-b8c2-9f85d2e4fb1c	-
20261003-191547-0744	CP-8	Antiphon.Tests.Checkpoints.CheckpointImportTests	unknown_duplicate_and_malformed_columns_are_refused	Passed	95e9e499-2f7f-b19f-abb6-aaddf8324603	-
20261003-191547-0744	CP-8	Antiphon.Tests.Checkpoints.CheckpointImportTests	invalid_serial_is_refused_before_execution	Passed	252e03a0-5a45-5b56-1a3d-bfd476140ade	-
20261003-191547-0744	CP-8	Antiphon.Tests.Checkpoints.CheckpointImportTests	scheduler_passes_test_parallel_limit_only_to_serial_rows_process	Passed	1686d618-2cae-e7e9-3d39-971b28670f23	-
20261003-191547-0744	CP-8	Antiphon.Tests.Checkpoints.CheckpointImportTests	environment_reaches_only_its_row_and_its_reruns	Passed	212e7f4e-05f7-25ce-0f01-0f94224af4a6	-
20261003-191547-0744	CP-8	Antiphon.Tests.Checkpoints.CheckpointImportTests	environment_map_round_trips_without_changing_serial	Passed	165c496c-bb61-6860-887f-a8f357be7318	-
20261003-191547-0744	CP-8	Antiphon.Tests.Checkpoints.CheckpointImportTests	serial_import_round_trips_and_excludes_other_rows	Passed	9e76d02d-596b-57a6-c57c-80f8451c872b	-
20261003-191547-0744	CP-8	Antiphon.Tests.Checkpoints.CheckpointImportTests	imports_the_card_0723_table	Passed	0f067751-f67f-b8d3-cb27-a923dd86e3e4	-
20261003-191547-0744	CP-8	Antiphon.Tests.Checkpoints.CheckpointImportTests	warns_when_estimate_exceeds_row_timeout	Passed	cd3fc6d1-3335-8c13-07c5-7be01fff426a	-
20261003-191547-0744	CP-8	Antiphon.Tests.Checkpoints.CheckpointImportTests	command_rows_become_command_checkpoints	Passed	135e4d4e-af53-70bb-f3d5-32348fe31f77	-
20261003-191547-0744	CP-8	Antiphon.Tests.Checkpoints.CheckpointImportTests	filter_shorthand_and_trailing_environment_prose_are_refused	Passed	e15240c9-0549-ae2e-f398-4926ea99b3c6	-
20261003-191547-0744	CP-8	Antiphon.Tests.Checkpoints.CheckpointImportTests	imports_the_card_0688_table	Passed	47058e30-b8ee-d632-a10a-50a678c4ebaa	-
20261003-191547-0744	CP-8	Antiphon.Tests.Checkpoints.CheckpointImportTests	cross_after_reuse_is_refused_without_a_relaxation_flag	Passed	02852044-dac6-9c8f-a2d4-519701d6604b	-
20261003-191547-0744	CP-8	Antiphon.Tests.Checkpoints.CheckpointImportTests	conflicting_projects_cannot_share_an_output_identity	Passed	f058fab0-183f-725f-eb2b-e3d6664487aa	-
20261003-191547-0744	CP-8	Antiphon.Tests.Checkpoints.CheckpointImportTests	run_plan_and_import_resolve_the_committed_table_identically	Passed	347aa34f-961e-c8c0-b169-b409b8542ca8	-
20261003-191547-0744	CP-8	Antiphon.Tests.Checkpoints.CheckpointImportTests	refuses_the_legacy_eight_column_table	Passed	dfafa92c-117e-123a-5096-46e4f97f0e02	-
20261003-191547-0744	CP-8	Antiphon.Tests.Checkpoints.CheckpointImportTests	derives_roster_tokens_from_the_filter	Passed	ffb6e272-6ccc-723d-3b66-ef9b9b67b01a	-
20261003-191547-0744	CP-8	Antiphon.Tests.Checkpoints.CheckpointImportTests	unescapes_pipes_in_filters	Passed	24616882-12fc-7fbc-c7ce-e96e5927ed5e	-
20261003-191547-0744	CP-8	Antiphon.Tests.Checkpoints.CheckpointImportTests	maps_cp_reuse_to_the_same_build	Passed	f31756d8-5747-eaea-e240-4f8300ebb9f3	-
20261003-191547-0744	CP-8	Antiphon.Tests.Checkpoints.CheckpointImportTests	annotated_reuse_resolves_only_an_earlier_filter_build	Passed	d69afcf1-a522-2934-c4c5-de6f40f4cb60	-
20261003-191547-0744	CP-8	Antiphon.Tests.Checkpoints.CheckpointLaunchCleanupTests	late_executor_ack_resolves_launch_unknown	Passed	f582baa2-7a58-749d-aa01-7b7b683242d9	-
20261003-191547-0744	CP-8	Antiphon.Tests.Checkpoints.CheckpointLaunchCleanupTests	definite_native_refusal_rolls_back_owned_run	Passed	58379fdf-4930-90c5-8489-80b951e83609	-
20261003-191547-0744	CP-8	Antiphon.Tests.Checkpoints.CheckpointLaunchCleanupTests	dead_executor_ack_recovers_without_progress	Passed	4bac1e9d-ed75-0cca-d910-91afc5e4e698	-
20261003-191547-0744	CP-8	Antiphon.Tests.Checkpoints.CheckpointLaunchCleanupTests	partial_copy_failure_rolls_back_owned_run	Passed	92944ce1-a2e9-f515-0a7a-694ef86f3ccc	-
20261003-191547-0744	CP-8	Antiphon.Tests.Checkpoints.CheckpointLaunchCleanupTests	custody_write_failure_is_not_success	Passed	4ef93d64-f37c-1ef0-057e-7481a07a587a	-
20261003-191547-0744	CP-8	Antiphon.Tests.Checkpoints.CheckpointLaunchCleanupTests	starter_cannot_overwrite_child_progress	Passed	a5e2f504-5cea-0d88-5fee-8bb6a4db9d87	-
20261003-191547-0744	CP-8	Antiphon.Tests.Checkpoints.CheckpointLaunchCleanupTests	executor_ack_is_checked_before_work	Passed	16427bcb-07fa-ba05-d7c4-f6f1a9a2543d	-
20261003-191547-0744	CP-8	Antiphon.Tests.Checkpoints.CheckpointLaunchCleanupTests	post_launch_bookkeeping_failure_keeps_image	Passed	2748bd21-8588-00a7-8afa-c1b0203826cc	-
20261003-191547-0744	CP-8	Antiphon.Tests.Checkpoints.CheckpointLaunchCleanupTests	unknown_launch_outcome_is_never_rolled_back	Passed	1bb9ab36-f962-dec0-1a2f-306252bf25a9	-
20261003-191547-0744	CP-8	Antiphon.Tests.Checkpoints.CheckpointLaunchCleanupTests	preparing_journal_precedes_all_run_io	Passed	757f4e90-2d15-874a-f27c-2c72bb6b3667	-
20261003-191547-0744	CP-8	Antiphon.Tests.Checkpoints.CheckpointLaunchCleanupTests	launch_intent_failure_prevents_native_launch	Passed	643aceae-0710-1bac-bd38-d57b0255fc66	-
20261003-191547-0744	CP-8	Antiphon.Tests.Checkpoints.CheckpointLineTests	timeout_line_carries_timeout	Passed	08508e39-6c6e-363e-e2e3-006bf125b0e5	-
20261003-191547-0744	CP-8	Antiphon.Tests.Checkpoints.CheckpointLineTests	command_line_carries_exit	Passed	c1208f4e-0242-57a1-b690-262bc5b0d1b6	-
20261003-191547-0744	CP-8	Antiphon.Tests.Checkpoints.CheckpointLineTests	tunit_line_matches_the_pinned_regex_with_slot_suffix	Passed	0cf248ac-dfc1-3157-c024-ff4f79389cf4	-
20261003-191547-0744	CP-8	Antiphon.Tests.Checkpoints.CheckpointManifestTests	parses_yaml_and_defaults	Passed	07a19fc1-45cf-6488-bed3-6fd69f2464ed	-
20261003-191547-0744	CP-8	Antiphon.Tests.Checkpoints.CheckpointManifestTests	rejects_backslash_or_trailing_space_output_path	Passed	7d99e2c8-5b00-4212-545e-58dd73387c6a	-
20261003-191547-0744	CP-8	Antiphon.Tests.Checkpoints.CheckpointManifestTests	rejects_duplicate_or_unknown_build_ids	Passed	374b3e2b-91e1-e2ab-1ae9-77f8c8f3bb15	-
20261003-191547-0744	CP-8	Antiphon.Tests.Checkpoints.CheckpointManifestTests	rejects_reuse_across_different_after	Passed	f00d9840-805d-36e6-2c3a-d40081c8849d	-
20261003-191547-0744	CP-8	Antiphon.Tests.Checkpoints.CheckpointManifestTests	after_selector_parses_ranges_and_all	Passed	69367aa1-f93c-1c4b-ff5a-4e8cf51c6a8e	-
20261003-191547-0744	CP-8	Antiphon.Tests.Checkpoints.CheckpointManifestTests	results_root_must_be_under_worktree	Passed	434dca7c-b184-8c84-017b-d524e77edcdf	-
20261003-191547-0744	CP-8	Antiphon.Tests.Checkpoints.CheckpointNamespaceCensusUsageTests	namespace_census_matches_compiled_checkpoint_cases	Passed	ae175418-0dc7-a45e-fc01-80681cb29b6e	-
20261003-191547-0744	CP-8	Antiphon.Tests.Checkpoints.CheckpointProcessIdentityTests	foreign_pid_namespace_is_not_local_dead	Passed	3efc41f8-4ce3-73eb-e7e4-7ef32dd616cc	-
20261003-191547-0744	CP-8	Antiphon.Tests.Checkpoints.CheckpointProcessIdentityTests	confirmed_dead_local_identity_permits_cleanup	Passed	d7564413-8c2e-3020-f7f1-7bcc5c6d3294	-
20261003-191547-0744	CP-8	Antiphon.Tests.Checkpoints.CheckpointProcessIdentityTests	foreign_host_is_not_local_dead	Passed	c76d414a-d57f-757d-4904-465163cba325	-
20261003-191547-0744	CP-8	Antiphon.Tests.Checkpoints.CheckpointProcessIdentityTests	foreign_boot_is_not_local_dead	Passed	290fe0c8-a049-756c-f744-03597430ad34	-
20261003-191547-0744	CP-8	Antiphon.Tests.Checkpoints.CheckpointProcessIdentityTests	unknown_probe_is_a_veto	Passed	6d26ca96-3fe6-3f91-1db4-4940d0bdcf0f	-
20261003-191547-0744	CP-8	Antiphon.Tests.Checkpoints.CheckpointProcessIdentityTests	reused_pid_is_retained_and_never_signaled	Passed	abd6ace1-0ec7-7657-06aa-24dc85cc27eb	-
20261003-191547-0744	CP-8	Antiphon.Tests.Checkpoints.CheckpointProcessIdentityTests	same_live_generation_is_a_veto	Passed	4e0cfb49-fe4d-1f57-29a1-62aff4abd5f7	-
20261003-191547-0744	CP-8	Antiphon.Tests.Checkpoints.CheckpointRepeatConfigurationTests	default_one_preserves_legacy_arguments_and_counts	Passed	e39e39e2-47e5-2cd1-b4ae-1a670a6dcd42	-
20261003-191547-0744	CP-8	Antiphon.Tests.Checkpoints.CheckpointRepeatConfigurationTests	reuse_requires_matching_repeat_build	Passed	2065821e-9ce2-eebe-ae18-c682aa29d324	-
20261003-191547-0744	CP-8	Antiphon.Tests.Checkpoints.CheckpointRepeatConfigurationTests	repeat_properties_bind_build_and_run_only_to_selected_project	Passed	e59614b2-40fb-4f52-7894-0b62ef8b9301	-
20261003-191547-0744	CP-8	Antiphon.Tests.Checkpoints.CheckpointRepeatConfigurationTests	invalid_repeat_refuses_before_slot_or_driver	Passed	ca1e4d6f-837c-63db-ef80-254188e53c3c	-
20261003-191547-0744	CP-8	Antiphon.Tests.Checkpoints.CheckpointRepeatConfigurationTests	repeat_round_trips_from_cli_yaml_and_table	Passed	cf197d37-ff8e-f1d9-5c31-b63b8dae08c8	-
20261003-191547-0744	CP-8	Antiphon.Tests.Checkpoints.CheckpointRepeatDocumentationTests	repeat_budget_reaches_code_briefs_without_bundle_growth	Passed	5df659c2-bdd8-feb0-1c0b-7b5b31614c23	-
20261003-191547-0744	CP-8	Antiphon.Tests.Checkpoints.CheckpointRepeatHostTests	native_failure_in_middle_ordinal_survives_later_passes	Passed	092de487-6ce7-5364-7c3a-101f48290a42	-
20261003-191547-0744	CP-8	Antiphon.Tests.Checkpoints.CheckpointRepeatHostTests	native_repeat_reports_five_sets_in_one_process_and_lifecycle	Passed	0cb0218e-0ac7-e99f-1c9c-64cd96828028	-
20261003-191547-0744	CP-8	Antiphon.Tests.Checkpoints.CheckpointRepeatHostTests	native_skip_or_missing_markers_cannot_certify_five	Passed	facbd10e-4eb8-7c1a-7820-e3316903e5da	-
20261003-191547-0744	CP-8	Antiphon.Tests.Checkpoints.CheckpointRunOwnershipTests	incomplete_walk_is_not_empty	Passed	4027a848-514a-2a26-4480-22c60c68ae8e	-
20261003-191547-0744	CP-8	Antiphon.Tests.Checkpoints.CheckpointRunOwnershipTests	linked_descendant_is_rejected	Passed	b1ae42ae-82c1-c9c1-ee29-c3270be097b2	-
20261003-191547-0744	CP-8	Antiphon.Tests.Checkpoints.CheckpointRunOwnershipTests	linked_ancestor_is_rejected	Passed	682c4fc0-d2ed-71f7-0759-1ead9ec8b0f4	-
20261003-191547-0744	CP-8	Antiphon.Tests.Checkpoints.CheckpointRunOwnershipTests	linked_root_is_rejected	Passed	682813d0-d392-572e-a9c6-31c40d44e86c	-
20261003-191547-0744	CP-8	Antiphon.Tests.Checkpoints.CheckpointRunOwnershipTests	lexical_escape_is_rejected	Passed	263ebfac-1c85-dee9-48fb-f3e056490b37	-
20261003-191547-0744	CP-8	Antiphon.Tests.Checkpoints.CheckpointRunOwnershipTests	marker_binds_root_run_and_normalized_path	Passed	6fcd57f8-ddc1-2df8-b581-d5675e42eeeb	-
20261003-191547-0744	CP-8	Antiphon.Tests.Checkpoints.CheckpointRunOwnershipTests	unsupported_or_missing_markers_are_retained	Passed	3279ff26-84cf-d67c-e673-706ec5d8cdf3	-
20261003-191547-0744	CP-8	Antiphon.Tests.Checkpoints.CheckpointRunOwnershipTests	current_executor_image_is_always_retained	Passed	9756b8f0-8963-d17b-f156-94ab04deb7d5	-
20261003-191547-0744	CP-8	Antiphon.Tests.Checkpoints.CheckpointRunOwnershipTests	busy_mutation_lock_refuses_cleanup	Passed	54586dc9-a103-be1d-fa33-aefc005914b2	-
20261003-191547-0744	CP-8	Antiphon.Tests.Checkpoints.CheckpointRunOwnershipTests	deleting_root_rejects_registration	Passed	157b06e9-addc-8688-1e5b-f39e6be5c011	-
20261003-191547-0744	CP-8	Antiphon.Tests.Checkpoints.CheckpointRunOwnershipTests	custody_is_reread_under_the_lock	Passed	dabf144d-e3db-38b7-e8f1-35a4b467aad3	-
20261003-191547-0744	CP-8	Antiphon.Tests.Checkpoints.CheckpointRunOwnershipTests	only_exact_direct_child_names_are_candidates	Passed	333f4970-eb9e-18b5-a095-4cec3f40d643	-
20261003-191547-0744	CP-8	Antiphon.Tests.Checkpoints.CheckpointSlotContractTests	compatible_modes_preserve_limits_and_reasons	Passed	36aa3162-2bb0-e637-300c-8f40ecc52b7f	-
20261003-191547-0744	CP-8	Antiphon.Tests.Checkpoints.CheckpointSlotContractTests	renew_and_release_diagnostics_keep_status_and_body	Passed	ba34f1e0-1807-c599-f4fa-dabb548b7330	-
20261003-191547-0744	CP-8	Antiphon.Tests.Checkpoints.CheckpointSlotContractTests	answered_server_error_never_becomes_successful_unleased	Passed	e6fabbf4-35b8-e335-96eb-61b4b9201398	-
20261003-191547-0744	CP-8	Antiphon.Tests.Checkpoints.CheckpointSlotContractTests	transport_fallback_carries_last_failure_after_bounded_grace	Passed	bfaaa157-4e49-f73c-015c-9972ca9a1dec	-
20261003-191547-0744	CP-8	Antiphon.Tests.Checkpoints.CheckpointSlotContractTests	malformed_grant_is_refused	Passed	5d20bfd3-0733-716b-456b-00b40a206d4a	-
20261003-191547-0744	CP-8	Antiphon.Tests.Checkpoints.CheckpointSlotContractTests	malformed_probe_success_is_refused	Passed	a4e0956f-25c8-2eec-6427-8d86c17b6f4a	-
20261003-191547-0744	CP-8	Antiphon.Tests.Checkpoints.CheckpointSlotContractTests	probe_400_refuses_without_delay	Passed	546ac286-202a-cca3-b279-c428ddf73613	-
20261003-191547-0744	CP-8	Antiphon.Tests.Checkpoints.CheckpointSlotContractTests	busy_then_refused_acquire_carries_exact_wait	Passed	3b70df0b-6e18-12af-7949-d778e64a4c87	-
20261003-191547-0744	CP-8	Antiphon.Tests.Checkpoints.CheckpointSlotContractTests	definitive_acquire_400_refuses_without_delay	Passed	250f03ec-c0e5-8820-f8c2-106f3772c8fa	-
20261003-191547-0744	CP-8	Antiphon.Tests.Checkpoints.CheckpointSlotContractTests	holder_identity_is_preserved_in_acquire_and_retry	Passed	26b5efcd-812c-8a41-64fb-de5369ad1983	-
20261003-191547-0744	CP-8	Antiphon.Tests.Checkpoints.CheckpointSlotContractTests	diagnostics_are_bounded_and_escape_body_controls	Passed	0daee59b-fae5-52c6-be98-0c13152efc0f	-
20261003-191547-0744	CP-8	Antiphon.Tests.Checkpoints.CheckpointTaskOwnershipTests	executor_log_records_each_failed_owner_read_without_stopping_work	Passed	c5f686ab-a69a-013d-71b1-54769886d969	-
20261003-191547-0744	CP-8	Antiphon.Tests.Checkpoints.CheckpointTaskOwnershipTests	invalid_estimates_are_refused_before_start	Passed	7e47a100-b2ea-e8b8-665f-45db800f27ca	-
20261003-191547-0744	CP-8	Antiphon.Tests.Checkpoints.CheckpointTaskOwnershipTests	executor_rechecks_owner_after_start_admission	Passed	f061df6e-f14e-6c45-f658-2d50a11af2ec	-
20261003-191547-0744	CP-8	Antiphon.Tests.Checkpoints.CheckpointTaskOwnershipTests	each_build_rechecks_owner_immediately_before_launch	Passed	be7ba538-f8c1-bf38-671d-564a169b770c	-
20261003-191547-0744	CP-8	Antiphon.Tests.Checkpoints.CheckpointTaskOwnershipTests	each_row_and_rerun_rechecks_owner_before_launch	Passed	6dd0b0b5-60b1-5184-b604-b7dc454c790a	-
20261003-191547-0744	CP-8	Antiphon.Tests.Checkpoints.CheckpointTaskOwnershipTests	ownership_loss_cancels_slot_wait_and_rejects_a_late_grant	Passed	c0b86ade-312b-c348-5ef9-c1d0d317a35c	-
20261003-191547-0744	CP-8	Antiphon.Tests.Checkpoints.CheckpointTaskOwnershipTests	uncertainty_lets_the_running_row_finish_and_marks_pending_owner_unverified	Passed	0c464911-86c1-9904-2b19-933ae891e98a	-
20261003-191547-0744	CP-8	Antiphon.Tests.Checkpoints.CheckpointTaskOwnershipTests	one_row_deadline_does_not_kill_its_sibling_handle	Passed	374447aa-119e-0fce-3c62-17b971282b86	-
20261003-191547-0744	CP-8	Antiphon.Tests.Checkpoints.CheckpointTaskOwnershipTests	owner_read_allows_slow_recovery_and_uses_twelve_second_deadline	Passed	8e312d36-a7ad-db9e-9042-03d40586d762	-
20261003-191547-0744	CP-8	Antiphon.Tests.Checkpoints.CheckpointTaskOwnershipTests	canceled_process_does_not_wait_forever_for_inherited_output_pipes	Passed	0ff0c2cf-9ce0-f486-7401-8e2041535ba5	-
20261003-191547-0744	CP-8	Antiphon.Tests.Checkpoints.CheckpointTaskOwnershipTests	terminal_publication_waits_for_driver_exit_and_lease_disposal	Passed	892f2ba1-3557-63bb-6dae-e6b098791fb1	-
20261003-191547-0744	CP-8	Antiphon.Tests.Checkpoints.CheckpointTaskOwnershipTests	stopped_bound_session_ends_an_unsettled_task	Passed	a2051466-537c-df1b-52a1-435ec4f62ad3	-
20261003-191547-0744	CP-8	Antiphon.Tests.Checkpoints.CheckpointTaskOwnershipTests	mismatched_task_or_session_is_unverified	Passed	da221edd-37f5-4ebd-c1e6-4ae72c9ea279	-
20261003-191547-0744	CP-8	Antiphon.Tests.Checkpoints.CheckpointTaskOwnershipTests	unbound_runs_and_normal_starter_exit_remain_allowed	Passed	b7920794-c12e-ffc8-d58d-637b03976271	-
20261003-191547-0744	CP-8	Antiphon.Tests.Checkpoints.CheckpointTaskOwnershipTests	windows_estimate_selects_row_and_total_deadlines	Passed	5a431b42-5bd8-a00f-53f6-41babe880619	-
20261003-191547-0744	CP-8	Antiphon.Tests.Checkpoints.CheckpointTaskOwnershipTests	ownership_loss_keeps_outputs_and_stops_new_cleanup	Passed	a38743d4-13cd-0d72-3724-fe98ee2c51b2	-
20261003-191547-0744	CP-8	Antiphon.Tests.Checkpoints.CheckpointTaskOwnershipTests	ownership_loss_prevents_new_baseline_processes	Passed	383e9131-302d-71c0-67a5-93bff41fa0cc	-
20261003-191547-0744	CP-8	Antiphon.Tests.Checkpoints.CheckpointTaskOwnershipTests	owner_token_is_used_only_in_the_http_header	Passed	905f08d9-cba1-4446-414c-23f57a3908e7	-
20261003-191547-0744	CP-8	Antiphon.Tests.Checkpoints.CheckpointTaskOwnershipTests	late_settlement_after_owner_unverified_cancels_the_running_row	Passed	47690100-8d26-bd86-fc26-abef23d7e37b	-
20261003-191547-0744	CP-8	Antiphon.Tests.Checkpoints.CheckpointTaskOwnershipTests	terminal_owner_refuses_start_without_creating_a_run	Passed	5c3a65b7-c998-eabd-d735-e12cf0c76272	-
20261003-191547-0744	CP-8	Antiphon.Tests.Checkpoints.CheckpointTaskOwnershipTests	settlement_cancels_two_drivers_and_skips_later_rows	Passed	a02509d8-be34-edb0-2799-b38bf02ce109	-
20261003-191547-0744	CP-8	Antiphon.Tests.Checkpoints.CheckpointTaskOwnershipTests	process_driver_cancellation_kills_each_local_tree	Passed	86983762-5366-380d-c136-3e63a2150137	-
20261003-191547-0744	CP-8	Antiphon.Tests.Checkpoints.CheckpointTaskOwnershipTests	transient_owner_errors_recover_and_persistent_errors_stop	Passed	4d9eac21-e781-9f01-0ef3-2ed7a6420c77	-
20261003-191547-0744	CP-8	Antiphon.Tests.Checkpoints.CheckpointTempRootSweepTests	cursor_write_failure_does_not_fail_the_sweep	Passed	2ac44897-658e-58d4-be82-ab6e74fc049c	-
20261003-191547-0744	CP-8	Antiphon.Tests.Checkpoints.CheckpointTempRootSweepTests	two_hundred_concurrent_allocations_ignore_the_sweep_gate	Passed	d8342aff-6d61-9382-c435-0c69b7db36b9	-
20261003-191547-0744	CP-8	Antiphon.Tests.Checkpoints.CheckpointTempRootSweepTests	grace_is_additional_to_dead_ownership	Passed	c0771c1b-ef44-955d-346f-7e8b44fcfbd4	-
20261003-191547-0744	CP-8	Antiphon.Tests.Checkpoints.CheckpointTempRootSweepTests	sweep_interval_is_shared_across_hosts	Passed	08b24b9b-3273-dc7b-d804-a7204dec29cc	-
20261003-191547-0744	CP-8	Antiphon.Tests.Checkpoints.CheckpointTempRootSweepTests	eligible_backlog_drains_without_touching_exclusions	Passed	4809e334-6f24-7957-24f0-832a056aac5e	-
20261003-191547-0744	CP-8	Antiphon.Tests.Checkpoints.CheckpointTempRootSweepTests	disposed_roots_do_not_consume_the_next_sweep_budget	Passed	b4bab4f0-6d4d-d31c-b82f-506e0797ee87	-
20261003-191547-0744	CP-8	Antiphon.Tests.Checkpoints.CheckpointTempRootSweepTests	cursor_prevents_new_arrival_starvation	Passed	9c6299e4-e980-019f-2362-b165f10ba177	-
20261003-191547-0744	CP-8	Antiphon.Tests.Checkpoints.CheckpointTempRootSweepTests	sweep_removes_only_stale_index_temp_files	Passed	26e35a7d-e561-45b2-e63a-168e0050739c	-
20261003-191547-0744	CP-8	Antiphon.Tests.Checkpoints.CheckpointTempRootSweepTests	resumed_deletion_rechecks_every_veto	Passed	8dc38598-d5d5-e2d9-748b-842a800d88e0	-
20261003-191547-0744	CP-8	Antiphon.Tests.Checkpoints.CheckpointTempRootSweepTests	monotonic_deadline_stops_new_operations	Passed	1cf4e9d7-977a-ced5-d4a6-3e231a244371	-
20261003-191547-0744	CP-8	Antiphon.Tests.Checkpoints.CheckpointTempRootSweepTests	marker_survives_partial_deletion	Passed	719eefe6-1e54-ca0c-e01c-130dbcedcda1	-
20261003-191547-0744	CP-8	Antiphon.Tests.Checkpoints.CheckpointTempRootSweepTests	descendant_scan_is_bounded	Passed	a9dc3f7f-ca55-814c-8c93-666f62300ab0	-
20261003-191547-0744	CP-8	Antiphon.Tests.Checkpoints.CheckpointTempRootSweepTests	direct_entry_scan_is_bounded	Passed	6d2eeae4-37c6-d4c3-e357-a6d0c76045a4	-
20261003-191547-0744	CP-8	Antiphon.Tests.Checkpoints.CheckpointTempRootSweepTests	actual_deleted_bytes_are_bounded	Passed	e489a924-2ff1-ae08-df56-88f9d58b4a3b	-
20261003-191547-0744	CP-8	Antiphon.Tests.Checkpoints.CheckpointTempRootSweepTests	root_delete_count_is_bounded	Passed	66841b41-6f12-9525-2c42-c7a8a4e836d7	-
20261003-191547-0744	CP-8	Antiphon.Tests.Checkpoints.CheckpointTempScopeTests	allocation_requires_an_owner	Passed	3630e629-dc28-f137-9cd4-221f845438b0	-
20261003-191547-0744	CP-8	Antiphon.Tests.Checkpoints.CheckpointTempScopeTests	root_is_registered_before_return	Passed	84f0d4ea-50fc-f726-28b9-cecddf21c904	-
20261003-191547-0744	CP-8	Antiphon.Tests.Checkpoints.CheckpointTempScopeTests	sealed_scope_awaits_registered_work	Passed	93d3afc6-4bcf-f677-ad98-2d49a7453c2b	-
20261003-191547-0744	CP-8	Antiphon.Tests.Checkpoints.CheckpointTempScopeTests	live_child_prevents_scope_deletion	Passed	7899e495-4df1-d1a3-0376-a23160aaa1a4	-
20261003-191547-0744	CP-8	Antiphon.Tests.Checkpoints.CheckpointTempScopeTests	canceled_test_gets_a_fresh_cleanup_token	Passed	210ef3d0-c29b-e984-5616-d97c47a45a5e	-
20261003-191547-0744	CP-8	Antiphon.Tests.Checkpoints.CheckpointTempScopeTests	teardown_preserves_failure_and_attempts_other_roots	Passed	dd9952e0-70df-2ccd-cb76-a6d3502e5088	-
20261003-191547-0744	CP-8	Antiphon.Tests.Checkpoints.CheckpointTempScopeTests	parallel_scopes_have_distinct_attempt_ownership	Passed	ceb38214-a2d6-a846-2501-47bd5c4e4cac	-
20261003-191547-0744	CP-8	Antiphon.Tests.Checkpoints.CheckpointTempScopeTests	owned_disposal_does_not_require_dead_test_host	Passed	f119a3e4-13bb-9e7c-7445-19fc5e336756	-
20261003-191547-0744	CP-8	Antiphon.Tests.Checkpoints.CheckpointTempScopeTests	marker_failure_rolls_back_empty_root	Passed	3d70ba8f-7bba-c491-08c4-9c77ea24e7a6	-
20261003-191547-0744	CP-8	Antiphon.Tests.Checkpoints.CheckpointToolCopyCleanupTests	nested_live_executor_vetoes_whole_root	Passed	5f06d0dd-5842-5ee1-e8c3-77f97ada1e8d	-
20261003-191547-0744	CP-8	Antiphon.Tests.Checkpoints.CheckpointToolCopyCleanupTests	completed_wait_removes_only_tool	Passed	dfe300b8-d012-50a1-eaf6-46d61f750d9d	-
20261003-191547-0744	CP-8	Antiphon.Tests.Checkpoints.CheckpointToolCopyCleanupTests	completed_wait_removes_only_tool	Passed	2b7d5a0a-2636-df88-5659-f9ff1bb2c87a	-
20261003-191547-0744	CP-8	Antiphon.Tests.Checkpoints.CheckpointToolCopyCleanupTests	failed_delete_receipt_is_truthful_and_retryable	Passed	be28efd2-3927-0d22-2274-9810d8acfac5	-
20261003-191547-0744	CP-8	Antiphon.Tests.Checkpoints.CheckpointToolCopyCleanupTests	sweep_never_signals_a_process	Passed	21786a3f-23ec-8500-9321-56728de0dd77	-
20261003-191547-0744	CP-8	Antiphon.Tests.Checkpoints.CheckpointToolCopyCleanupTests	automatic_recovery_preserves_all_evidence	Passed	f02886fa-c9b3-149a-c99b-81e861b04015	-
20261003-191547-0744	CP-8	Antiphon.Tests.Checkpoints.CheckpointToolCopyCleanupTests	evidence_write_has_no_raw_delete_bypass	Passed	aaae3fc3-9fa7-310c-2156-da59e802f735	-
20261003-191547-0744	CP-8	Antiphon.Tests.Checkpoints.CheckpointToolCopyCleanupTests	age_clean_cannot_bypass_live_custody	Passed	e6c930d7-398a-1150-7d03-245670dbb796	-
20261003-191547-0744	CP-8	Antiphon.Tests.Checkpoints.CheckpointToolCopyCleanupTests	already_absent_is_idempotent	Passed	b4029b41-364b-371d-1872-b052318f1e4d	-
20261003-191547-0744	CP-8	Antiphon.Tests.Checkpoints.CheckpointToolCopyCleanupTests	unknown_nested_custody_vetoes_whole_root	Passed	f3a4029d-b2d4-82e8-c4a4-698d338fe947	-
20261003-191547-0744	CP-8	Antiphon.Tests.Checkpoints.CheckpointToolCopyCleanupTests	completed_wait_removes_only_tool	Passed	3a73790c-6606-3f1e-d28b-5ce18f3d3192	-
20261003-191547-0744	CP-8	Antiphon.Tests.Checkpoints.CheckpointToolCopyCleanupTests	stop_waits_for_confirmed_exit	Passed	76b1eca3-dc95-993a-4103-3feb9bb7da22	-
20261003-191547-0744	CP-8	Antiphon.Tests.Checkpoints.CheckpointToolCopyCleanupTests	stop_validates_generation_before_signaling	Passed	e7fff69d-92ff-0d0d-e2a4-00339e9a0c65	-
20261003-191547-0744	CP-8	Antiphon.Tests.Checkpoints.CheckpointToolCopyCleanupTests	completed_wait_removes_only_tool	Passed	64ff25e0-2e53-7803-ad07-c6f5df39c12e	-
20261003-191547-0744	CP-8	Antiphon.Tests.Checkpoints.CheckpointToolCopyCleanupTests	next_start_uses_the_shared_veto	Passed	77bddaec-4b6e-c36e-34be-83a65335b6d9	-
20261003-191547-0744	CP-8	Antiphon.Tests.Checkpoints.CheckpointToolCopyCleanupTests	wait_uses_custody_not_progress_pid	Passed	19f55dbf-7554-8a49-e2ae-1cdaaae77f68	-
20261003-191547-0744	CP-8	Antiphon.Tests.Checkpoints.CheckpointToolSourceTests	default_source_is_the_production_tool_directory	Passed	8b1a3995-5fd9-3bf3-fd9c-f9db799a4b41	-
20261003-191547-0744	CP-8	Antiphon.Tests.Checkpoints.CheckpointToolSourceTests	tiny_source_is_really_copied_to_the_launched_image	Passed	adf5afbe-b582-7c2a-2127-d70fa8f7f549	-
20261003-191547-0744	CP-8	Antiphon.Tests.Checkpoints.DetachedLauncherTests	executor_survives_its_starter	Passed	178eb6d2-91ae-7ff0-ba94-0ddc549c1a3b	-
20261003-191547-0744	CP-8	Antiphon.Tests.Checkpoints.EvidenceFolderTests	green_run_leaves_the_executor_image	Passed	91c94edf-f294-3385-7977-7a769a745b28	-
20261003-191547-0744	CP-8	Antiphon.Tests.Checkpoints.EvidenceFolderTests	host_and_git_snapshots_present	Passed	2d9434d3-136a-8b34-d797-7508e4603e24	-
20261003-191547-0744	CP-8	Antiphon.Tests.Checkpoints.EvidenceFolderTests	red_run_writes_failures_with_message_stack_stdout_and_commands	Passed	8a16550e-014f-b30e-ac35-7bc8e38077fe	-
20261003-191547-0744	CP-8	Antiphon.Tests.Checkpoints.EvidenceFolderTests	tool_copy_removal_retries_while_a_file_is_still_held_open	Passed	53976d90-d306-36cc-49f4-ab8fdde87a31	-
20261003-191547-0744	CP-8	Antiphon.Tests.Checkpoints.EvidenceFolderTests	non_image_remove_drops_the_tool_copy	Passed	37096467-9b29-c890-5d22-dea2f4c7a97e	-
20261003-191547-0744	CP-8	Antiphon.Tests.Checkpoints.EvidenceFolderTests	rerun_text_is_reset_for_each_row	Passed	616b372c-4157-51fd-0858-8c3dfbf55b21	-
20261003-191547-0744	CP-8	Antiphon.Tests.Checkpoints.ExitCodeTests	run_exit_is_the_highest_precedence_row_state	Passed	f98fad34-bcbb-7889-fcef-a4e89c725414	-
20261003-191547-0744	CP-8	Antiphon.Tests.Checkpoints.ExitCodeTests	run_exit_is_the_highest_precedence_row_state	Passed	f29cbf55-91cd-26ad-c9b8-be9799a1beb0	-
20261003-191547-0744	CP-8	Antiphon.Tests.Checkpoints.ExitCodeTests	run_exit_is_the_highest_precedence_row_state	Passed	abc87162-0327-bfc8-b17a-c87afff5016f	-
20261003-191547-0744	CP-8	Antiphon.Tests.Checkpoints.ExitCodeTests	run_exit_is_the_highest_precedence_row_state	Passed	d8577a1e-15ef-25e1-dd6d-226f341c3bc2	-
20261003-191547-0744	CP-8	Antiphon.Tests.Checkpoints.ExitCodeTests	run_exit_is_the_highest_precedence_row_state	Passed	0cb361c3-c09c-90e7-ccef-38fe7c64ade9	-
20261003-191547-0744	CP-8	Antiphon.Tests.Checkpoints.ExitCodeTests	run_exit_is_the_highest_precedence_row_state	Passed	b4f7d0cf-7290-125c-53bf-092f5bc8c2fe	-
20261003-191547-0744	CP-8	Antiphon.Tests.Checkpoints.ExitCodeTests	run_exit_is_the_highest_precedence_row_state	Passed	69ac226e-3aaf-d516-4ac2-cd1711b6fb55	-
20261003-191547-0744	CP-8	Antiphon.Tests.Checkpoints.OutputCleanupTests	never_deletes_bin_obj_workspace_or_foreign_bin_star	Passed	f30fef8d-2154-a45a-cb2a-276ddfe5d95c	-
20261003-191547-0744	CP-8	Antiphon.Tests.Checkpoints.OutputCleanupTests	deletes_only_this_runs_bin_names	Passed	c8479d81-cfda-c8b0-f6ee-2239f062c7f4	-
20261003-191547-0744	CP-8	Antiphon.Tests.Checkpoints.OutputCleanupTests	older_than_removes_run_folders	Passed	18c670af-8ef3-7076-5ea6-69bbb99c3fcf	-
20261003-191547-0744	CP-8	Antiphon.Tests.Checkpoints.OutputCleanupTests	red_keeps_unless_clean_on_red	Passed	e20d010c-170a-3f93-f5db-5ea279c3109a	-
20261003-191547-0744	CP-8	Antiphon.Tests.Checkpoints.OutputCleanupTests	evidence_under_antiphon_survives_and_dry_run_says_would_delete	Passed	682d8938-0f3e-b6aa-1bdf-9b5ba6d09b39	-
20261003-191547-0744	CP-8	Antiphon.Tests.Checkpoints.PlanCoverageAssertionTests	requires_label_at_bound_assertion	Passed	266e58ad-e906-d98f-081b-e0b00561732e	-
20261003-191547-0744	CP-8	Antiphon.Tests.Checkpoints.PlanCoverageAssertionTests	requires_canary_in_assertion_not_setup	Passed	14691aca-7e71-e8d8-3bf7-76a0c08c93d5	-
20261003-191547-0744	CP-8	Antiphon.Tests.Checkpoints.PlanCoverageAssertionTests	requires_members_and_collection_predicates	Passed	253f3649-5ceb-8153-e130-ea673b4c45b1	-
20261003-191547-0744	CP-8	Antiphon.Tests.Checkpoints.PlanCoverageAssertionTests	reports_unmapped_prose_and_opaque_helpers	Passed	ccca3592-d21b-14ca-7828-eec45d6d57c6	-
20261003-191547-0744	CP-8	Antiphon.Tests.Checkpoints.PlanCoverageAssertionTests	tracks_literal_helper_arguments_without_executing_source	Passed	6cd0ddb2-c2b6-ca97-de8c-802512f67d6a	-
20261003-191547-0744	CP-8	Antiphon.Tests.Checkpoints.PlanCoverageCommandTests	extra_frozen_method_is_a_checklist_count_finding	Passed	ac53e0fd-a014-e582-bcb5-bedd64cdc79a	-
20261003-191547-0744	CP-8	Antiphon.Tests.Checkpoints.PlanCoverageCommandTests	dropped_frozen_method_is_a_checklist_count_finding	Passed	5ce4d863-9e14-041c-e162-d9b07fcbcddd	-
20261003-191547-0744	CP-8	Antiphon.Tests.Checkpoints.PlanCoverageCommandTests	class_only_frozen_result_count_has_no_findings	Passed	cf64c854-6b58-f487-ebef-07ac46bd5f8c	-
20261003-191547-0744	CP-8	Antiphon.Tests.Checkpoints.PlanCoverageCommandTests	existing_outside_project_is_refused_by_root_boundary	Passed	a3ad60bc-f1da-91db-ac1c-cee84ba5822a	-
20261003-191547-0744	CP-8	Antiphon.Tests.Checkpoints.PlanCoverageCommandTests	outside_project_fifo_is_refused_without_opening	Passed	cb0dd593-6a7d-a815-9a27-c085e9a612e2	-
20261003-191547-0744	CP-8	Antiphon.Tests.Checkpoints.PlanCoverageCommandTests	coverage_never_starts_driver_or_writes_run_state	Passed	5b4f5502-9c84-34cb-ae5a-14e38d0e707a	-
20261003-191547-0744	CP-8	Antiphon.Tests.Checkpoints.PlanCoverageCommandTests	frozen_checklist_preserves_all_72_obligations	Passed	2cdc1aee-bc3d-d788-babd-55e729516aaa	-
20261003-191547-0744	CP-8	Antiphon.Tests.Checkpoints.PlanCoverageCommandTests	invalid_inputs_cannot_produce_clean_summary	Passed	bd71a178-5195-edf3-0b81-181c2bafe4b2	-
20261003-191547-0744	CP-8	Antiphon.Tests.Checkpoints.PlanCoverageCommandTests	renders_stable_text_json_and_exit_codes	Passed	2f06b309-115a-3c57-fe9d-9a17c347a902	-
20261003-191547-0744	CP-8	Antiphon.Tests.Checkpoints.PlanCoverageCommandTests	coverage_command_preserves_existing_import_contract	Passed	4dc69f16-b426-32d6-0323-0c4da7ab5c9a	-
20261003-191547-0744	CP-8	Antiphon.Tests.Checkpoints.PlanCoverageGoldenTests	c866_fixed_checks_clear_same_obligations	Passed	477e3f68-986d-cafb-55ef-4038dfa475d9	-
20261003-191547-0744	CP-8	Antiphon.Tests.Checkpoints.PlanCoverageGoldenTests	c835_eight_pc_risks_are_visible	Passed	9059975c-1eb9-f730-1d7d-8dcc0efe9d3f	-
20261003-191547-0744	CP-8	Antiphon.Tests.Checkpoints.PlanCoverageGoldenTests	c780_class_only_regression_row_keeps_master_findings	Passed	8b4da34e-ab04-9579-20ed-13dc68016ecf	-
20261003-191547-0744	CP-8	Antiphon.Tests.Checkpoints.PlanCoverageGoldenTests	c866_legacy_reports_v1_v4_v5	Passed	fa241b0b-6639-e4e4-b648-d1c85921eeba	-
20261003-191547-0744	CP-8	Antiphon.Tests.Checkpoints.PlanCoverageHandleTests	in_repo_fifo_project_is_refused_within_15_seconds	Passed	a23b87a8-eb0e-85c5-18d6-212366f981e0	-
20261003-191547-0744	CP-8	Antiphon.Tests.Checkpoints.PlanCoverageHandleTests	oversized_selected_file_is_refused	Passed	f3cb9786-b451-9e0f-bc48-815c2bb24d79	-
20261003-191547-0744	CP-8	Antiphon.Tests.Checkpoints.PlanCoverageHandleTests	oversized_selected_file_is_refused	Passed	c409e232-cf11-5ed4-dc8b-e2f91fcebb5f	-
20261003-191547-0744	CP-8	Antiphon.Tests.Checkpoints.PlanCoverageHandleTests	oversized_selected_file_is_refused	Passed	5fc039e5-0d52-6f49-aff3-2686620191ac	-
20261003-191547-0744	CP-8	Antiphon.Tests.Checkpoints.PlanCoverageHandleTests	oversized_selected_file_is_refused	Passed	bd34e2df-c468-6e68-2fa4-d8df28dc1cec	-
20261003-191547-0744	CP-8	Antiphon.Tests.Checkpoints.PlanCoverageHandleTests	hardlinked_selected_file_is_refused	Passed	ab06263a-46da-35e8-163d-564eef3fd3b8	-
20261003-191547-0744	CP-8	Antiphon.Tests.Checkpoints.PlanCoverageHandleTests	hardlinked_selected_file_is_refused	Passed	7bf0a389-c6d2-3170-9ba9-93258feba752	-
20261003-191547-0744	CP-8	Antiphon.Tests.Checkpoints.PlanCoverageHandleTests	hardlinked_selected_file_is_refused	Passed	1ff617d5-d744-2055-e5fe-5dc82964ef62	-
20261003-191547-0744	CP-8	Antiphon.Tests.Checkpoints.PlanCoverageHandleTests	hardlinked_selected_file_is_refused	Passed	afdaae4b-ae3c-3aa1-f059-ad8baa94aef4	-
20261003-191547-0744	CP-8	Antiphon.Tests.Checkpoints.PlanCoverageHandleTests	opened_metadata_decision_table	Passed	2e31ce46-0292-045e-17b8-e8fb7460bffd	-
20261003-191547-0744	CP-8	Antiphon.Tests.Checkpoints.PlanCoverageHandleTests	opened_metadata_decision_table	Passed	67bf6c24-51ef-3a58-6a20-0c1f1fcabb21	-
20261003-191547-0744	CP-8	Antiphon.Tests.Checkpoints.PlanCoverageHandleTests	opened_metadata_decision_table	Passed	8cc284f5-1c92-6e00-0684-23d1b452e7bb	-
20261003-191547-0744	CP-8	Antiphon.Tests.Checkpoints.PlanCoverageHandleTests	opened_metadata_decision_table	Passed	0fe9301e-fae7-994d-2aeb-b8e3986df92e	-
20261003-191547-0744	CP-8	Antiphon.Tests.Checkpoints.PlanCoverageHandleTests	read_uses_the_verified_handle_after_path_replacement	Passed	e607a712-9b43-af7b-bfe6-7d36a7e1ce42	-
20261003-191547-0744	CP-8	Antiphon.Tests.Checkpoints.PlanCoverageHandleTests	cached_plan_bytes_still_obey_the_source_limit	Passed	26bb9334-8420-2d5e-dde9-30fff8757b93	-
20261003-191547-0744	CP-8	Antiphon.Tests.Checkpoints.PlanCoverageHandleTests	opened_metadata_decision_table	Passed	0af973f3-1bf5-7096-9ae3-41a4286dd33c	-
20261003-191547-0744	CP-8	Antiphon.Tests.Checkpoints.PlanCoverageParserTests	resolves_closed_test_scope_and_rejects_ambiguity	Passed	5bbe0317-8ade-2fe1-865e-1503e20fb117	-
20261003-191547-0744	CP-8	Antiphon.Tests.Checkpoints.PlanCoverageParserTests	classifies_tokens_without_promoting_example_values	Passed	d406550a-3857-db64-9e97-fdeede4007fd	-
20261003-191547-0744	CP-8	Antiphon.Tests.Checkpoints.PlanCoverageParserTests	extracts_verification_obligations_with_original_lines	Passed	5b673337-28fe-14e4-38c5-a46c348000ce	-
20261003-191547-0744	CP-8	Antiphon.Tests.Checkpoints.PlanCoverageParserTests	declared_total_still_rejects_zero_bound_methods	Passed	6d4ab78c-4d54-ca1c-270f-a74bc475f9a7	-
20261003-191547-0744	CP-8	Antiphon.Tests.Checkpoints.PlanCoverageParserTests	maps_checklist_without_erasing_legacy_requirements	Passed	081a2358-11f5-d21c-ecbb-9722b7308933	-
20261003-191547-0744	CP-8	Antiphon.Tests.Checkpoints.PlanCoverageParserTests	declared_counts_keep_class_and_requirement_bindings	Passed	6d292dfd-d584-6c0c-0ccd-884cc2842168	-
20261003-191547-0744	CP-8	Antiphon.Tests.Checkpoints.PlanCoverageParserTests	declared_row_counts_reject_missing_and_extra_bound_methods	Passed	1fb43858-f4b1-7fec-15b2-bb3b2cde6b14	-
20261003-191547-0744	CP-8	Antiphon.Tests.Checkpoints.PlanCoverageParserTests	declared_results_expand_arguments_without_inventing_dynamic_counts	Passed	fdeb7532-deec-263f-3546-97d5da767484	-
20261003-191547-0744	CP-8	Antiphon.Tests.Checkpoints.PlanCoveragePcTests	accepts_labeled_sequence_without_claiming_dynamic_proof	Passed	89a416b3-e004-5352-9f38-279b0bc7aa29	-
20261003-191547-0744	CP-8	Antiphon.Tests.Checkpoints.PlanCoveragePcTests	reports_earlier_different_label_as_unproven	Passed	9f63d8b6-5211-fa23-4d6a-e3198cb60f31	-
20261003-191547-0744	CP-8	Antiphon.Tests.Checkpoints.PlanCoveragePcTests	rejects_label_in_other_method	Passed	865a0b78-60db-0c38-676b-5ea0b091a4af	-
20261003-191547-0744	CP-8	Antiphon.Tests.Checkpoints.PlanCoveragePcTests	reports_unlabelled_predecessor_including_throw_async	Passed	f998585a-7d0d-dc66-5965-f81345ccc8cf	-
20261003-191547-0744	CP-8	Antiphon.Tests.Checkpoints.ProcessDriverTests	child_process_is_created_without_a_window	Passed	fc38a5d9-6f59-4732-a3eb-4da3adfa3bbf	-
20261003-191547-0744	CP-8	Antiphon.Tests.Checkpoints.ReportMergerTests	latest_per_cp_wins_and_earlier_attempts_count_as_reruns	Passed	8a00e571-ce18-adb2-aa6b-b9a4aabc6796	-
20261003-191547-0744	CP-8	Antiphon.Tests.Checkpoints.ReportWriterTests	summary_line_and_json_carry_max_concurrent_builds	Passed	612b442e-1dd8-3236-d4a4-24a6751ec743	-
20261003-191547-0744	CP-8	Antiphon.Tests.Checkpoints.ReportWriterTests	block_layout_matches_d10	Passed	37919dd9-3aa5-762c-d387-547b900ad7ad	-
20261003-191547-0744	CP-8	Antiphon.Tests.Checkpoints.ReportWriterTests	unlisted_is_none	Passed	19a2a240-b0e0-6ffa-6c26-fa8019a59d0b	-
20261003-191547-0744	CP-8	Antiphon.Tests.Checkpoints.ReportWriterTests	tool_runs_are_not_reported_as_unlisted_none	Passed	dffcfdb5-ace1-25ba-af1f-fb46c814a449	-
20261003-191547-0744	CP-8	Antiphon.Tests.Checkpoints.ReportWriterTests	empty_outputs_say_none	Passed	ce738b6d-efbb-7eb4-53fd-6c5913bd535a	-
20261003-191547-0744	CP-8	Antiphon.Tests.Checkpoints.ReportWriterTests	json_carries_every_row_field	Passed	15b158a9-11e7-1ad1-7bba-c518f107ef09	-
20261003-191547-0744	CP-8	Antiphon.Tests.Checkpoints.RerunFilterHostTests	parenthesized_class_filter_runs_both_methods_on_a_real_host	Passed	9a95e0e1-abad-7890-c7bb-e158e72374c4	-
20261003-191547-0744	CP-8	Antiphon.Tests.Checkpoints.RerunPolicyTests	rerun_filter_is_method_scoped	Passed	441f4fbf-d1c7-16ac-d3c0-7ca1bb0b279c	-
20261003-191547-0744	CP-8	Antiphon.Tests.Checkpoints.RerunPolicyTests	rerun_lines_and_reruns_suffix	Passed	725427e1-dfc6-908a-f3ff-bacc22195699	-
20261003-191547-0744	CP-8	Antiphon.Tests.Checkpoints.RerunPolicyTests	reruns_only_known_flaky_names_once	Passed	f08af7c5-d35e-5f96-fbfd-844ad9777985	-
20261003-191547-0744	CP-8	Antiphon.Tests.Checkpoints.RerunPolicyTests	unlisted_failure_never_reruns	Passed	953b7ab0-50e9-67d1-359e-3b1985f3a9e5	-
20261003-191547-0744	CP-8	Antiphon.Tests.Checkpoints.RerunPolicyTests	rerun_invokes_once_per_class	Passed	988462f6-d967-b53e-657e-2f76a11419b3	-
20261003-191547-0744	CP-8	Antiphon.Tests.Checkpoints.RerunPolicyTests	row_green_only_when_rerun_passed_and_nothing_else_failed	Passed	0d64ced1-73e1-2d85-ca6d-6f62dd2b741c	-
20261003-191547-0744	CP-8	Antiphon.Tests.Checkpoints.RowRunnerTests	no_build_reports_reused	Passed	7f9f875c-7c30-287f-4dfb-20b1031aed5e	-
20261003-191547-0744	CP-8	Antiphon.Tests.Checkpoints.RowRunnerTests	explicit_use_app_host_wins	Passed	6beac7f4-8e33-9dc1-19ff-c681e9254ce6	-
20261003-191547-0744	CP-8	Antiphon.Tests.Checkpoints.RowRunnerTests	properties_are_forwarded_to_build_and_run	Passed	b83617b1-9ad3-cbc7-3e1d-a65087319379	-
20261003-191547-0744	CP-8	Antiphon.Tests.Checkpoints.RowRunnerTests	malformed_trx_is_exit_2	Passed	33f21460-77f3-ac40-9469-fa395fbace27	-
20261003-191547-0744	CP-8	Antiphon.Tests.Checkpoints.RowRunnerTests	no_trx_is_exit_2	Passed	5d33e79b-cb21-f4b5-b4de-89c90b8fce9f	-
20261003-191547-0744	CP-8	Antiphon.Tests.Checkpoints.RowRunnerTests	build_failed_is_exit_2	Passed	15f93e0e-c74b-7bba-9394-78d2f565992c	-
20261003-191547-0744	CP-8	Antiphon.Tests.Checkpoints.RowRunnerTests	skipped_class_still_meets_the_roster	Passed	54b61262-0497-82ed-d5fe-1ffe61a03a8e	-
20261003-191547-0744	CP-8	Antiphon.Tests.Checkpoints.RowRunnerTests	roster_miss_is_exit_3	Passed	7cb50d93-ebc5-ce70-3492-8c035615331a	-
20261003-191547-0744	CP-8	Antiphon.Tests.Checkpoints.RowRunnerTests	zero_executed_is_exit_3	Passed	b5896698-00fe-e9b0-69d0-3d411348eede	-
20261003-191547-0744	CP-8	Antiphon.Tests.Checkpoints.RowRunnerTests	red_row_is_exit_1	Passed	dfa474a6-cd0e-0f51-2a95-92a676a42694	-
20261003-191547-0744	CP-8	Antiphon.Tests.Checkpoints.RowRunnerTests	linux_defaults_use_app_host_false	Passed	77894363-a147-ff3f-c871-c064b5c925cb	-
20261003-191547-0744	CP-8	Antiphon.Tests.Checkpoints.RowRunnerTests	green_row_is_exit_0	Passed	98150113-75ab-4dbd-b010-9d75d7656005	-
20261003-191547-0744	CP-8	Antiphon.Tests.Checkpoints.RowRunnerTests	windows_leaves_use_app_host_unset	Passed	e2fa94ee-9299-e674-d18a-0390ec999fe5	-
20261003-191547-0744	CP-8	Antiphon.Tests.Checkpoints.RunSchedulerTests	builds_each_output_once	Passed	4c798cba-257a-c4b9-239e-5da5e84fa902	-
20261003-191547-0744	CP-8	Antiphon.Tests.Checkpoints.RunSchedulerTests	unreferenced_builds_end_unused_and_state_records_one_concurrent_build	Passed	8aedc83a-ce74-bb7e-59d6-e330b5f96ca7	-
20261003-191547-0744	CP-8	Antiphon.Tests.Checkpoints.RunSchedulerTests	pty_project_rows_run_alone	Passed	477e294d-b908-ead5-a61d-ff6aff7e7a5c	-
20261003-191547-0744	CP-8	Antiphon.Tests.Checkpoints.RunSchedulerTests	serial_rows_run_alone	Passed	4fe59498-ed0a-42a3-debd-aa62d3f53bc7	-
20261003-191547-0744	CP-8	Antiphon.Tests.Checkpoints.RunSchedulerTests	failed_build_fails_only_its_rows	Passed	7d7dbffe-29dc-2887-030a-3ecc02841fde	-
20261003-191547-0744	CP-8	Antiphon.Tests.Checkpoints.RunSchedulerTests	concurrent_rows_hold_distinct_leases_and_their_lines_say_granted	Passed	15bd90a1-14c2-1120-f9d9-df7c9068f5d5	-
20261003-191547-0744	CP-8	Antiphon.Tests.Checkpoints.RunSchedulerTests	width_two_runs_two_rows_at_once	Passed	bcc2d134-8bb5-33bf-0eab-f47d1ce2249b	-
20261003-191547-0744	CP-8	Antiphon.Tests.Checkpoints.RunSchedulerTests	builds_start_in_the_order_rows_first_need_them	Passed	2462723f-812b-27a1-fcf6-b412c84ad712	-
20261003-191547-0744	CP-8	Antiphon.Tests.Checkpoints.RunSchedulerTests	rows_wait_for_their_build	Passed	4acefbe6-e725-0c57-c6e7-3d921e731211	-
20261003-191547-0744	CP-8	Antiphon.Tests.Checkpoints.RunSchedulerTests	an_exclusive_row_waits_for_the_in_flight_build_of_another_row	Passed	83c92662-efc5-890b-2533-889374bc0970	-
20261003-191547-0744	CP-8	Antiphon.Tests.Checkpoints.RunSchedulerTests	an_exclusive_row_keeps_the_build_lane_idle_until_it_finishes	Passed	b57302f4-6173-03e9-3985-0b947bbe3947	-
20261003-191547-0744	CP-8	Antiphon.Tests.Checkpoints.RunSchedulerTests	serial_runs_one_activity_at_a_time_builds_included	Passed	0d7c46fa-f87b-1087-8aec-de5e0ddb7fb3	-
20261003-191547-0744	CP-8	Antiphon.Tests.Checkpoints.RunSchedulerTests	rows_of_a_finished_build_run_while_the_next_build_is_in_flight	Passed	3dc53a06-7719-0a26-0e92-2a186da9936f	-
20261003-191547-0744	CP-8	Antiphon.Tests.Checkpoints.RunSchedulerTests	builds_never_overlap_even_with_free_slots_and_width_two	Passed	334ca479-da2f-4437-2b1a-dff8b801ab72	-
20261003-191547-0744	CP-8	Antiphon.Tests.Checkpoints.RunStateStoreTests	readers_never_see_a_partial_file	Passed	4b9150fa-4e63-b8c3-cacc-ac08e62bf504	-
20261003-191547-0744	CP-8	Antiphon.Tests.Checkpoints.ShadowCopyTests	copies_the_dll_set_never_the_source_tree	Passed	02036769-e246-26da-b2f7-55503df2aea8	-
20261003-191547-0744	CP-8	Antiphon.Tests.Checkpoints.TimeoutTests	windows_chatty_row_drains_interleaved_stdout_and_stderr	NotExecuted	3dd858cf-4117-0afd-c1ef-454adf5156ce	Skipped: Windows row pipes must drain a large interleaved stdout and stderr.
20261003-191547-0744	CP-8	Antiphon.Tests.Checkpoints.TimeoutTests	windows_row_arguments_round_trip_intact	NotExecuted	25f5d742-f799-41d5-1b46-ce28e2f3a153	Skipped: Windows row arguments are delivered by ProcessStartInfo.ArgumentList.
20261003-191547-0744	CP-8	Antiphon.Tests.Checkpoints.TimeoutTests	row_deadline_is_max_15_or_3x_estimate	Passed	0bad3a60-6c24-5ab1-1b34-79faa0a4b384	-
20261003-191547-0744	CP-8	Antiphon.Tests.Checkpoints.TimeoutTests	total_deadline_kills_running_and_skips_queued	Passed	5f7605bf-a245-c7b1-8bf2-f1531c125b20	-
20261003-191547-0744	CP-8	Antiphon.Tests.Checkpoints.TimeoutTests	row_deadline_marks_timeout_without_global_driver_kill	Passed	b949bb19-111d-b1ea-6c4b-939dcb6b683a	-
20261003-191547-0744	CP-8	Antiphon.Tests.Checkpoints.TimeoutTests	total_deadline_skips_a_queued_build_without_starting_it	Passed	275ff720-15e1-e506-9696-b1cb43096948	-
20261003-191547-0744	CP-8	Antiphon.Tests.Checkpoints.TimeoutTests	windows_row_timeout_kills_the_start_b_grandchild	NotExecuted	303d25e8-18dd-704d-1367-e22f215c0032	Skipped: The descendant sweep kills a start /b grandchild on Windows.
20261003-191547-0744	CP-8	Antiphon.Tests.Checkpoints.TimeoutTests	windows_quick_row_finishes_beside_a_slow_row	NotExecuted	4b4a6c1d-5a38-5b5f-8d40-934163fb1f75	Skipped: Concurrent Windows row processes must not inherit each other's stdout pipes.
20261003-191547-0744	CP-8	Antiphon.Tests.Checkpoints.TrxReportTests	joins_results_to_class_qualified_names	Passed	6b6496d0-8983-149f-fcd0-43c6c1365541	-
20261003-191547-0744	CP-8	Antiphon.Tests.Checkpoints.TrxReportTests	falls_back_when_counters_missing	Passed	14319f01-52a1-22c0-e0be-9901a90cc020	-
20261003-191547-0744	CP-8	Antiphon.Tests.Checkpoints.TrxReportTests	counts_failed_error_timeout_aborted	Passed	82f10869-cc72-2ad8-9d6d-66b1be0b0586	-
20261003-191547-0744	CP-8	Antiphon.Tests.Checkpoints.TrxReportTests	skips_not_executed	Passed	34dadf6d-3c1f-e0e1-3f4c-c8a760c2f73a	-
20261003-191547-0744	CP-8	Antiphon.Tests.Checkpoints.TrxReportTests	reads_message_stack_and_stdout	Passed	11fd494f-7a90-3d34-c805-723d41d5297a	-
20261003-191547-0744	CP-8	Antiphon.Tests.Checkpoints.TrxReportTests	aggregates_seconds_per_class	Passed	dbc3727f-a5cb-fd21-f245-940302553b8a	-
20261003-191547-0744	CP-8	Antiphon.Tests.Checkpoints.TrxReportTests	malformed_trx_is_exit_2	Passed	7f3a045b-d0cd-ed68-3f65-59d1ee8d38ec	-
20261003-191547-0744	CP-8	Antiphon.Tests.Checkpoints.WaitCommandTests	heartbeat_lists_a_queued_build_after_the_building_one	Passed	7a9629ae-ff6d-5248-f9e5-4cd0d988f99d	-
20261003-191547-0744	CP-8	Antiphon.Tests.Checkpoints.WaitCommandTests	prints_a_heartbeat_per_interval	Passed	72ca81c9-d6b1-06c7-a085-445ff567cb88	-
20261003-191547-0744	CP-8	Antiphon.Tests.Checkpoints.WaitCommandTests	empty_progress_does_not_print_a_blank_line	Passed	a7620e8e-b5d0-70c1-b422-4a83d4d8fa99	-
20261003-191547-0744	CP-8	Antiphon.Tests.Checkpoints.WaitCommandTests	running_row_heartbeat_uses_started_at	Passed	606216c5-eccc-9869-1b33-d7c3a7403e60	-
20261003-191547-0744	CP-8	Antiphon.Tests.Checkpoints.WaitCommandTests	returns_6_when_executor_died	Passed	5fdca071-7310-254e-70c9-11cfa91b24ed	-
20261003-191547-0744	CP-8	Antiphon.Tests.Checkpoints.WaitCommandTests	prints_report_and_run_exit_when_done	Passed	a3ed9d76-0b1d-ff6d-55ce-2e6feb96fe00	-
20261003-191547-0744	CP-8	Antiphon.Tests.Checkpoints.WaitCommandTests	wait_leaves_the_tool_copy_while_the_finished_executor_is_still_alive	Passed	370d55eb-1dc6-0a28-f115-1002e0e646a0	-
20261003-191547-0744	CP-8	Antiphon.Tests.Checkpoints.WaitCommandTests	executor_finish_leaves_the_image_and_wait_deletes_it_once_the_pid_is_gone	Passed	e9ffa4c1-3c3d-46c9-d12e-cb8d111eeed2	-
20261003-191547-0744	CP-8	Antiphon.Tests.Checkpoints.WaitCommandTests	returns_75_with_progress_at_max_wait	Passed	a4c4f643-3219-4372-5716-624ab067ecea	-
20261003-191547-0744	CP-8	Antiphon.Tests.Domain.StateMachine.CardStateMachineTests	CanReopenFrom_is_true_for_exactly_the_terminal_statuses	Passed	2959ad3f-939a-7100-d739-d953356fc76a	-
20261003-191547-0744	CP-8	Antiphon.Tests.Domain.StateMachine.CardStateMachineTests	CanReopenFrom_is_true_for_exactly_the_terminal_statuses	Passed	14ccba2f-114c-2a9f-4b85-8a801e00b89c	-
20261003-191547-0744	CP-8	Antiphon.Tests.Domain.StateMachine.CardStateMachineTests	CanReopenFrom_is_true_for_exactly_the_terminal_statuses	Passed	9a4e2d17-dc56-7f78-45ff-89b763c79455	-
20261003-191547-0744	CP-8	Antiphon.Tests.Domain.StateMachine.CardStateMachineTests	CanReopenFrom_is_true_for_exactly_the_terminal_statuses	Passed	3908e2c4-32bf-6278-c49f-5eae88dee1b4	-
20261003-191547-0744	CP-8	Antiphon.Tests.Domain.StateMachine.CardStateMachineTests	CardStateMachine_terminal_states_are_immutable	Passed	639fd549-4658-b8f2-efcd-7711a6a0ec53	-
20261003-191547-0744	CP-8	Antiphon.Tests.Domain.StateMachine.CardStateMachineTests	Every_live_state_reaches_every_other_directly	Passed	cf7e3dec-125e-0250-31bd-ffb122e673cf	-
20261003-191547-0744	CP-8	Antiphon.Tests.Domain.StateMachine.CardStateMachineTests	Every_live_state_reaches_every_other_directly	Passed	5ed63a0d-56a9-fd02-f944-bb70c10b55b9	-
20261003-191547-0744	CP-8	Antiphon.Tests.Domain.StateMachine.CardStateMachineTests	Every_live_state_reaches_every_other_directly	Passed	696b55c9-9bf3-38b8-8a90-085aa138e884	-
20261003-191547-0744	CP-8	Antiphon.Tests.Domain.StateMachine.CardStateMachineTests	Every_live_state_reaches_every_other_directly	Passed	22ebf85b-f611-8ce5-a86c-3fb3b2cb3d2a	-
20261003-191547-0744	CP-8	Antiphon.Tests.Domain.StateMachine.CardStateMachineTests	Card_can_be_closed_straight_from_backlog	Passed	7cf3cdaa-9d3c-93b8-9a30-792b0c9edadf	-
20261003-191547-0744	CP-8	Antiphon.Tests.Domain.StateMachine.CardStateMachineTests	CanReopenFrom_is_true_for_exactly_the_terminal_statuses	Passed	d0aecde5-b601-137a-404e-e09803813a1e	-
20261003-191547-0744	CP-8	Antiphon.Tests.Domain.StateMachine.CardStateMachineTests	CanReopenFrom_is_true_for_exactly_the_terminal_statuses	Passed	be47db43-9a06-b2a9-b581-acc6e77152a9	-
20261003-191547-0744	CP-8	Antiphon.Tests.Domain.StateMachine.RunAttemptStateMachineTests	RunAttemptPhaseMachine_records_phase_durations	Passed	0c6ed061-d7e2-434c-634a-0a4bbc5aec5f	-
20261003-191547-0744	CP-8	Antiphon.Tests.Domain.StateMachine.RunAttemptStateMachineTests	RunAttemptPhaseMachine_illegal_transitions_throw	Passed	b42ffea9-1861-251b-bdb1-822187f4785f	-
20261003-191547-0744	CP-8	Antiphon.Tests.Domain.StateMachine.WorkflowStateMachineTests	CanTransition_InvalidTransitions_ReturnFalse	Passed	31398b99-1642-4375-755e-294560ce7ef6	-
20261003-191547-0744	CP-8	Antiphon.Tests.Domain.StateMachine.WorkflowStateMachineTests	CanTransition_InvalidTransitions_ReturnFalse	Passed	fed184f6-be49-705e-53ff-06332b98f4ad	-
20261003-191547-0744	CP-8	Antiphon.Tests.Domain.StateMachine.WorkflowStateMachineTests	CanTransition_InvalidTransitions_ReturnFalse	Passed	813a408d-2171-960a-c558-ffecbc43c68c	-
20261003-191547-0744	CP-8	Antiphon.Tests.Domain.StateMachine.WorkflowStateMachineTests	CanTransition_InvalidTransitions_ReturnFalse	Passed	d003e9f2-f417-527d-af2c-020d94dac47c	-
20261003-191547-0744	CP-8	Antiphon.Tests.Domain.StateMachine.WorkflowStateMachineTests	CanTransition_InvalidTransitions_ReturnFalse	Passed	72cfe669-6895-3970-c5c1-0c2dc28b12ae	-
20261003-191547-0744	CP-8	Antiphon.Tests.Domain.StateMachine.WorkflowStateMachineTests	CanTransition_InvalidTransitions_ReturnFalse	Passed	9f4754bd-d180-acdc-cc17-c7b121e69db6	-
20261003-191547-0744	CP-8	Antiphon.Tests.Domain.StateMachine.WorkflowStateMachineTests	CanTransition_InvalidTransitions_ReturnFalse	Passed	36a34f8e-fd46-06ca-e164-28e7bb56a6b4	-
20261003-191547-0744	CP-8	Antiphon.Tests.Domain.StateMachine.WorkflowStateMachineTests	CanTransition_InvalidTransitions_ReturnFalse	Passed	f5b36c5c-fdc2-cd55-99c1-132e3fd5ee09	-
20261003-191547-0744	CP-8	Antiphon.Tests.Domain.StateMachine.WorkflowStateMachineTests	CanTransition_InvalidTransitions_ReturnFalse	Passed	022f22f7-1a43-af9e-8ada-1043fcdac33e	-
20261003-191547-0744	CP-8	Antiphon.Tests.Domain.StateMachine.WorkflowStateMachineTests	CanTransition_InvalidTransitions_ReturnFalse	Passed	109d4355-373b-0203-13b0-ca5e13c91f02	-
20261003-191547-0744	CP-8	Antiphon.Tests.Domain.StateMachine.WorkflowStateMachineTests	CanTransition_InvalidTransitions_ReturnFalse	Passed	e1f20998-6813-ddb8-43ba-369cb86b1c56	-
20261003-191547-0744	CP-8	Antiphon.Tests.Domain.StateMachine.WorkflowStateMachineTests	CanTransition_Abandoned_To_Any_ReturnsFalse	Passed	25aa2e42-5c32-e258-d055-f4caa32bfce7	-
20261003-191547-0744	CP-8	Antiphon.Tests.Domain.StateMachine.WorkflowStateMachineTests	CanTransition_Completed_To_Any_ReturnsFalse	Passed	192326a7-a568-a3c1-c18c-f461e9ab0827	-
20261003-191547-0744	CP-8	Antiphon.Tests.Domain.StateMachine.WorkflowStateMachineTests	CanTransition_Failed_To_Running_ReturnsTrue	Passed	80f3ab97-ba12-1d90-5d04-0560da0882a8	-
20261003-191547-0744	CP-8	Antiphon.Tests.Domain.StateMachine.WorkflowStateMachineTests	CanTransition_Paused_To_Abandoned_ReturnsTrue	Passed	3fe63aee-ef66-4267-a35e-a50ceb9b0b99	-
20261003-191547-0744	CP-8	Antiphon.Tests.Domain.StateMachine.WorkflowStateMachineTests	CanTransition_Paused_To_Running_ReturnsTrue	Passed	3f7c01a6-17ab-4570-3bcc-54730e4599e3	-
20261003-191547-0744	CP-8	Antiphon.Tests.Domain.StateMachine.WorkflowStateMachineTests	CanTransition_GateWaiting_To_Abandoned_ReturnsTrue	Passed	ee2ad3b1-a780-5b6c-c627-ca02d0a08a32	-
20261003-191547-0744	CP-8	Antiphon.Tests.Domain.StateMachine.WorkflowStateMachineTests	CanTransition_GateWaiting_To_Paused_ReturnsTrue	Passed	a3c36fad-48b1-fc32-f92c-762afc7f4837	-
20261003-191547-0744	CP-8	Antiphon.Tests.Domain.StateMachine.WorkflowStateMachineTests	CanTransition_GateWaiting_To_Running_ReturnsTrue	Passed	884872c8-f5cf-7ca6-2488-c1f1b8984daf	-
20261003-191547-0744	CP-8	Antiphon.Tests.Domain.StateMachine.WorkflowStateMachineTests	CanTransition_Running_To_Completed_ReturnsTrue	Passed	79fff8cb-b144-1f70-9fdc-cbd3e36f703a	-
20261003-191547-0744	CP-8	Antiphon.Tests.Domain.StateMachine.WorkflowStateMachineTests	CanTransition_Running_To_Failed_ReturnsTrue	Passed	cc04551c-d509-cc43-da35-ca3d2143038d	-
20261003-191547-0744	CP-8	Antiphon.Tests.Domain.StateMachine.WorkflowStateMachineTests	CanTransition_Running_To_Paused_ReturnsTrue	Passed	648386f8-9696-14a0-0a0a-1f5544ea0a4d	-
20261003-191547-0744	CP-8	Antiphon.Tests.Domain.StateMachine.WorkflowStateMachineTests	CanTransition_Running_To_GateWaiting_ReturnsTrue	Passed	7ce2082f-03d1-af81-9cf5-52b988a0194b	-
20261003-191547-0744	CP-8	Antiphon.Tests.Domain.StateMachine.WorkflowStateMachineTests	CanTransition_Created_To_Running_ReturnsTrue	Passed	09195c84-68fc-ac16-17b1-771d5efc5cbf	-
20261003-191547-0744	CP-8	Antiphon.Tests.Domain.StateMachine.WorkflowStateMachineTests	CanTransition_InvalidTransitions_ReturnFalse	Passed	666b4933-60b4-1863-4cba-daaa44338c95	-
20261003-191547-0744	CP-8	Antiphon.Tests.Domain.StateMachine.WorkflowStateMachineTests	CanTransition_InvalidTransitions_ReturnFalse	Passed	7e1a9bdf-38b2-adb9-d4c5-f45ad3c61e80	-
20261003-191547-0744	CP-8	Antiphon.Tests.Domain.StateMachine.WorkflowStateMachineTests	CanTransition_InvalidTransitions_ReturnFalse	Passed	63012e46-b610-c4e4-9d88-18091c2e1c8c	-
20261003-191547-0744	CP-8	Antiphon.Tests.Domain.StateMachine.WorkflowStateMachineTests	CanTransition_InvalidTransitions_ReturnFalse	Passed	bb01101a-6b87-a7d3-38c4-324419d7ded5	-
20261003-191547-0744	CP-8	Antiphon.Tests.Domain.StateMachine.WorkflowStateMachineTests	GetAvailableTransitions_IsConsistentWith_CanTransition	Passed	82c1ea14-419c-befd-cc6c-e5e8d97b45a7	-
20261003-191547-0744	CP-8	Antiphon.Tests.Domain.StateMachine.WorkflowStateMachineTests	GetAvailableTransitions_Abandoned_ReturnsEmpty	Passed	51b4452a-6f4c-de24-8ca3-e42e89f10adf	-
20261003-191547-0744	CP-8	Antiphon.Tests.Domain.StateMachine.WorkflowStateMachineTests	GetAvailableTransitions_Completed_ReturnsEmpty	Passed	8c67f2b8-a269-cca7-54ab-d07fb4b3bf7f	-
20261003-191547-0744	CP-8	Antiphon.Tests.Domain.StateMachine.WorkflowStateMachineTests	CanTransition_InvalidTransitions_ReturnFalse	Passed	719d6f2a-0edb-e020-91e1-a29ca1be0486	-
20261003-191547-0744	CP-8	Antiphon.Tests.Domain.StateMachine.WorkflowStateMachineTests	GetAvailableTransitions_Paused_ReturnsTwoOptions	Passed	b39c9b76-3693-aff6-4cc8-e47e2a40b0b2	-
20261003-191547-0744	CP-8	Antiphon.Tests.Domain.StateMachine.WorkflowStateMachineTests	GetAvailableTransitions_GateWaiting_ReturnsFourOptions	Passed	67df5622-44c4-d562-d0fe-e850a74b0520	-
20261003-191547-0744	CP-8	Antiphon.Tests.Domain.StateMachine.WorkflowStateMachineTests	GetAvailableTransitions_Running_ReturnsFourOptions	Passed	3ce4f340-ec56-66c0-b5e4-1835a9df6898	-
20261003-191547-0744	CP-8	Antiphon.Tests.Domain.StateMachine.WorkflowStateMachineTests	GetAvailableTransitions_Created_ReturnsRunning	Passed	59ce64ca-0958-bab6-ff67-6ec7bc3d780a	-
20261003-191547-0744	CP-8	Antiphon.Tests.Domain.StateMachine.WorkflowStateMachineTests	CanTransition_SelfTransition_ReturnsFalse	Passed	30f2a698-f19f-7eec-f5fc-9646902e3601	-
20261003-191547-0744	CP-8	Antiphon.Tests.Domain.StateMachine.WorkflowStateMachineTests	CanTransition_SelfTransition_ReturnsFalse	Passed	66e09c52-2ddb-4581-17f0-d113fda2ebdf	-
20261003-191547-0744	CP-8	Antiphon.Tests.Domain.StateMachine.WorkflowStateMachineTests	GetAvailableTransitions_Failed_ReturnsRunning	Passed	1dc2125e-f498-1e49-a17f-64fe1c897ef3	-
20261003-191547-0744	CP-8	Antiphon.Tests.Domain.StateMachine.WorkflowStateMachineTests	CanTransition_SelfTransition_ReturnsFalse	Passed	a41e5502-14d4-50db-e3ef-8cca9e9aa55e	-
20261003-191547-0744	CP-8	Antiphon.Tests.Domain.StateMachine.WorkflowStateMachineTests	CanTransition_SelfTransition_ReturnsFalse	Passed	d70136a5-f41d-2d65-1943-9e8bedb057a1	-
20261003-191547-0744	CP-8	Antiphon.Tests.Domain.StateMachine.WorkflowStateMachineTests	CanTransition_SelfTransition_ReturnsFalse	Passed	fd73491d-4cdc-0adc-8cd2-6faaecc55e28	-
20261003-191547-0744	CP-8	Antiphon.Tests.Domain.StateMachine.WorkflowStateMachineTests	CanTransition_SelfTransition_ReturnsFalse	Passed	0c4869d3-0ac5-c056-d23f-492304589dbd	-
20261003-191547-0744	CP-8	Antiphon.Tests.Domain.StateMachine.WorkflowStateMachineTests	CanTransition_InvalidTransitions_ReturnFalse	Passed	af56461b-19b1-318b-c48e-b643dd91acb5	-
20261003-191547-0744	CP-8	Antiphon.Tests.Domain.StateMachine.WorkflowStateMachineTests	CanTransition_InvalidTransitions_ReturnFalse	Passed	6b6f919c-ac53-8802-3cb7-3e367d98ef88	-
20261003-191547-0744	CP-8	Antiphon.Tests.Domain.StateMachine.WorkflowStateMachineTests	CanTransition_SelfTransition_ReturnsFalse	Passed	31e1c291-fab0-57c6-b013-60c181a3cbc2	-
20261003-191547-0744	CP-8	Antiphon.Tests.Domain.StateMachine.WorkflowStateMachineTests	CanTransition_InvalidTransitions_ReturnFalse	Passed	583723e5-50e1-7d6a-e895-89e9243dc116	-
20261003-191547-0744	CP-8	Antiphon.Tests.Infrastructure.AppDbContextModelTests	Current_model_matches_migration_snapshot	Passed	29a809b3-3d24-3654-e5db-85bb3bfe20fc	-
20261003-191547-0744	CP-8	Antiphon.Tests.Infrastructure.AppDbContextModelTests	Model_sql_fragments_have_no_carriage_returns	Passed	f2753dab-6b2b-002a-9eee-2a8fafaf4b18	-
20261003-191547-0744	CP-8	Antiphon.Tests.Infrastructure.AppHostBrokerSourceGuardTests	Tracked_defaults_keep_the_local_redpanda	Passed	d9bab5dd-8591-79b1-4d6f-921fda948731	-
20261003-191547-0744	CP-8	Antiphon.Tests.Infrastructure.AppHostBrokerSourceGuardTests	AppHost_does_not_hardcode_a_broker_hostname_in_WithEnvironment	Passed	106e5502-20ef-29c0-4d57-ba04b5026e69	-
20261003-191547-0744	CP-8	Antiphon.Tests.Infrastructure.CheckpointToolProjectContractTests	csproj_packs_as_tool_named_antiphon_checkpoints	Passed	93abdafa-3b93-7339-354c-580684e9ca16	-
20261003-191547-0744	CP-8	Antiphon.Tests.Infrastructure.CheckpointToolProjectContractTests	tests_project_references_the_tool	Passed	30429a6e-080f-7be2-50bc-f871d1510f36	-
20261003-191547-0744	CP-8	Antiphon.Tests.Infrastructure.CheckpointToolProjectContractTests	solution_lists_the_tool	Passed	1541f0a7-17b9-997e-c526-2b36b4ce0db7	-
20261003-191547-0744	CP-8	Antiphon.Tests.Infrastructure.CheckpointToolProjectContractTests	csproj_has_no_project_references	Passed	09ae3629-9e73-0c51-811b-3aa5e5cad736	-
20261003-191547-0744	CP-8	Antiphon.Tests.Infrastructure.CodexRunnerImageContractTests	State_initializer_seeds_the_mounted_host_home_without_overwrite	Passed	aa0dc1dd-1ebb-d2e3-eb06-c105462596dc	-
20261003-191547-0744	CP-8	Antiphon.Tests.Infrastructure.CodexRunnerImageContractTests	State_initializer_runs_under_each_compose_state_init_shape	Passed	c7901baf-efbf-8f3e-0e50-cf495b8b3e6f	-
20261003-191547-0744	CP-8	Antiphon.Tests.Infrastructure.CodexRunnerImageContractTests	Compose_binds_one_host_directory_as_the_codex_home	Passed	13b98df5-cf43-7a48-1b85-c13876cfbc52	-
20261003-191547-0744	CP-8	Antiphon.Tests.Infrastructure.CodexRunnerImageContractTests	Stack_env_and_docs_name_the_host_codex_home	Passed	0f15e28f-37db-5571-611f-3145952a706b	-
20261003-191547-0744	CP-8	Antiphon.Tests.Infrastructure.CodexRunnerImageContractTests	Pin_integrity_and_install_are_in_runtime_base	Passed	3b76feec-fb4f-8db6-bc6d-802c2192fa82	-
20261003-191547-0744	CP-8	Antiphon.Tests.Infrastructure.CodexRunnerImageContractTests	Net9_packs_are_pinned_verified_before_extraction_and_available_to_session_testing	Passed	64d4a933-f8c7-adb1-cd1c-b9583f3a12fd	-
20261003-191547-0744	CP-8	Antiphon.Tests.Infrastructure.CodexRunnerImageContractTests	State_initializer_seeds_an_existing_host_home_and_leaves_its_contents	Passed	aed0bff2-86c8-a320-8ce9-a1a8a0329042	-
20261003-191547-0744	CP-8	Antiphon.Tests.Infrastructure.CodexRunnerImageContractTests	Verifier_still_strips_colour_and_erase_sequences	Passed	ac9d7d53-62ea-ee46-9ff1-fef195a060d5	-
20261003-191547-0744	CP-8	Antiphon.Tests.Infrastructure.CodexRunnerImageContractTests	Verifier_cursor_move_preserves_the_next_character	Passed	6b4fbee7-49f4-3ca0-1a9f-5acaf0be6309	-
20261003-191547-0744	CP-8	Antiphon.Tests.Infrastructure.CodexRunnerImageContractTests	Document_extractors_use_lf_on_every_platform	Passed	2068047e-0662-e3b2-7f05-0e5b3d915d77	-
20261003-191547-0744	CP-8	Antiphon.Tests.Infrastructure.CodexRunnerImageContractTests	Verifier_finds_the_0160_trust_prompt_in_raw_cursor_positioned_text	Passed	74a59551-b5e4-7aa4-064c-5f3e0de1096b	-
20261003-191547-0744	CP-8	Antiphon.Tests.Infrastructure.CustodyHelperContractTests	Entrypoint_keeps_the_custody_root_root_owned	Passed	4ee7b880-5a64-3cdb-b59c-f4a3251408b8	-
20261003-191547-0744	CP-8	Antiphon.Tests.Infrastructure.CustodyHelperContractTests	Helpers_branch_on_cgroup_version	Passed	36a29385-b0af-a6ac-de45-210ade27b4c7	-
20261003-191547-0744	CP-8	Antiphon.Tests.Infrastructure.CustodyHelperContractTests	Kill_helper_never_kills_outside_tree	Passed	e2dbff41-30d7-2c32-56cf-53a3a9e4ec75	-
20261003-191547-0744	CP-8	Antiphon.Tests.Infrastructure.CustodyHelperContractTests	Kill_helper_validates_execution_path	Passed	ff633739-a617-4769-4ee1-7a27c460f486	-
20261003-191547-0744	CP-8	Antiphon.Tests.Infrastructure.CustodyHelperContractTests	Sudoers_names_only_the_helpers	Passed	98ea45b0-027f-4602-0fca-c13ca93ccbce	-
20261003-191547-0744	CP-8	Antiphon.Tests.Infrastructure.CustodyHelperContractTests	Image_installs_the_helpers_root_owned	Passed	43312b5f-99e1-37ea-c243-58e4628cc3c9	-
20261003-191547-0744	CP-8	Antiphon.Tests.Infrastructure.CustodyHelperContractTests	Shim_clears_groups	Passed	dc4d3c0a-2162-5386-ba09-d3db0a8bf0c5	-
20261003-191547-0744	CP-8	Antiphon.Tests.Infrastructure.CustodyHelperContractTests	Shim_sets_no_new_privs	Passed	2b7c0384-7ff8-5911-fae8-0d764de0308d	-
20261003-191547-0744	CP-8	Antiphon.Tests.Infrastructure.CustodyHelperContractTests	Shim_validates_guid_and_empty_cgroup	Passed	22298453-c9f1-5dd7-662c-1b735a5243d8	-
20261003-191547-0744	CP-8	Antiphon.Tests.Infrastructure.DindRunnerContractTests	Entrypoint_refuses_missing_deploy_key	Passed	959ce2af-1836-476e-fca7-6d3025367f78	-
20261003-191547-0744	CP-8	Antiphon.Tests.Infrastructure.DindRunnerContractTests	Ssh_config_pins_identity_and_known_hosts	Passed	aad6aa1f-0e8e-e14f-6a4c-e4e52a7481db	-
20261003-191547-0744	CP-8	Antiphon.Tests.Infrastructure.DindRunnerContractTests	Nested_daemon_socket_group_is_docker_nested	Passed	3f4995ab-1b1c-3f9a-9ae2-7aeee1232e6b	-
20261003-191547-0744	CP-8	Antiphon.Tests.Infrastructure.DindRunnerContractTests	Nested_daemon_uses_private_address_pools	Passed	c79eea14-f271-02c8-4b67-e3c2e12f760d	-
20261003-191547-0744	CP-8	Antiphon.Tests.Infrastructure.DindRunnerContractTests	Entrypoint_prepares_custody_root_on_both_cgroup_versions	Passed	faba5924-13f4-cada-71c7-c1f49dfc6dbf	-
20261003-191547-0744	CP-8	Antiphon.Tests.Infrastructure.DindRunnerContractTests	Entrypoint_never_prints_the_key	Passed	6b8fc957-83e5-61f3-c091-8077cc0c7523	-
20261003-191547-0744	CP-8	Antiphon.Tests.Infrastructure.DindRunnerContractTests	Entrypoint_checks_iptables_before_dockerd	Passed	f07da21b-8b34-4db6-9044-914ddfc79841	-
20261003-191547-0744	CP-8	Antiphon.Tests.Infrastructure.DindRunnerContractTests	Entrypoint_exits_when_either_process_exits	Passed	f9850523-fd31-93f8-283b-7c46a93ea722	-
20261003-191547-0744	CP-8	Antiphon.Tests.Infrastructure.DindRunnerContractTests	Entrypoint_exports_the_claude_token_from_the_mounted_file	Passed	3584a91b-b3b0-8999-e9b8-4cf7d2cedbd5	-
20261003-191547-0744	CP-8	Antiphon.Tests.Infrastructure.DindRunnerContractTests	Temp_override_keeps_the_base_healthcheck_and_secret_path	Passed	6acbcbeb-1813-e519-81ce-56ee49c02048	-
20261003-191547-0744	CP-8	Antiphon.Tests.Infrastructure.DindRunnerContractTests	Server2_healthcheck_covers_phone_home_secret_readability	Passed	1a76df20-94e0-2534-df72-6afc607e9375	-
20261003-191547-0744	CP-8	Antiphon.Tests.Infrastructure.DindRunnerContractTests	Server2_compose_reads_the_staged_phone_home_secret	Passed	bd608fb1-7961-8c08-7500-6db998ec850b	-
20261003-191547-0744	CP-8	Antiphon.Tests.Infrastructure.DindRunnerContractTests	Gitconfig_pushes_over_ssh_only	Passed	64de1fb9-cd63-3e25-4561-63a5205ca222	-
20261003-191547-0744	CP-8	Antiphon.Tests.Infrastructure.DindRunnerContractTests	Entrypoint_refuses_missing_phone_home_secret	Passed	4f3d9fde-ef84-2c0e-c073-7529baf6139c	-
20261003-191547-0744	CP-8	Antiphon.Tests.Infrastructure.DindRunnerContractTests	Entrypoint_stages_the_phone_home_secret_for_the_app_uid	Passed	a8da48c2-f43d-0b2c-0d1b-a76131e882ce	-
20261003-191547-0744	CP-8	Antiphon.Tests.Infrastructure.DindRunnerContractTests	Entrypoint_proves_the_app_uid_can_read_the_staged_secret	Passed	b3e56e85-5e73-0d78-78e7-e28da7ef1195	-
20261003-191547-0744	CP-8	Antiphon.Tests.Infrastructure.DindRunnerContractTests	Entrypoint_drops_to_app_uid	Passed	a90ad890-8a38-8411-c0a7-ede65995d435	-
20261003-191547-0744	CP-8	Antiphon.Tests.Infrastructure.DindRunnerContractTests	Gitconfig_sets_runner_identity_from_the_mounted_file	Passed	f15b09bd-d3bb-7709-c344-3702f3c67b4a	-
20261003-191547-0744	CP-8	Antiphon.Tests.Infrastructure.DindRunnerContractTests	Ssh_config_uses_port_443	Passed	cc9de690-9b5c-9bea-afa6-768d7faf44b9	-
20261003-191547-0744	CP-8	Antiphon.Tests.Infrastructure.DindRunnerContractTests	Init_state_creates_the_claude_home	Passed	91ddc7d3-83a2-5400-b6b0-3f8e0ed32a70	-
20261003-191547-0744	CP-8	Antiphon.Tests.Infrastructure.DindRunnerContractTests	Seed_script_merges_onboarding_and_trust_and_keeps_credentials	Passed	7d8ee328-c8c4-b4c5-9869-38f179ce91ab	-
20261003-191547-0744	CP-8	Antiphon.Tests.Infrastructure.DindRunnerContractTests	Known_hosts_carry_github_keys	Passed	f839dd58-30b9-ba48-e427-bd4f0356229c	-
20261003-191547-0744	CP-8	Antiphon.Tests.Infrastructure.DindRunnerContractTests	Entrypoint_seeds_claude_onboarding_before_dockerd	Passed	b22e4139-52c5-143c-0d40-ca22902ac8be	-
20261003-191547-0744	CP-8	Antiphon.Tests.Infrastructure.DirectoryBuildRspTests	The_rsp_is_ascii_and_turns_node_reuse_off	Passed	148c7a20-0c14-2850-13e6-8bdfc47a0431	-
20261003-191547-0744	CP-8	Antiphon.Tests.Infrastructure.DirectoryBuildRspTests	The_rsp_carries_no_maxcpucount_because_the_sdk_outranks_it	Passed	06aa1c35-77a5-03d7-4089-49568c2adae9	-
20261003-191547-0744	CP-8	Antiphon.Tests.Infrastructure.DockerDeliveryBarrierTests	Verdict_is_held_before_commit	Passed	3d3da323-979c-93e7-0311-aab4e5094d4b	-
20261003-191547-0744	CP-8	Antiphon.Tests.Infrastructure.DockerDeliveryBarrierTests	Transcript_stub_retry_is_refused	Passed	21e72ea9-734e-2e14-3ee2-4b76207b6841	-
20261003-191547-0744	CP-8	Antiphon.Tests.Infrastructure.DockerDeliveryBarrierTests	Transcript_individual_retry_is_refused	Passed	50b27bce-1b9f-49bc-188c-55bf07a7d93c	-
20261003-191547-0744	CP-8	Antiphon.Tests.Infrastructure.DockerDeliveryBarrierTests	Held_response_cannot_start_headers	Passed	a6467e80-6b13-6957-3f08-1e6603bb64de	-
20261003-191547-0744	CP-8	Antiphon.Tests.Infrastructure.DockerDeliveryBarrierTests	Save_metadata_cannot_cross_contexts	Passed	983e04ac-bec8-9753-42b8-7796de8535cb	-
20261003-191547-0744	CP-8	Antiphon.Tests.Infrastructure.DockerDeliveryBarrierTests	Open_transaction_cannot_reach_cut	Passed	400ddad0-377a-6815-27d1-69c26b77b4bc	-
20261003-191547-0744	CP-8	Antiphon.Tests.Infrastructure.DockerDeliveryBarrierTests	Foreign_arm_is_not_activated	Passed	ab07de4b-33ff-6d43-f500-31d618014d98	-
20261003-191547-0744	CP-8	Antiphon.Tests.Infrastructure.DockerDeliveryBarrierTests	Old_host_release_cannot_unblock	Passed	1fe8eaea-9096-e0f7-0b85-64e2de7413af	-
20261003-191547-0744	CP-8	Antiphon.Tests.Infrastructure.DockerDeliveryBarrierTests	Consumed_arm_cannot_rearm_after_restart	Passed	45173137-8005-b455-8bec-585af6a810b8	-
20261003-191547-0744	CP-8	Antiphon.Tests.Infrastructure.DockerDeliveryBarrierTests	Deadline_is_incomplete_not_release	Passed	fb97c5cd-019f-fbf3-b99c-e6ce8d1639fd	-
20261003-191547-0744	CP-8	Antiphon.Tests.Infrastructure.DockerDeliveryBarrierTests	Transcript_batch_is_refused	Passed	8bae97c8-30d0-e649-4d5b-7fae041ac153	-
20261003-191547-0744	CP-8	Antiphon.Tests.Infrastructure.DockerDeliveryBarrierTests	Held_response_cannot_flush_body	Passed	05010e5d-00df-a5a8-4c60-a301501166fa	-
20261003-191547-0744	CP-8	Antiphon.Tests.Infrastructure.DockerDeliveryBarrierTests	Runner_registration_is_decorated_once	Passed	765f5445-401a-0d2f-0cc9-9cb865ad2dae	-
20261003-191547-0744	CP-8	Antiphon.Tests.Infrastructure.DockerDeliveryBarrierTests	Untargeted_runner_calls_are_forwarded	Passed	d2acfc94-1e03-34ff-ef75-570e238e1b29	-
20261003-191547-0744	CP-8	Antiphon.Tests.Infrastructure.DockerDeliveryBarrierTests	Target_sse_receipt_waits_for_release	Passed	8c730ce4-cf6e-7e5b-8ca6-df914ebcf857	-
20261003-191547-0744	CP-8	Antiphon.Tests.Infrastructure.DockerDeliveryBarrierTests	Unarmed_response_is_unchanged	Passed	bcc4033b-631c-67a3-dd17-21f5c839ad52	-
20261003-191547-0744	CP-8	Antiphon.Tests.Infrastructure.DockerDeliveryBarrierTests	Body_is_forwarded_before_enter_cut	Passed	466c3ea2-0e78-b293-2ef9-25d78eefb52b	-
20261003-191547-0744	CP-8	Antiphon.Tests.Infrastructure.DockerDeliveryBarrierTests	Multiline_bytes_are_unchanged	Passed	4d8660f3-91de-f9a9-1d8d-600ffbb02d0a	-
20261003-191547-0744	CP-8	Antiphon.Tests.Infrastructure.DockerDeliveryBarrierTests	Target_pull_receipt_waits_for_release	Passed	b9f11827-0fcd-ebd3-99e2-16cfaf247394	-
20261003-191547-0744	CP-8	Antiphon.Tests.Infrastructure.DockerDeliveryBarrierTests	Failed_save_never_emits_commit_ready	Passed	a23a4f60-4897-5fc8-9e77-5d89eccf2a55	-
20261003-191547-0744	CP-8	Antiphon.Tests.Infrastructure.DockerDeliveryBarrierTests	Invisible_commit_cannot_reach_cut	Passed	64f18f97-57ad-18d3-1270-8338adadf685	-
20261003-191547-0744	CP-8	Antiphon.Tests.Infrastructure.DockerDeliveryBarrierTests	Cross_attempt_release_cannot_unblock	Passed	7c32730d-9562-857e-598c-27ecd42ca691	-
20261003-191547-0744	CP-8	Antiphon.Tests.Infrastructure.DockerDeliveryBarrierTests	Torn_reached_record_is_refused	Passed	df7015f7-a216-bfa3-db28-0fdee979e8ab	-
20261003-191547-0744	CP-8	Antiphon.Tests.Infrastructure.DockerDeliveryBarrierTests	Save_metadata_is_captured_before_accept	Passed	f3ed6105-3cbf-23ac-b802-d4dc262b4489	-
20261003-191547-0744	CP-8	Antiphon.Tests.Infrastructure.DockerDeliveryObservationTests	Frozen_row_field_change_is_refused	Passed	28f8a726-8872-c444-52cb-7d520fe2fbc5	-
20261003-191547-0744	CP-8	Antiphon.Tests.Infrastructure.DockerDeliveryObservationTests	Oversized_summary_is_refused	Passed	8772025f-513d-f5b8-eadd-1e2f191c5390	-
20261003-191547-0744	CP-8	Antiphon.Tests.Infrastructure.DockerDeliveryObservationTests	Stored_body_must_be_complete	Passed	6b21c8d9-e83d-159c-ffa0-d98ca35aa8b8	-
20261003-191547-0744	CP-8	Antiphon.Tests.Infrastructure.DockerDeliveryObservationTests	Receipt_kind_must_be_user_prompt	Passed	c1b6a4db-c2b5-092f-7bc6-e3268029d894	-
20261003-191547-0744	CP-8	Antiphon.Tests.Infrastructure.DockerDeliveryObservationTests	Observation_transaction_is_read_only_repeatable	Passed	c5992c08-23af-fec1-10bd-7f71f54d8e70	-
20261003-191547-0744	CP-8	Antiphon.Tests.Infrastructure.DockerDeliveryObservationTests	Missing_generation_is_refused	Passed	667fd123-bef9-f03b-f925-3c24d2571581	-
20261003-191547-0744	CP-8	Antiphon.Tests.Infrastructure.DockerDeliveryObservationTests	Generation_uses_postgres_precision	Passed	bdb9e513-3fa0-bd07-231a-a7660341038b	-
20261003-191547-0744	CP-8	Antiphon.Tests.Infrastructure.DockerDeliveryObservationTests	Initial_generation_mismatch_is_refused	Passed	5f3cd26c-c22e-e778-26dd-8952566a71fa	-
20261003-191547-0744	CP-8	Antiphon.Tests.Infrastructure.DockerDeliveryObservationTests	Query_is_bound_to_session	Passed	3973de41-8684-1b63-0f7e-a6de2987cf91	-
20261003-191547-0744	CP-8	Antiphon.Tests.Infrastructure.DockerDeliveryObservationTests	Observer_grants_are_select_only	Passed	4f51f478-bfa0-ef36-e903-027f04e36a31	-
20261003-191547-0744	CP-8	Antiphon.Tests.Infrastructure.DockerDeliveryObservationTests	Observer_arguments_are_closed	Passed	6cb1c147-a526-7bd3-04a3-96a72be69dfd	-
20261003-191547-0744	CP-8	Antiphon.Tests.Infrastructure.DockerDeliveryObservationTests	Foreign_observer_owner_is_refused	Passed	2d6d6233-03ac-492f-bdcd-93c20aff8feb	-
20261003-191547-0744	CP-8	Antiphon.Tests.Infrastructure.DockerDeliveryObservationTests	Generation_change_during_read_is_refused	Passed	1759545c-8002-4ac9-6a57-1129e3bc9505	-
20261003-191547-0744	CP-8	Antiphon.Tests.Infrastructure.DockerDeliveryObservationTests	Query_requires_exact_body	Passed	b01e36ba-1a10-6b55-8ace-8201aa49f1c6	-
20261003-191547-0744	CP-8	Antiphon.Tests.Infrastructure.DockerDeliveryObservationTests	Query_is_status_independent	Passed	d6dc67f5-5c46-4b29-8b28-fd1cd52eaa8f	-
20261003-191547-0744	CP-8	Antiphon.Tests.Infrastructure.DockerDeliveryObservationTests	Non_ui_or_bound_row_is_refused	Passed	175cd0f9-4390-21d6-f74d-c436173c12d7	-
20261003-191547-0744	CP-8	Antiphon.Tests.Infrastructure.DockerDeliveryObservationTests	Duplicate_queue_rows_are_refused	Passed	e1bc44ea-f9ca-33d3-ef40-f7386dc00229	-
20261003-191547-0744	CP-8	Antiphon.Tests.Infrastructure.DockerDeliveryObservationTests	Observed_row_cannot_be_replaced	Passed	888e09e4-f58e-3c21-d465-7ec91eb5ef1c	-
20261003-191547-0744	CP-8	Antiphon.Tests.Infrastructure.DockerDeliveryObservationTests	Pending_without_attempt_keeps_nulls	Passed	a78a1c2d-c0aa-2740-6c38-9e5a407685ba	-
20261003-191547-0744	CP-8	Antiphon.Tests.Infrastructure.DockerDeliveryObservationTests	Attempt_requires_committed_floor	Passed	749a40ea-9ae9-805b-c5af-8775cf07e15d	-
20261003-191547-0744	CP-8	Antiphon.Tests.Infrastructure.DockerDeliveryObservationTests	Retype_appends_attempt_instead_of_overwrite	Passed	8a170a57-a000-0812-69e6-1d1e42b647e3	-
20261003-191547-0744	CP-8	Antiphon.Tests.Infrastructure.DockerDeliveryObservationTests	Native_prompt_must_be_complete	Passed	5fbfbf2e-f8b5-7c23-6c14-fd52e6bdc17c	-
20261003-191547-0744	CP-8	Antiphon.Tests.Infrastructure.DockerDeliveryObservationTests	Expected_body_digest_must_match	Passed	169d84ad-6b8e-b25c-485e-461deab20adb	-
20261003-191547-0744	CP-8	Antiphon.Tests.Infrastructure.DockerDeliveryObservationTests	Query_excludes_preexisting_rows	Passed	64b56c90-8b5b-038c-76eb-80512c12829a	-
20261003-191547-0744	CP-8	Antiphon.Tests.Infrastructure.DockerDeliveryObservationTests	Summary_identity_must_match	Passed	87ef5309-a813-a18b-f198-71f74dce19d5	-
20261003-191547-0744	CP-8	Antiphon.Tests.Infrastructure.DockerDeliveryObservationTests	Stored_receipt_must_join_native_uuid	Passed	778f0393-d2c4-348e-53c7-f34a11cbd31a	-
20261003-191547-0744	CP-8	Antiphon.Tests.Infrastructure.DockerDeliveryObservationTests	Native_only_is_not_delivery_success	Passed	d8c7d807-fced-de94-3c82-789b236d40d8	-
20261003-191547-0744	CP-8	Antiphon.Tests.Infrastructure.DockerDeliveryObservationTests	Duplicate_stored_receipts_are_refused	Passed	554fa874-0bc2-b654-da69-51dba6eb39e6	-
20261003-191547-0744	CP-8	Antiphon.Tests.Infrastructure.DockerDeliveryObservationTests	Duplicate_native_prompts_are_refused	Passed	9de1cf14-cf48-7097-b9f0-1bdc859cd0e2	-
20261003-191547-0744	CP-8	Antiphon.Tests.Infrastructure.DockerDeliveryObservationTests	Native_sequence_cannot_satisfy_server_floor	Passed	ff3e3811-7ad1-1cb8-45c6-3679165070aa	-
20261003-191547-0744	CP-8	Antiphon.Tests.Infrastructure.DockerDeliveryObservationTests	Stored_receipt_must_exceed_attempt_floor	Passed	d32d5bee-e297-e092-ea11-c7db29ef3c84	-
20261003-191547-0744	CP-8	Antiphon.Tests.Infrastructure.DockerStackContractTests	Tests_context_denies_AlternateBin	Passed	81ceb816-f700-32b6-1644-4af9293a1672	-
20261003-191547-0744	CP-8	Antiphon.Tests.Infrastructure.DockerStackContractTests	Tests_context_denies_Obj	Passed	8110e5bd-73af-e6a2-ee85-9d20c156a16c	-
20261003-191547-0744	CP-8	Antiphon.Tests.Infrastructure.DockerStackContractTests	Tests_context_denies_NodeModules	Passed	66ac9ad9-2158-7c36-98ab-3379b90f1bdf	-
20261003-191547-0744	CP-8	Antiphon.Tests.Infrastructure.DockerStackContractTests	Fresh_ZombieCensus__Enabled_is_disabled	Passed	bf3b5370-8180-a258-4d92-fb0800d8a6f9	-
20261003-191547-0744	CP-8	Antiphon.Tests.Infrastructure.DockerStackContractTests	Tests_context_denies_Logs	Passed	13910070-3fe9-9b5e-5fe7-abc7417e08c2	-
20261003-191547-0744	CP-8	Antiphon.Tests.Infrastructure.DockerStackContractTests	Tests_context_denies_Bin	Passed	6c233e80-51bc-31ce-5336-9eb0ff83da7a	-
20261003-191547-0744	CP-8	Antiphon.Tests.Infrastructure.DockerStackContractTests	Tests_context_denies_Pem	Passed	d925b715-e8ec-36d5-3274-2bc70d9a1f1e	-
20261003-191547-0744	CP-8	Antiphon.Tests.Infrastructure.DockerStackContractTests	Fresh_WorktreeResidue__Enabled_is_disabled	Passed	2652b950-59b1-56ba-fa06-5f7929320127	-
20261003-191547-0744	CP-8	Antiphon.Tests.Infrastructure.DockerStackContractTests	Tests_context_denies_Workspace	Passed	e33265e8-997a-c051-ed47-251b9a0ed676	-
20261003-191547-0744	CP-8	Antiphon.Tests.Infrastructure.DockerStackContractTests	Tests_context_denies_Certificate	Passed	35000288-ff7e-72bc-10a5-978af506e5a4	-
20261003-191547-0744	CP-8	Antiphon.Tests.Infrastructure.DockerStackContractTests	Runtime_and_rid_match_linux_amd64	Passed	b3b8079d-f4ef-0ff9-484c-b50e6c292f72	-
20261003-191547-0744	CP-8	Antiphon.Tests.Infrastructure.DockerStackContractTests	Sdk_satisfies_repository_pin	Passed	b807b091-c4cb-65f3-d47b-a76f088f895e	-
20261003-191547-0744	CP-8	Antiphon.Tests.Infrastructure.DockerStackContractTests	Runner_contains_linux_host	Passed	22f2c0d5-cd3a-2ef8-bc19-bd0a2ca62b8a	-
20261003-191547-0744	CP-8	Antiphon.Tests.Infrastructure.DockerStackContractTests	Runner_contains_porta_library	Passed	c850f7fb-eca6-82fc-a8fd-33261774282c	-
20261003-191547-0744	CP-8	Antiphon.Tests.Infrastructure.DockerStackContractTests	Runner_contains_host_runtime_payload	Passed	7b04716a-3c41-c32a-e6d9-c26e4464c759	-
20261003-191547-0744	CP-8	Antiphon.Tests.Infrastructure.DockerStackContractTests	Runner_requires_executable_host	Passed	58a9248e-7a5e-3839-873e-b664d7ef9256	-
20261003-191547-0744	CP-8	Antiphon.Tests.Infrastructure.DockerStackContractTests	Server_publish_has_revision	Passed	1df8212a-ec52-43a5-66e6-c1bb72f560f0	-
20261003-191547-0744	CP-8	Antiphon.Tests.Infrastructure.DockerStackContractTests	Tests_context_denies_Auth	Passed	a72f8fa2-1e0b-e1a5-a54b-09ed6a003466	-
20261003-191547-0744	CP-8	Antiphon.Tests.Infrastructure.DockerStackContractTests	Tests_context_denies_Environment	Passed	54b39813-f6b5-2799-b8a6-399773f861d8	-
20261003-191547-0744	CP-8	Antiphon.Tests.Infrastructure.DockerStackContractTests	Tests_context_denies_AgentState	Passed	bd00755b-a12d-f885-bffa-9f2396240a83	-
20261003-191547-0744	CP-8	Antiphon.Tests.Infrastructure.DockerStackContractTests	Tests_context_denies_ProviderHome	Passed	c9a4b00c-b770-c379-4296-e339c8c5f4b1	-
20261003-191547-0744	CP-8	Antiphon.Tests.Infrastructure.DockerStackContractTests	Fixture_restart_policy_is_disabled	Passed	c35dd58f-d54d-22c9-2e5f-9eafd18b3ac2	-
20261003-191547-0744	CP-8	Antiphon.Tests.Infrastructure.DockerStackContractTests	Receipt_runner_has_no_docker_tools	Passed	03ff1691-32e9-cb95-360d-4e899ce6e25b	-
20261003-191547-0744	CP-8	Antiphon.Tests.Infrastructure.DockerStackContractTests	Runtime_context_denies_ClaudeHome	Passed	f58a4165-4d87-e563-2cd3-d39cf4d423c0	-
20261003-191547-0744	CP-8	Antiphon.Tests.Infrastructure.DockerStackContractTests	Receipt_stack_is_socket_free	Passed	f0a90228-d5cc-d107-4228-594ca32ce4bb	-
20261003-191547-0744	CP-8	Antiphon.Tests.Infrastructure.DockerStackContractTests	Stock_server_excludes_fixture	Passed	a777456a-9290-5d02-d5b3-0f91d50e0908	-
20261003-191547-0744	CP-8	Antiphon.Tests.Infrastructure.DockerStackContractTests	Runner_git_meets_the_declared_minimum	Passed	cf2597a8-b7ec-7091-9c2e-405512486d75	-
20261003-191547-0744	CP-8	Antiphon.Tests.Infrastructure.DockerStackContractTests	Default_runtime_excludes_custody_helpers	Passed	4fa9cc4f-a12e-1a50-8629-842f3800b650	-
20261003-191547-0744	CP-8	Antiphon.Tests.Infrastructure.DockerStackContractTests	Default_runtime_excludes_test_payload	Passed	dcbdfc67-c90c-23c6-3cf3-66dac89145de	-
20261003-191547-0744	CP-8	Antiphon.Tests.Infrastructure.DockerStackContractTests	Http_test_factory_keeps_refusing_client	Passed	f84f31a0-21c1-5ce0-cab2-91f8ba566f4c	-
20261003-191547-0744	CP-8	Antiphon.Tests.Infrastructure.DockerStackContractTests	Test_target_has_supported_tools	Passed	8141c90c-0823-d55f-b58a-605d08088e07	-
20261003-191547-0744	CP-8	Antiphon.Tests.Infrastructure.DockerStackContractTests	Test_context_retains_linked_sources	Passed	8f1f23af-8e58-423a-537b-d5da4debd7e4	-
20261003-191547-0744	CP-8	Antiphon.Tests.Infrastructure.DockerStackContractTests	Server2_deploy_streams_the_claude_token_file	Passed	9d8df816-acb9-35e5-e330-31d3207bc8c6	-
20261003-191547-0744	CP-8	Antiphon.Tests.Infrastructure.DockerStackContractTests	Fresh_Delegation__DiagnoseEnabled_is_disabled	Passed	8ac8d1e3-f97c-c8ab-9ae9-09ad7c70640e	-
20261003-191547-0744	CP-8	Antiphon.Tests.Infrastructure.DockerStackContractTests	Receipt_runner_has_no_socket	Passed	7bb8bd4d-0874-43ae-c823-a78bc7211bf3	-
20261003-191547-0744	CP-8	Antiphon.Tests.Infrastructure.DockerStackContractTests	Receipt_server_has_no_socket	Passed	5595534a-b12e-d8b8-2115-d2f86e736a43	-
20261003-191547-0744	CP-8	Antiphon.Tests.Infrastructure.DockerStackContractTests	Fresh_Schedules__Enabled_is_disabled	Passed	03b21ca5-ba49-944c-a47f-611095c20eb1	-
20261003-191547-0744	CP-8	Antiphon.Tests.Infrastructure.DockerStackContractTests	Compose_never_lists_the_claude_token_under_environment	Passed	eb0ad8b3-371f-b08f-c301-dc24ce3604f2	-
20261003-191547-0744	CP-8	Antiphon.Tests.Infrastructure.DockerStackContractTests	Testing_stage_asserts_claude_after_node_merge	Passed	ebecec44-a0c4-7616-5472-7be4cb50bec3	-
20261003-191547-0744	CP-8	Antiphon.Tests.Infrastructure.DockerStackContractTests	Runner_image_ships_the_off_settings_file_at_the_server_constant	Passed	d9a91880-d66f-fd1b-79aa-6fe2c9a4457a	-
20261003-191547-0744	CP-8	Antiphon.Tests.Infrastructure.DockerStackContractTests	Runner_pins_claude_by_version_and_digest	Passed	94488251-317b-520c-09ff-ffcfb6bdb0ea	-
20261003-191547-0744	CP-8	Antiphon.Tests.Infrastructure.DockerStackContractTests	Tests_context_retains_claude_skill_docs_only	Passed	cde425fb-3e7f-8efa-2e22-b76a0d019da1	-
20261003-191547-0744	CP-8	Antiphon.Tests.Infrastructure.DockerStackContractTests	Tests_context_denies_ClaudeCredentials	Passed	f908541d-b4bc-37bf-5e9b-a00fa89530b7	-
20261003-191547-0744	CP-8	Antiphon.Tests.Infrastructure.DockerStackContractTests	Tests_context_denies_GitPointer	Passed	f5e855c3-c282-1276-6f97-69a0054f1a53	-
20261003-191547-0744	CP-8	Antiphon.Tests.Infrastructure.DockerStackContractTests	Runtime_context_denies_ClaudeCredentials	Passed	dd77f03e-d130-6f89-004b-2e3f26698024	-
20261003-191547-0744	CP-8	Antiphon.Tests.Infrastructure.DockerStackContractTests	Server_project_graph_is_available	Passed	807a8d09-e03c-fcfe-1630-98a7bd13a442	-
20261003-191547-0744	CP-8	Antiphon.Tests.Infrastructure.DockerStackContractTests	Runtime_contains_built_client	Passed	81f65a41-c0a9-c72a-d71d-90606d3b5415	-
20261003-191547-0744	CP-8	Antiphon.Tests.Infrastructure.DockerStackContractTests	Runtime_contains_instruction_bundles	Passed	35ac754d-f8c8-de68-3670-877e9c165bde	-
20261003-191547-0744	CP-8	Antiphon.Tests.Infrastructure.DockerStackContractTests	Fresh_Digest__Enabled_is_disabled	Passed	3bb8445c-6e68-b46f-7cfd-3000cb708886	-
20261003-191547-0744	CP-8	Antiphon.Tests.Infrastructure.DockerStackContractTests	Fresh_ChannelBridge__Enabled_is_disabled	Passed	aa7f5476-590a-6978-d251-dfd2920d0133	-
20261003-191547-0744	CP-8	Antiphon.Tests.Infrastructure.DockerStackContractTests	Server2_compose_projects_claude_config_dir	Passed	7af898c9-9997-d68b-4106-d4217144401a	-
20261003-191547-0744	CP-8	Antiphon.Tests.Infrastructure.DockerStackContractTests	Tests_context_denies_ClaudeHome	Passed	5c584e1a-9517-2e95-d506-04a56fa95e00	-
20261003-191547-0744	CP-8	Antiphon.Tests.Infrastructure.DockerStackContractTests	postgres_port_is_private	Passed	d53e6efa-81c4-9cf8-2661-b6bb3f84d50c	-
20261003-191547-0744	CP-8	Antiphon.Tests.Infrastructure.DockerStackContractTests	Runner_publish_has_revision	Passed	9ee84159-5cf5-8549-1cdf-6a506fd889cf	-
20261003-191547-0744	CP-8	Antiphon.Tests.Infrastructure.DockerStackContractTests	Server2_broker_is_unprivileged_and_pinned_separately	Passed	c0484d74-faf9-9296-1bc6-130f587c2403	-
20261003-191547-0744	CP-8	Antiphon.Tests.Infrastructure.DockerStackContractTests	Stack_env_example_has_no_socket_gid	Passed	6c62acd3-94b1-50e8-1fcd-b9ef999c3fb8	-
20261003-191547-0744	CP-8	Antiphon.Tests.Infrastructure.DockerStackContractTests	Base_compose_keeps_phone_home_disabled	Passed	bf082b22-7960-02d6-23b6-794a8733797b	-
20261003-191547-0744	CP-8	Antiphon.Tests.Infrastructure.DockerStackContractTests	Testing_stage_ships_the_engine	Passed	1788248a-c600-a984-61f7-93086fdfefd1	-
20261003-191547-0744	CP-8	Antiphon.Tests.Infrastructure.DockerStackContractTests	Testing_stage_pins_legacy_iptables	Passed	ad8abc11-fab5-c132-bc4e-3a60311c802e	-
20261003-191547-0744	CP-8	Antiphon.Tests.Infrastructure.DockerStackContractTests	Testing_stage_has_build_toolchain	Passed	bb4a414a-ed7f-fece-2988-4149e52326c1	-
20261003-191547-0744	CP-8	Antiphon.Tests.Infrastructure.DockerStackContractTests	Runtime_context_denies_AlternateBin	Passed	039119b5-dd58-f206-deb2-c0f333273ef0	-
20261003-191547-0744	CP-8	Antiphon.Tests.Infrastructure.DockerStackContractTests	Testing_stage_entrypoint_is_the_dind_script	Passed	6cea6555-e0d7-444f-7bcd-d73a1e6b13b2	-
20261003-191547-0744	CP-8	Antiphon.Tests.Infrastructure.DockerStackContractTests	Testing_stage_creates_docker_nested_group	Passed	5e456ad3-f9bc-f56e-a0e9-243c68f7e23c	-
20261003-191547-0744	CP-8	Antiphon.Tests.Infrastructure.DockerStackContractTests	Testing_services_are_unprivileged	Passed	adcc7d9d-c893-36c6-85ab-1dc2ef2388db	-
20261003-191547-0744	CP-8	Antiphon.Tests.Infrastructure.DockerStackContractTests	Applications_share_nonroot_identity	Passed	27bcfce7-e0b8-7df3-6810-83f505e16fd2	-
20261003-191547-0744	CP-8	Antiphon.Tests.Infrastructure.DockerStackContractTests	State_paths_are_linux_absolute	Passed	60b598fe-f286-766e-3054-dbf56bbf59e1	-
20261003-191547-0744	CP-8	Antiphon.Tests.Infrastructure.DockerStackContractTests	Workspace_mount_paths_match	Passed	30ee85dc-98c6-a09c-0f2a-1254f36bf3ed	-
20261003-191547-0744	CP-8	Antiphon.Tests.Infrastructure.DockerStackContractTests	Reusable_state_has_named_volumes	Passed	7486e58e-b29c-2e74-9a6a-2314171163cd	-
20261003-191547-0744	CP-8	Antiphon.Tests.Infrastructure.DockerStackContractTests	Linux_backend_is_inbox	Passed	86686c60-a3ff-b471-31ba-b6ba961f38be	-
20261003-191547-0744	CP-8	Antiphon.Tests.Infrastructure.DockerStackContractTests	Linux_herdr_is_disabled	Passed	1d98612b-70de-5c43-4221-f8b97a3b7b1b	-
20261003-191547-0744	CP-8	Antiphon.Tests.Infrastructure.DockerStackContractTests	Fresh_stack_is_inactive	Passed	8cccce83-2c44-12c1-797f-92269dd56702	-
20261003-191547-0744	CP-8	Antiphon.Tests.Infrastructure.DockerStackContractTests	Keyring_is_private_external_state	Passed	c6aec053-bf15-6b99-310d-cb88475f19ff	-
20261003-191547-0744	CP-8	Antiphon.Tests.Infrastructure.DockerStackContractTests	Runtime_context_denies_GitPointer	Passed	3b43513d-1920-780d-0ad8-12ac41ee99f2	-
20261003-191547-0744	CP-8	Antiphon.Tests.Infrastructure.DockerStackContractTests	Runtime_context_denies_AgentState	Passed	8408eed1-1f15-dd1b-b909-cff60473a51c	-
20261003-191547-0744	CP-8	Antiphon.Tests.Infrastructure.DockerStackContractTests	Runtime_context_denies_Environment	Passed	b2bd24ed-8e25-d4e4-9174-6d0cb11c4341	-
20261003-191547-0744	CP-8	Antiphon.Tests.Infrastructure.DockerStackContractTests	Runtime_context_denies_Auth	Passed	572a2a42-952d-dcf1-9256-cfe752e0bac0	-
20261003-191547-0744	CP-8	Antiphon.Tests.Infrastructure.DockerStackContractTests	Runtime_context_denies_ProviderHome	Passed	885e5fb4-89a9-f81e-65a4-7672c6dc6b7c	-
20261003-191547-0744	CP-8	Antiphon.Tests.Infrastructure.DockerStackContractTests	Runtime_context_denies_Certificate	Passed	77347aa8-2080-9b66-1f5a-7b67c1f46522	-
20261003-191547-0744	CP-8	Antiphon.Tests.Infrastructure.DockerStackContractTests	Runtime_context_denies_Bin	Passed	b7def379-4977-a805-86b9-861dfb6dc429	-
20261003-191547-0744	CP-8	Antiphon.Tests.Infrastructure.DockerStackContractTests	C849_Temp_inherits_caches_and_keeps_private_state	Passed	d9c26c30-b9cc-3dbe-ef4b-b0b8020c0d2c	-
20261003-191547-0744	CP-8	Antiphon.Tests.Infrastructure.DockerStackContractTests	C849_Cache_volumes_are_external_narrow_and_nocopy	Passed	39b809d3-7ede-1075-da56-9aef287ccf4c	-
20261003-191547-0744	CP-8	Antiphon.Tests.Infrastructure.DockerStackContractTests	Temp_runner_override_keeps_project_state_separate	Passed	07ff7eed-dde4-dbba-045d-06577eff7ca3	-
20261003-191547-0744	CP-8	Antiphon.Tests.Infrastructure.DockerStackContractTests	Server2_file_defines_runner_state_init_and_profiled_broker	Passed	0e3cb233-46aa-3061-2166-4de628446c26	-
20261003-191547-0744	CP-8	Antiphon.Tests.Infrastructure.DockerStackContractTests	Fixture_publish_has_revision	Passed	e9a83203-1eda-3511-7598-65fd06111863	-
20261003-191547-0744	CP-8	Antiphon.Tests.Infrastructure.DockerStackContractTests	Runner_route_is_internal	Passed	fc6e4210-70f3-0731-ae24-3cd4701df6ee	-
20261003-191547-0744	CP-8	Antiphon.Tests.Infrastructure.DockerStackContractTests	Database_route_is_internal	Passed	c0d87034-7d76-4bd0-4f93-d06bda634935	-
20261003-191547-0744	CP-8	Antiphon.Tests.Infrastructure.DockerStackContractTests	antiphon_phone_home_is_disabled	Passed	be1fe88f-ba01-9785-acbe-82c936cef76d	-
20261003-191547-0744	CP-8	Antiphon.Tests.Infrastructure.DockerStackContractTests	session_runner_phone_home_is_disabled	Passed	4fff9ef1-8660-1af9-ae2f-8d4013ab51b5	-
20261003-191547-0744	CP-8	Antiphon.Tests.Infrastructure.DockerStackContractTests	session_runner_port_is_private	Passed	fdbdcb79-32bb-3b10-8850-1a8a5139bc64	-
20261003-191547-0744	CP-8	Antiphon.Tests.Infrastructure.DockerStackContractTests	Default_server_bind_is_loopback	Passed	b00003a1-d78a-10bc-7713-cd43dba603d3	-
20261003-191547-0744	CP-8	Antiphon.Tests.Infrastructure.DockerStackContractTests	postgres_must_be_healthy	Passed	63b30421-c87f-fa47-4bb3-f99719e7a15d	-
20261003-191547-0744	CP-8	Antiphon.Tests.Infrastructure.DockerStackContractTests	session_runner_must_be_healthy	Passed	62bba2eb-88ab-a443-2d12-2c9c711e1183	-
20261003-191547-0744	CP-8	Antiphon.Tests.Infrastructure.DockerStackContractTests	antiphon_health_probe_exists	Passed	cbc154eb-6898-e04d-3476-b45994597f49	-
20261003-191547-0744	CP-8	Antiphon.Tests.Infrastructure.DockerStackContractTests	session_runner_health_probe_exists	Passed	2ad61698-b3c4-fa08-cace-4e1ac07a0a4b	-
20261003-191547-0744	CP-8	Antiphon.Tests.Infrastructure.DockerStackContractTests	antiphon_base_has_no_socket	Passed	3ca69b72-20fb-83db-c6fc-1d816c8c9a22	-
20261003-191547-0744	CP-8	Antiphon.Tests.Infrastructure.DockerStackContractTests	Runtime_context_denies_Pem	Passed	fe4c8e26-08fc-4672-c1c8-ee3dc0c1fb53	-
20261003-191547-0744	CP-8	Antiphon.Tests.Infrastructure.DockerStackContractTests	session_runner_base_has_no_socket	Passed	d772bc74-8f0e-d928-2bb5-5e206152bf1c	-
20261003-191547-0744	CP-8	Antiphon.Tests.Infrastructure.DockerStackContractTests	Only_the_server2_runner_is_privileged	Passed	6a753c14-aacc-1383-5cbc-a4e951d79f30	-
20261003-191547-0744	CP-8	Antiphon.Tests.Infrastructure.DockerStackContractTests	Server2_runner_starts_as_root_and_drops	Passed	931ad912-0f07-72f1-65c9-d4c80e1019fd	-
20261003-191547-0744	CP-8	Antiphon.Tests.Infrastructure.DockerStackContractTests	Deploy_key_secret_is_required	Passed	67364708-d76a-8837-a997-18c263d3fbab	-
20261003-191547-0744	CP-8	Antiphon.Tests.Infrastructure.DockerStackContractTests	Server2_runner_capacity_is_ten	Passed	fcdc7dab-3c9c-cefd-e84d-17659f373024	-
20261003-191547-0744	CP-8	Antiphon.Tests.Infrastructure.DockerStackContractTests	Server2_runner_requires_phone_home_origin_and_secret	Passed	2d056d12-d941-262f-eb65-edaab96c3f63	-
20261003-191547-0744	CP-8	Antiphon.Tests.Infrastructure.DockerStackContractTests	Runtime_context_denies_Logs	Passed	a6555c71-4b05-4a15-f838-7165aaaf1eac	-
20261003-191547-0744	CP-8	Antiphon.Tests.Infrastructure.DockerStackContractTests	Runtime_context_denies_Workspace	Passed	0eaeee68-332d-7bc0-df3d-8ba46ef12c09	-
20261003-191547-0744	CP-8	Antiphon.Tests.Infrastructure.DockerStackContractTests	Runtime_context_denies_NodeModules	Passed	52950546-36ba-39c7-afcf-16567cb42230	-
20261003-191547-0744	CP-8	Antiphon.Tests.Infrastructure.DockerStackContractTests	Server2_runner_has_nested_store_volume	Passed	ed3e2d7f-d634-24d2-41eb-d7436c8f128e	-
20261003-191547-0744	CP-8	Antiphon.Tests.Infrastructure.DockerStackContractTests	Runtime_context_denies_Obj	Passed	8aab0441-75f5-f32b-dda6-127fd7831164	-
20261003-191547-0744	CP-8	Antiphon.Tests.Infrastructure.DockerStackContractTests	Server2_services_name_their_images	Passed	3ed8a9e3-795e-c118-330f-62dd4d94b196	-
20261003-191547-0744	CP-8	Antiphon.Tests.Infrastructure.DockerStackContractTests	Server2_runner_restarts_unless_stopped	Passed	6aba788b-3fa4-05eb-0606-0cf4ec9b5e1e	-
20261003-191547-0744	CP-8	Antiphon.Tests.Infrastructure.DockerStackContractTests	Server2_runner_owns_its_daemon	Passed	7f3c4931-9d3c-5ea6-d31d-2a5ed422a84d	-
20261003-191547-0744	CP-8	Antiphon.Tests.Infrastructure.DockerStackContractTests	Fresh_Hangfire__ServerEnabled_is_disabled	Passed	5e13b0b3-a982-6f31-207f-c5e409c65c23	-
20261003-191547-0744	CP-8	Antiphon.Tests.Infrastructure.DockerStackContractTests	Fresh_Delegation__OutputDistillerEnabled_is_disabled	Passed	fc51a8b7-fecf-811f-b95a-a2b51270fb2d	-
20261003-191547-0744	CP-8	Antiphon.Tests.Infrastructure.DockerStackDocumentationTests	Ops_http_names_runner_status_and_runner_id	Passed	21931d00-fa61-00c0-4ecb-65d8707c8e05	-
20261003-191547-0744	CP-8	Antiphon.Tests.Infrastructure.DockerStackDocumentationTests	Ops_http_names_provider_auth	Passed	172c1a8b-ac10-8ef5-3622-5d54be858c4c	-
20261003-191547-0744	CP-8	Antiphon.Tests.Infrastructure.DockerStackDocumentationTests	Credentials_doc_names_the_claude_login	Passed	965b8f5d-da75-b96c-3794-c150c1b61dea	-
20261003-191547-0744	CP-8	Antiphon.Tests.Infrastructure.DockerStackDocumentationTests	Agent_kinds_doc_names_the_raw_allow_list	Passed	6a9ccb74-12a4-8487-a3d3-9a3e0d5bf3a9	-
20261003-191547-0744	CP-8	Antiphon.Tests.Infrastructure.DockerStackDocumentationTests	Testing_doc_names_the_production_enablement_steps	Passed	b105c60f-74b4-21b3-0266-3bf2a67b58ee	-
20261003-191547-0744	CP-8	Antiphon.Tests.Infrastructure.DockerStackDocumentationTests	Card_0590_D6_is_annotated_superseded	Passed	80b6ccc8-443a-ae7b-e565-a7c78dcec2b7	-
20261003-191547-0744	CP-8	Antiphon.Tests.Infrastructure.DockerStackDocumentationTests	Credentials_doc_names_the_deploy_key_custody	Passed	14e08365-0f21-d347-2a48-781540c8da99	-
20261003-191547-0744	CP-8	Antiphon.Tests.Infrastructure.DockerStackDocumentationTests	Orchestration_loop_names_server2_producer	Passed	ab4efa97-ac43-5562-51d9-79b45f7f5bcb	-
20261003-191547-0744	CP-8	Antiphon.Tests.Infrastructure.DockerStackDocumentationTests	Docs_name_linux_cgroup_backend	Passed	5c52c0c1-4f04-9259-b688-8e5f73461328	-
20261003-191547-0744	CP-8	Antiphon.Tests.Infrastructure.DockerStackDocumentationTests	Docker_stack_doc_names_the_nested_daemon	Passed	86b0506a-7b3b-cbc6-e43b-2114cf5d6ee2	-
20261003-191547-0744	CP-8	Antiphon.Tests.Infrastructure.DockerStackDocumentationTests	Main_volume_recycling_is_scripted_only	Passed	8514d102-2b73-8a76-a07b-4055c2cceba4	-
20261003-191547-0744	CP-8	Antiphon.Tests.Infrastructure.DotnetToolManifestContractTests	Dotnet_ef_major_matches_server_ef_core_design_reference	Passed	b20a7640-da78-8db3-e517-c62ead7308c5	-
20261003-191547-0744	CP-8	Antiphon.Tests.Infrastructure.DotnetToolManifestContractTests	Manifest_is_root_and_pins_dotnet_ef_exactly	Passed	a8768483-fce2-3b74-878e-2e4d6839bb4c	-
20261003-191547-0744	CP-8	Antiphon.Tests.Infrastructure.GrokRunnerImageContractTests	Image_version_row_accepts_only_the_successful_qualified_version	Passed	6ab51064-5db2-1393-a84e-75ff1ccd4cae	-
20261003-191547-0744	CP-8	Antiphon.Tests.Infrastructure.GrokRunnerImageContractTests	Image_version_row_accepts_only_the_successful_qualified_version	Passed	9600cb2d-fcaa-6c70-6c79-6bbd5734bff5	-
20261003-191547-0744	CP-8	Antiphon.Tests.Infrastructure.GrokRunnerImageContractTests	Image_version_row_accepts_only_the_successful_qualified_version	Passed	4c843f55-b81d-4ec2-94d5-d2c636661d6f	-
20261003-191547-0744	CP-8	Antiphon.Tests.Infrastructure.GrokRunnerImageContractTests	Image_version_row_accepts_only_the_successful_qualified_version	Passed	a1e8e612-84ef-faa3-d0c1-d574b14580b9	-
20261003-191547-0744	CP-8	Antiphon.Tests.Infrastructure.GrokRunnerImageContractTests	Image_version_row_accepts_only_the_successful_qualified_version	Passed	98b270ad-55d8-560c-3f2a-1e0e3bf8ae1c	-
20261003-191547-0744	CP-8	Antiphon.Tests.Infrastructure.GrokRunnerImageContractTests	Image_version_row_accepts_only_the_successful_qualified_version	Passed	af92906e-5358-9693-a157-9870248c935c	-
20261003-191547-0744	CP-8	Antiphon.Tests.Infrastructure.GrokRunnerImageContractTests	Image_version_row_accepts_only_the_successful_qualified_version	Passed	8090eb8b-8821-b9ad-056d-223819deb806	-
20261003-191547-0744	CP-8	Antiphon.Tests.Infrastructure.GrokRunnerImageContractTests	Image_version_row_accepts_only_the_successful_qualified_version	Passed	b29d8601-8709-2eda-4b2e-a3e097ca9592	-
20261003-191547-0744	CP-8	Antiphon.Tests.Infrastructure.GrokRunnerImageContractTests	Image_version_row_accepts_only_the_successful_qualified_version	Passed	e843db84-b88e-b36b-1ff7-642c3132e21e	-
20261003-191547-0744	CP-8	Antiphon.Tests.Infrastructure.GrokRunnerImageContractTests	Image_version_row_accepts_only_the_successful_qualified_version	Passed	478b7e03-11cc-3c86-5579-634d2f78cb0c	-
20261003-191547-0744	CP-8	Antiphon.Tests.Infrastructure.GrokRunnerImageContractTests	Image_version_row_accepts_only_the_successful_qualified_version	Passed	87da1611-42c0-ca40-04c7-5579fc8960d4	-
20261003-191547-0744	CP-8	Antiphon.Tests.Infrastructure.GrokRunnerImageContractTests	Image_version_row_accepts_only_the_successful_qualified_version	Passed	02fc2b47-4a56-1566-e601-c7dcbf86f044	-
20261003-191547-0744	CP-8	Antiphon.Tests.Infrastructure.GrokRunnerImageContractTests	Image_version_row_accepts_only_the_successful_qualified_version	Passed	4cae82d1-fa7c-2952-fd88-0911ff844807	-
20261003-191547-0744	CP-8	Antiphon.Tests.Infrastructure.GrokRunnerImageContractTests	Image_version_row_accepts_only_the_successful_qualified_version	Passed	ca1c66d4-b2a6-7731-acdc-78badf0b45e8	-
20261003-191547-0744	CP-8	Antiphon.Tests.Infrastructure.GrokRunnerImageContractTests	Image_version_row_accepts_only_the_successful_qualified_version	Passed	fa1b900a-8df0-6c17-db44-f6fe44ee4efa	-
20261003-191547-0744	CP-8	Antiphon.Tests.Infrastructure.GrokRunnerImageContractTests	Image_version_row_accepts_only_the_successful_qualified_version	Passed	0f730869-4cbd-e62c-c568-69ba15518992	-
20261003-191547-0744	CP-8	Antiphon.Tests.Infrastructure.GrokRunnerImageContractTests	Image_version_row_accepts_only_the_successful_qualified_version	Passed	0c729df7-a4a3-6143-11fd-57c7054be254	-
20261003-191547-0744	CP-8	Antiphon.Tests.Infrastructure.GrokRunnerImageContractTests	Image_version_row_accepts_only_the_successful_qualified_version	Passed	bdad403d-4301-57ef-e7f2-62932875f3ad	-
20261003-191547-0744	CP-8	Antiphon.Tests.Infrastructure.GrokRunnerImageContractTests	Image_version_row_accepts_only_the_successful_qualified_version	Passed	bbbab6ac-1922-92d4-7016-80ac6fc24673	-
20261003-191547-0744	CP-8	Antiphon.Tests.Infrastructure.GrokRunnerImageContractTests	Image_version_row_accepts_only_the_successful_qualified_version	Passed	19d74f3e-0850-7b5f-781c-971b551d0b10	-
20261003-191547-0744	CP-8	Antiphon.Tests.Infrastructure.GrokRunnerImageContractTests	Image_version_row_accepts_only_the_successful_qualified_version	Passed	eeeaca85-2111-aaaa-0704-173f2aef6280	-
20261003-191547-0744	CP-8	Antiphon.Tests.Infrastructure.GrokRunnerImageContractTests	Image_version_row_accepts_only_the_successful_qualified_version	Passed	3361bfc0-2427-9ee6-48e9-ee6af63da592	-
20261003-191547-0744	CP-8	Antiphon.Tests.Infrastructure.GrokRunnerImageContractTests	Image_version_row_accepts_only_the_successful_qualified_version	Passed	006b6337-087f-8b64-cc8c-97f30a95a5f3	-
20261003-191547-0744	CP-8	Antiphon.Tests.Infrastructure.GrokRunnerImageContractTests	Image_version_row_accepts_only_the_successful_qualified_version	Passed	d1493c6c-eaf7-a3c9-ff62-02223128b0e5	-
20261003-191547-0744	CP-8	Antiphon.Tests.Infrastructure.GrokRunnerImageContractTests	Qualified_pin_agrees_with_install_assertion_docs_fixtures_and_verifiers	Passed	2cb84bf0-69c1-1736-08dc-16e71d283393	-
20261003-191547-0744	CP-8	Antiphon.Tests.Infrastructure.GrokRunnerImageContractTests	Image_version_row_accepts_only_the_successful_qualified_version	Passed	84721d31-0ebd-c850-82d0-7638d41c016a	-
20261003-191547-0744	CP-8	Antiphon.Tests.Infrastructure.HostCleanupExecutionTests	Concurrent_parent_removal_is_zero_reclaimed	Passed	0ff4efbc-ee6b-4d9a-c76d-7a953388fc22	-
20261003-191547-0744	CP-8	Antiphon.Tests.Infrastructure.HostCleanupExecutionTests	Eligible_scratch_is_removed_and_measured	Passed	1076b511-4081-55a1-99b0-179d44b38a1a	-
20261003-191547-0744	CP-8	Antiphon.Tests.Infrastructure.HostCleanupExecutionTests	Cursor_is_stable_without_starving_old_roots	Passed	55401df3-cf85-ec85-f71f-a447eeedfb0b	-
20261003-191547-0744	CP-8	Antiphon.Tests.Infrastructure.HostCleanupExecutionTests	Duplicate_request_returns_same_receipt	Passed	b1b5ccd1-d123-5a25-ba47-1486eb114a10	-
20261003-191547-0744	CP-8	Antiphon.Tests.Infrastructure.HostCleanupExecutionTests	Dry_run_has_zero_mutating_calls	Passed	deeca790-6db4-c736-05f6-34844cb18eaf	-
20261003-191547-0744	CP-8	Antiphon.Tests.Infrastructure.HostCleanupExecutionTests	Hardlinks_reserve_conservatively	Passed	0e00a33d-dd04-6d9b-a40a-a5bf7c9161f2	-
20261003-191547-0744	CP-8	Antiphon.Tests.Infrastructure.HostCleanupExecutionTests	Changed_file_identity_refuses_execution	Passed	4d6adc5a-6449-b261-f244-56f01aa8c2b9	-
20261003-191547-0744	CP-8	Antiphon.Tests.Infrastructure.HostCleanupExecutionTests	Revalidation_catches_new_write	Passed	02ca0aa3-fc69-502b-5e05-22548a92c0a1	-
20261003-191547-0744	CP-8	Antiphon.Tests.Infrastructure.HostCleanupExecutionTests	Revalidation_catches_new_deny_or_hold	Passed	b8d1445c-1736-9746-19d4-d49e506bbd60	-
20261003-191547-0744	CP-8	Antiphon.Tests.Infrastructure.HostCleanupExecutionTests	Revalidation_catches_live_owner_or_revoked_release	Passed	63ca6549-9e96-d3b9-1966-1095a41c60c2	-
20261003-191547-0744	CP-8	Antiphon.Tests.Infrastructure.HostCleanupExecutionTests	Active_hold_preserves_owned_scratch	Passed	ecd18fb4-68f8-b7b9-2190-18af05319588	-
20261003-191547-0744	CP-8	Antiphon.Tests.Infrastructure.HostCleanupExecutionTests	Expired_hold_requires_visible_disposition	Passed	d8763d62-f549-3522-feae-bb5b6549a534	-
20261003-191547-0744	CP-8	Antiphon.Tests.Infrastructure.HostCleanupExecutionTests	Unknown_or_overflowed_size_is_kept	Passed	b5cb3cd3-c694-e283-411c-fcb01587099d	-
20261003-191547-0744	CP-8	Antiphon.Tests.Infrastructure.HostCleanupExecutionTests	Byte_cap_is_shared_across_families	Passed	fa497f72-f5ea-9575-6956-0569c4e95c3b	-
20261003-191547-0744	CP-8	Antiphon.Tests.Infrastructure.HostCleanupExecutionTests	Failed_attempt_still_consumes_count_cap	Passed	cd563468-e5db-cd10-292f-d55ac10ec652	-
20261003-191547-0744	CP-8	Antiphon.Tests.Infrastructure.HostCleanupExecutionTests	Plan_persist_failure_prevents_delete	Passed	7ee72754-765e-ae6e-0e78-d3e62378b464	-
20261003-191547-0744	CP-8	Antiphon.Tests.Infrastructure.HostCleanupExecutionTests	Oversized_root_is_not_truncated	Passed	22aaf687-eb6f-3775-bc3c-4ef9448e81d5	-
20261003-191547-0744	CP-8	Antiphon.Tests.Infrastructure.HostCleanupExecutionTests	Explicit_plan_file_is_the_only_preview_write	Passed	c20f1746-0a18-8e0c-c259-84593d19880e	-
20261003-191547-0744	CP-8	Antiphon.Tests.Infrastructure.HostCleanupExecutionTests	Plan_is_durable_before_first_delete	Passed	52bb61c5-13b0-6426-efc2-4895d7d2b1fb	-
20261003-191547-0744	CP-8	Antiphon.Tests.Infrastructure.HostCleanupExecutionTests	Partial_failure_keeps_custody_and_budget	Passed	fbd3a298-387a-3b8a-c00a-65c94e619c20	-
20261003-191547-0744	CP-8	Antiphon.Tests.Infrastructure.HostCleanupOwnershipTests	Evidence_receipt_is_required_for_release	Passed	51f8deb3-783b-6f98-fb45-e67e8b1ad9dc	-
20261003-191547-0744	CP-8	Antiphon.Tests.Infrastructure.HostCleanupOwnershipTests	Released_dead_owner_allows_scratch	Passed	fa7e2ece-e1c8-fc89-a6a9-e982842e757d	-
20261003-191547-0744	CP-8	Antiphon.Tests.Infrastructure.HostCleanupOwnershipTests	Dead_parent_with_live_executor_is_kept	Passed	42443db3-9f94-7196-18a5-e23b0536521b	-
20261003-191547-0744	CP-8	Antiphon.Tests.Infrastructure.HostCleanupOwnershipTests	Owner_generation_change_refuses_claim	Passed	15e489ca-76f1-bec9-61e0-59a821ddc54d	-
20261003-191547-0744	CP-8	Antiphon.Tests.Infrastructure.HostCleanupOwnershipTests	Competing_lifecycle_and_daily_calls_share_claim	Passed	ab32c14e-3faa-fbff-babf-1977368db361	-
20261003-191547-0744	CP-8	Antiphon.Tests.Infrastructure.HostCleanupOwnershipTests	Foreign_host_boot_or_namespace_prevents_delete	Passed	b481cfcd-b65a-3bf7-7d2d-7881595930a7	-
20261003-191547-0744	CP-8	Antiphon.Tests.Infrastructure.HostCleanupOwnershipTests	Slot_binding_blocks_daily_ownership	Passed	beb071bb-32b6-7678-578a-8a9ac33a9397	-
20261003-191547-0744	CP-8	Antiphon.Tests.Infrastructure.HostCleanupOwnershipTests	Unknown_liveness_prevents_delete	Passed	4c682577-f06a-df5d-e3d6-01ea1d2ad3f3	-
20261003-191547-0744	CP-8	Antiphon.Tests.Infrastructure.HostCleanupOwnershipTests	Missing_nested_custody_is_kept	Passed	9279de5b-2762-5752-4ce2-91d94f2eda3c	-
20261003-191547-0744	CP-8	Antiphon.Tests.Infrastructure.HostCleanupOwnershipTests	Unknown_owner_prevents_delete	Passed	01da8f9d-99f6-bfc9-b87c-66ad6b5cee0e	-
20261003-191547-0744	CP-8	Antiphon.Tests.Infrastructure.HostCleanupOwnershipTests	Live_owner_prevents_delete	Passed	84720ed2-993b-435a-f51e-64b10abd8580	-
20261003-191547-0744	CP-8	Antiphon.Tests.Infrastructure.HostCleanupOwnershipTests	Reused_pid_prevents_delete	Passed	f8cb50ed-6303-5e73-7265-26b619ea41ae	-
20261003-191547-0744	CP-8	Antiphon.Tests.Infrastructure.HostCleanupPolicyTests	Runtime_deny_overrides_owned_family	Passed	d1dc3ef6-ea62-1373-185c-27bd3de3cade	-
20261003-191547-0744	CP-8	Antiphon.Tests.Infrastructure.HostCleanupPolicyTests	Traversal_cannot_escape_configured_root	Passed	50e6ae06-2aef-d98a-69de-72a338f18267	-
20261003-191547-0744	CP-8	Antiphon.Tests.Infrastructure.HostCleanupPolicyTests	Unknown_family_is_reported_without_delete	Passed	6b5dc3c8-906c-dc5d-7d8e-0e56e3f9b597	-
20261003-191547-0744	CP-8	Antiphon.Tests.Infrastructure.HostCleanupPolicyTests	Parent_containing_runtime_state_is_kept	Passed	c7577512-c364-17ed-4ccb-8c7f3b1db36b	-
20261003-191547-0744	CP-8	Antiphon.Tests.Infrastructure.HostCleanupPolicyTests	Child_of_protected_root_is_kept	Passed	26049191-8800-b204-ce23-bbb8aa83b72e	-
20261003-191547-0744	CP-8	Antiphon.Tests.Infrastructure.HostCleanupPolicyTests	Traversal_budget_exhaustion_is_unknown	Passed	7946ea50-91ac-bcbb-0a40-3980d1e1b9d7	-
20261003-191547-0744	CP-8	Antiphon.Tests.Infrastructure.HostCleanupPolicyTests	Link_at_any_depth_is_kept	Passed	9b293512-b564-f411-18ba-4a55937c9108	-
20261003-191547-0744	CP-8	Antiphon.Tests.Infrastructure.HostCleanupPolicyTests	Newest_write_includes_hidden_files_and_marker	Passed	0a91b7ce-e6e8-ed26-0712-d255f9c1f384	-
20261003-191547-0744	CP-8	Antiphon.Tests.Infrastructure.HostCleanupPolicyTests	Configuration_cannot_relax_hard_guards	Passed	94087785-9880-7c05-e1e5-4e04c3182c48	-
20261003-191547-0744	CP-8	Antiphon.Tests.Infrastructure.HostCleanupPolicyTests	Private_cache_requires_exact_package_and_scratch_ownership	Passed	ba9b2aa4-05d9-63cb-1468-f544726b701f	-
20261003-191547-0744	CP-8	Antiphon.Tests.Infrastructure.HostCleanupPolicyTests	Retained_evidence_is_never_scratch	Passed	0a15f0a1-8fa3-f321-5dbf-0bdb22d89e54	-
20261003-191547-0744	CP-8	Antiphon.Tests.Infrastructure.HostCleanupPolicyTests	Unreadable_entry_is_not_empty	Passed	31e38379-43a0-e83f-694f-8083e1b7ee69	-
20261003-191547-0744	CP-8	Antiphon.Tests.Infrastructure.HostCleanupPolicyTests	Empty_root_requires_old_valid_marker	Passed	d293d2ae-9c54-7943-80d1-a0ba1035df7e	-
20261003-191547-0744	CP-8	Antiphon.Tests.Infrastructure.HostCleanupPolicyTests	Unregistered_msbuild_testcontainers_and_tmp_are_unknown	Passed	35cff996-05df-cc77-b52c-31eaf322daeb	-
20261003-191547-0744	CP-8	Antiphon.Tests.Infrastructure.HostCleanupPolicyTests	All_registered_owned_families_can_be_eligible	Passed	aec33649-351b-1c33-4476-cc7303983217	-
20261003-191547-0744	CP-8	Antiphon.Tests.Infrastructure.HostCleanupPolicyTests	Future_timestamp_is_kept	Passed	428795fb-f815-4cbc-583d-6d24085b5d8a	-
20261003-191547-0744	CP-8	Antiphon.Tests.Infrastructure.HostCleanupPolicyTests	Foreign_mount_is_kept	Passed	101d3650-24d3-9937-1735-b2220d2eb842	-
20261003-191547-0744	CP-8	Antiphon.Tests.Infrastructure.HostCleanupPolicyTests	New_nested_file_keeps_old_directory	Passed	e39681a5-f25b-3f37-211a-b0fb429d9e0e	-
20261003-191547-0744	CP-8	Antiphon.Tests.Infrastructure.HostCleanupPolicyTests	Exactly_twenty_four_hours_is_kept	Passed	887131c7-14a4-8795-f261-8425015b91bc	-
20261003-191547-0744	CP-8	Antiphon.Tests.Infrastructure.HostCleanupPolicyTests	Per_host_roots_are_explicit_and_nonoverlapping	Passed	1b077206-3b60-9927-eb5e-ae07f777c6fc	-
20261003-191547-0744	CP-8	Antiphon.Tests.Infrastructure.HostCleanupPolicyTests	Daily_plan_uses_injected_observations_only	Passed	c379e411-1cfe-208b-ccc9-871992e850e6	-
20261003-191547-0744	CP-8	Antiphon.Tests.Infrastructure.HostCleanupPolicyTests	Older_owned_root_is_eligible	Passed	d8bdc22e-a21d-853f-1f4c-1a66135ace84	-
20261003-191547-0744	CP-8	Antiphon.Tests.Infrastructure.JqRunnerImageContractTests	Qualification_grades_the_jq_row_for_both_targets	Passed	f495582c-2838-ad61-d42d-0f10bf0064b3	-
20261003-191547-0744	CP-8	Antiphon.Tests.Infrastructure.JqRunnerImageContractTests	Version_row_accepts_only_exact_successful_pin_without_stderr	Passed	b935b6c8-d0d8-45cf-aa26-502e8a5a1270	-
20261003-191547-0744	CP-8	Antiphon.Tests.Infrastructure.JqRunnerImageContractTests	Version_row_accepts_only_exact_successful_pin_without_stderr	Passed	6cb78983-0af3-dfad-bba2-4f6420b926f0	-
20261003-191547-0744	CP-8	Antiphon.Tests.Infrastructure.JqRunnerImageContractTests	Version_row_accepts_only_exact_successful_pin_without_stderr	Passed	a0661fb1-10d2-b4ba-50b9-d910e81c94a9	-
20261003-191547-0744	CP-8	Antiphon.Tests.Infrastructure.JqRunnerImageContractTests	Version_row_accepts_only_exact_successful_pin_without_stderr	Passed	94f38615-87e9-8aea-a812-23223a37ea72	-
20261003-191547-0744	CP-8	Antiphon.Tests.Infrastructure.JqRunnerImageContractTests	Version_row_accepts_only_exact_successful_pin_without_stderr	Passed	3821c6ea-e2fe-15dc-92f6-0bca84941b93	-
20261003-191547-0744	CP-8	Antiphon.Tests.Infrastructure.JqRunnerImageContractTests	Version_row_accepts_only_exact_successful_pin_without_stderr	Passed	90636ac6-0dbf-54cd-3859-0a57e01a9635	-
20261003-191547-0744	CP-8	Antiphon.Tests.Infrastructure.JqRunnerImageContractTests	Version_row_accepts_only_exact_successful_pin_without_stderr	Passed	b2c33770-a5bd-6965-31e4-68ddeb09921d	-
20261003-191547-0744	CP-8	Antiphon.Tests.Infrastructure.JqRunnerImageContractTests	Version_row_accepts_only_exact_successful_pin_without_stderr	Passed	25bff324-9dd6-a435-67b0-e02cf88ad329	-
20261003-191547-0744	CP-8	Antiphon.Tests.Infrastructure.JqRunnerImageContractTests	Version_row_accepts_only_exact_successful_pin_without_stderr	Passed	8ff0d3f7-d921-c999-e7bd-eaf6de89b0f6	-
20261003-191547-0744	CP-8	Antiphon.Tests.Infrastructure.JqRunnerImageContractTests	Version_row_accepts_only_exact_successful_pin_without_stderr	Passed	05bc612e-35fa-ec04-b0f7-4e684dab49c0	-
20261003-191547-0744	CP-8	Antiphon.Tests.Infrastructure.JqRunnerImageContractTests	Pinned_download_is_verified_before_root_owned_install_in_every_runner_target	Passed	7c0d860e-1a97-eac1-c8a7-8ccc4ad9a998	-
20261003-191547-0744	CP-8	Antiphon.Tests.Infrastructure.JqRunnerImageContractTests	Version_row_accepts_only_exact_successful_pin_without_stderr	Passed	c4dc700f-a07e-9788-c112-a6e04f4ef487	-
20261003-191547-0744	CP-8	Antiphon.Tests.Infrastructure.JqRunnerImageContractTests	Version_row_accepts_only_exact_successful_pin_without_stderr	Passed	a8b7b90c-5cea-54b1-440b-0ac892c28411	-
20261003-191547-0744	CP-8	Antiphon.Tests.Infrastructure.LandingGitProfileTests	C642_OwnMutationClassifierFindsTheSubcommand	Passed	719f3048-d891-4534-48ac-6bb1e95ce540	-
20261003-191547-0744	CP-8	Antiphon.Tests.Infrastructure.LandingGitProfileTests	C642_OwnMutationClassifierFindsTheSubcommand	Passed	2e3db6ab-b605-ca7d-60c5-9e20656d0dee	-
20261003-191547-0744	CP-8	Antiphon.Tests.Infrastructure.LandingGitProfileTests	C642_OwnMutationClassifierFindsTheSubcommand	Passed	0a16b942-25fa-c402-af73-54439cb52859	-
20261003-191547-0744	CP-8	Antiphon.Tests.Infrastructure.LandingGitProfileTests	C642_RemoteCommandsCountAsRoundTrips	Passed	63a0283b-9e56-0abf-fe2f-5ddf11dca0dc	-
20261003-191547-0744	CP-8	Antiphon.Tests.Infrastructure.LandingGitProfileTests	C642_RemoteCommandsCountAsRoundTrips	Passed	4475b08d-10f7-777c-093e-abe738814e86	-
20261003-191547-0744	CP-8	Antiphon.Tests.Infrastructure.LandingGitProfileTests	C642_WorktreeListCountsAsListAndProcess	Passed	434da9ea-261f-4909-023d-1453cbeb22f4	-
20261003-191547-0744	CP-8	Antiphon.Tests.Infrastructure.LandingGitProfileTests	C642_RemoteCommandsCountAsRoundTrips	Passed	925e5041-7722-3cf9-e802-12ef160ad997	-
20261003-191547-0744	CP-8	Antiphon.Tests.Infrastructure.LandingGitProfileTests	C642_DescribeRendersEveryCounter	Passed	e9ef7581-dc4c-5a8a-2292-602b0bc5c76d	-
20261003-191547-0744	CP-8	Antiphon.Tests.Infrastructure.LandingGitProfileTests	C642_CountersAreSafeUnderConcurrency	Passed	9d187838-fc83-8e3b-1769-640f257d76dc	-
20261003-191547-0744	CP-8	Antiphon.Tests.Infrastructure.LandingGitProfileTests	C642_RemoteCommandsCountAsRoundTrips	Passed	5650bced-0ef6-39a3-e161-342a6993bb52	-
20261003-191547-0744	CP-8	Antiphon.Tests.Infrastructure.LandingGitProfileTests	C642_GlobalOptionsDoNotHideTheSubcommand	Passed	4380e020-8549-a79f-d653-0f3e55112ab0	-
20261003-191547-0744	CP-8	Antiphon.Tests.Infrastructure.LandingGitProfileTests	C642_OwnMutationClassifierFindsTheSubcommand	Passed	4b8e32aa-6870-a494-1c44-439ac74aa191	-
20261003-191547-0744	CP-8	Antiphon.Tests.Infrastructure.LandingGitProfileTests	C642_RemoteCommandsCountAsRoundTrips	Passed	1ba2da6c-9bd5-9689-83a5-96e33f744983	-
20261003-191547-0744	CP-8	Antiphon.Tests.Infrastructure.LandingGitProfileTests	C642_OwnMutationClassifierFindsTheSubcommand	Passed	d7f8ec61-edcf-0542-0fb9-c8f13d980721	-
20261003-191547-0744	CP-8	Antiphon.Tests.Infrastructure.LandingGitProfileTests	C642_OwnMutationClassifierFindsTheSubcommand	Passed	28c55943-6d8f-97b8-8435-9579c8591763	-
20261003-191547-0744	CP-8	Antiphon.Tests.Infrastructure.LandingGitProfileTests	C642_OwnMutationClassifierFindsTheSubcommand	Passed	e0ccd040-f420-51a2-467b-62151f99e30b	-
20261003-191547-0744	CP-8	Antiphon.Tests.Infrastructure.LandingGitProfileTests	C642_OwnMutationClassifierFindsTheSubcommand	Passed	4a6e1cea-f896-c033-0627-b676ec0dde3a	-
20261003-191547-0744	CP-8	Antiphon.Tests.Infrastructure.LandingGitProfileTests	C642_OwnMutationClassifierFindsTheSubcommand	Passed	ff78cde1-a878-dd4a-70ea-72e1c4eaffaa	-
20261003-191547-0744	CP-8	Antiphon.Tests.Infrastructure.LandingGitProfileTests	C642_OwnMutationClassifierFindsTheSubcommand	Passed	6253ea49-a5d2-27ba-2988-58040cbccd9e	-
20261003-191547-0744	CP-8	Antiphon.Tests.Infrastructure.LandingGitProfileTests	C642_OwnMutationClassifierFindsTheSubcommand	Passed	d4e06cc2-c7bf-b8b1-7413-cf8b8f49a7c1	-
20261003-191547-0744	CP-8	Antiphon.Tests.Infrastructure.LandingGitProfileTests	C642_OwnMutationClassifierFindsTheSubcommand	Passed	160d59d4-0fd9-7ac5-1118-61faa9d50800	-
20261003-191547-0744	CP-8	Antiphon.Tests.Infrastructure.LandingGitProfileTests	C642_OwnMutationClassifierFindsTheSubcommand	Passed	0a1c1447-9d2c-d89b-5001-ac3951aa37c2	-
20261003-191547-0744	CP-8	Antiphon.Tests.Infrastructure.LandingGitProfileTests	C642_OwnMutationClassifierFindsTheSubcommand	Passed	57d7ed41-2a70-d332-3b74-5d410f84821f	-
20261003-191547-0744	CP-8	Antiphon.Tests.Infrastructure.LandingIdentityControlTests	C448_V04_EachStatusClassRefuses	Passed	c63d383d-5fe6-d9a6-78f0-5ef0d0555521	-
20261003-191547-0744	CP-8	Antiphon.Tests.Infrastructure.LandingIdentityControlTests	C448_V04_EachSequencerStateRefuses	Passed	07c7abb7-c675-73b0-b919-52ef37bc73b4	-
20261003-191547-0744	CP-8	Antiphon.Tests.Infrastructure.LandingIdentityControlTests	C448_V04_EachSequencerStateRefuses	Passed	9a500665-ddfe-8e43-51ac-6718ba6cc844	-
20261003-191547-0744	CP-8	Antiphon.Tests.Infrastructure.LandingIdentityControlTests	C448_V04_EachSequencerStateRefuses	Passed	82beb29c-0d0e-974e-1e28-6da0de4a9d25	-
20261003-191547-0744	CP-8	Antiphon.Tests.Infrastructure.LandingIdentityControlTests	C448_V04_EachSequencerStateRefuses	Passed	9c56371b-ab6d-7a11-3f17-424d9bec68c4	-
20261003-191547-0744	CP-8	Antiphon.Tests.Infrastructure.LandingIdentityControlTests	C448_V04_EachStatusClassRefuses	Passed	aa687483-6f8b-c918-0ce3-fcdf496e36e2	-
20261003-191547-0744	CP-8	Antiphon.Tests.Infrastructure.LandingIdentityControlTests	C448_V04_EachStatusClassRefuses	Passed	b58b5fd8-1526-858d-e4ba-098fb3915fb3	-
20261003-191547-0744	CP-8	Antiphon.Tests.Infrastructure.LandingIdentityControlTests	C448_V04_EachSequencerStateRefuses	Passed	d08723d3-fef4-9816-8269-22388a310b9e	-
20261003-191547-0744	CP-8	Antiphon.Tests.Infrastructure.LandingIdentityControlTests	C448_V04_EachStatusClassRefuses	Passed	55faa049-093a-c576-d5ca-13f9fe391300	-
20261003-191547-0744	CP-8	Antiphon.Tests.Infrastructure.LandingIdentityControlTests	C448_V03_IndependentIdentityDecisionsRefuse	Passed	ea611323-6fdf-8b58-86c6-bd1a993cc956	-
20261003-191547-0744	CP-8	Antiphon.Tests.Infrastructure.LandingIdentityControlTests	C448_V03_IndependentIdentityDecisionsRefuse	Passed	1c9b08d9-1fbd-3174-071e-90711f312e48	-
20261003-191547-0744	CP-8	Antiphon.Tests.Infrastructure.LandingIdentityControlTests	C448_V03_IndependentIdentityDecisionsRefuse	Passed	a503f486-2960-1df3-8b0c-d31c73ae08a5	-
20261003-191547-0744	CP-8	Antiphon.Tests.Infrastructure.LandingIdentityControlTests	C448_V03_IndependentIdentityDecisionsRefuse	Passed	80ea97d6-86b2-54c1-085f-6da25bede17c	-
20261003-191547-0744	CP-8	Antiphon.Tests.Infrastructure.LandingIdentityControlTests	C448_V03_IndependentIdentityDecisionsRefuse	Passed	1bef209a-5fa1-42dc-bc15-306f302d4671	-
20261003-191547-0744	CP-8	Antiphon.Tests.Infrastructure.LandingIdentityControlTests	C448_V03_IndependentIdentityDecisionsRefuse	Passed	9d1de955-a42f-4dee-0549-190d51d09128	-
20261003-191547-0744	CP-8	Antiphon.Tests.Infrastructure.LandingIdentityControlTests	C448_V03_IndependentIdentityDecisionsRefuse	Passed	18aecccb-bbbd-44e2-7329-cbd5cccee15a	-
20261003-191547-0744	CP-8	Antiphon.Tests.Infrastructure.LandingIdentityControlTests	C448_V03_IndependentIdentityDecisionsRefuse	Passed	56c7a80d-e442-a9f4-d357-49cb7d672e4f	-
20261003-191547-0744	CP-8	Antiphon.Tests.Infrastructure.LandingIdentityControlTests	C448_V03_IndependentIdentityDecisionsRefuse	Passed	5e9585a0-23a0-40b5-8318-d4e9ca4c3a67	-
20261003-191547-0744	CP-8	Antiphon.Tests.Infrastructure.LandingIdentityControlTests	C448_V03_IndependentIdentityDecisionsRefuse	Passed	0d99379d-65eb-a96b-f3e1-fa8883eeadce	-
20261003-191547-0744	CP-8	Antiphon.Tests.Infrastructure.LandingIdentityControlTests	C448_V03_IndependentIdentityDecisionsRefuse	Passed	c32dc7c6-7845-4e68-8857-004956b8d0fd	-
20261003-191547-0744	CP-8	Antiphon.Tests.Infrastructure.LandingIdentityControlTests	C448_V03_IndependentIdentityDecisionsRefuse	Passed	324e7fa4-c710-e2bb-55a9-ead54cf0580b	-
20261003-191547-0744	CP-8	Antiphon.Tests.Infrastructure.LandingIdentityControlTests	C448_V03_IndependentIdentityDecisionsRefuse	Passed	bffdada7-8daf-1c09-59fd-5c03221b2ea9	-
20261003-191547-0744	CP-8	Antiphon.Tests.Infrastructure.LandingIdentityControlTests	C448_V03_IndependentIdentityDecisionsRefuse	Passed	d9a36176-353a-49ba-ebc5-d0d0bf676415	-
20261003-191547-0744	CP-8	Antiphon.Tests.Infrastructure.LandingIdentityControlTests	C448_V04_EachStatusClassRefuses	Passed	6793cee5-ff3e-bb87-1e4e-ab13a007b164	-
20261003-191547-0744	CP-8	Antiphon.Tests.Infrastructure.LandingIdentityControlTests	C448_V03_IndependentIdentityDecisionsRefuse	Passed	2ea95e5c-3eec-4efb-7202-753db8aa1865	-
20261003-191547-0744	CP-8	Antiphon.Tests.Infrastructure.LandingIdentityControlTests	C448_V04_EachSequencerStateRefuses	Passed	5fbaf5be-c530-8c53-e72c-80715b7ef7b8	-
20261003-191547-0744	CP-8	Antiphon.Tests.Infrastructure.LandingRemovalPolicyControlTests	C448_V36_EachAuthorityCoordinatePrecedesMutation	Passed	ca9786bf-b66c-d41b-7bd6-40f2a150a203	-
20261003-191547-0744	CP-8	Antiphon.Tests.Infrastructure.LandingRemovalPolicyControlTests	C665_FaultAfterActualDropKeepsRecoverableTree	Passed	63672c72-e9b6-15e6-c7db-0ffda1997d24	-
20261003-191547-0744	CP-8	Antiphon.Tests.Infrastructure.LandingRemovalPolicyControlTests	C665_FaultAfterActualDropKeepsRecoverableTree	Passed	0064201e-aa18-cca3-3cd5-f02347a44f7a	-
20261003-191547-0744	CP-8	Antiphon.Tests.Infrastructure.LandingRemovalPolicyControlTests	C665_FaultAfterActualDropKeepsRecoverableTree	Passed	d1c8b6d6-6050-7c1e-f8dc-4ddd9165d63b	-
20261003-191547-0744	CP-8	Antiphon.Tests.Infrastructure.LandingRemovalPolicyControlTests	C665_PostDropQueryFailureKeepsSetAsideAndRecord	Passed	fe2edf9d-bbab-6e6f-8148-f330fa7ff2f9	-
20261003-191547-0744	CP-8	Antiphon.Tests.Infrastructure.LandingRemovalPolicyControlTests	C665_PostDropQueryFailureKeepsSetAsideAndRecord	Passed	4e1fbd58-4d4c-d6f9-6032-9d7fb6418ae4	-
20261003-191547-0744	CP-8	Antiphon.Tests.Infrastructure.LandingRemovalPolicyControlTests	C721_HeldHandleDuringCleanupStaysRegisteredOrRecorded	NotExecuted	a04cf5ab-4083-8019-8e67-c3ce7dac523b	Skipped: Sharing-mode locks are a Windows file-system behaviour.
20261003-191547-0744	CP-8	Antiphon.Tests.Infrastructure.LandingRemovalPolicyControlTests	C448_V36_EachAuthorityCoordinatePrecedesMutation	Passed	8e8eaf8c-77a9-ecc6-ace1-92a6f7fb2cad	-
20261003-191547-0744	CP-8	Antiphon.Tests.Infrastructure.LandingRemovalPolicyControlTests	C721_StaleRegistrationListAfterUnregisterDoesNotRestoreAnOrphan	Passed	d6f5505e-6c92-1c07-926d-75fe356a6e90	-
20261003-191547-0744	CP-8	Antiphon.Tests.Infrastructure.LandingRemovalPolicyControlTests	C665_LockedFileMidDeleteResumesOnLaterPass	NotExecuted	52f9ace0-7e82-9136-5f4a-e60574e82713	Skipped: Sharing-mode locks are a Windows file-system behaviour.
20261003-191547-0744	CP-8	Antiphon.Tests.Infrastructure.LandingRemovalPolicyControlTests	C665_FailedRegistrationRemovalRestoresTree	Passed	c3c7db1e-94d8-9f55-f07f-6321f5bdbe9a	-
20261003-191547-0744	CP-8	Antiphon.Tests.Infrastructure.LandingRemovalPolicyControlTests	C665_ReadOnlyFileIsRemovedWithTheTree	Passed	fa3b0e5b-8a1a-bf69-24fd-8bf06d92c0e7	-
20261003-191547-0744	CP-8	Antiphon.Tests.Infrastructure.LandingRemovalPolicyControlTests	C448_V36_EachAuthorityCoordinatePrecedesMutation	Passed	5f5bf020-04cc-f10d-7749-5f5dc2d5b0cd	-
20261003-191547-0744	CP-8	Antiphon.Tests.Infrastructure.LandingRemovalPolicyControlTests	C448_V25_LocalAuthorityChecksTheCurrentParent	Passed	4a5e9b7e-3031-7777-9a60-ab54b263d3ea	-
20261003-191547-0744	CP-8	Antiphon.Tests.Infrastructure.LandingRemovalPolicyControlTests	C448_V36_EachAuthorityCoordinatePrecedesMutation	Passed	86b167df-d304-26d2-f676-84c21ae68f57	-
20261003-191547-0744	CP-8	Antiphon.Tests.Infrastructure.LandingRemovalPolicyControlTests	C665_PathRecreatedBeforeUnregistrationIsNeverTouched	Passed	bef323c6-172f-47f0-b6dc-52c7194a0a67	-
20261003-191547-0744	CP-8	Antiphon.Tests.Infrastructure.LandingRemovalPolicyControlTests	C448_V36_EachAuthorityCoordinatePrecedesMutation	Passed	25eca3ce-0fc3-2e88-65ae-7da2371882e1	-
20261003-191547-0744	CP-8	Antiphon.Tests.Infrastructure.LandingRemovalPolicyControlTests	C665_UnknownRegistrationAfterFaultKeepsLiveTreeSetAside	Passed	b54fdaee-3856-86ab-9aba-c47e752ae748	-
20261003-191547-0744	CP-8	Antiphon.Tests.Infrastructure.LandingRemovalPolicyControlTests	C448_V36_EachAuthorityCoordinatePrecedesMutation	Passed	f51e909c-5ad5-8c9e-7084-2a82f0845a8b	-
20261003-191547-0744	CP-8	Antiphon.Tests.Infrastructure.LandingRemovalPolicyControlTests	C448_V25_LocalAuthorityChecksTheCurrentParent	Passed	d180a961-8078-4ed4-e42a-a1a0ebf687d8	-
20261003-191547-0744	CP-8	Antiphon.Tests.Infrastructure.LandingRemovalPolicyControlTests	C448_V25_LocalAuthorityChecksTheCurrentParent	Passed	3db13958-6c7e-7d18-e656-45b7788b0189	-
20261003-191547-0744	CP-8	Antiphon.Tests.Infrastructure.LandingRemovalPolicyControlTests	C448_V25_LocalAuthorityChecksTheCurrentParent	Passed	2d407a6c-42c9-17e7-9214-a34321fd5951	-
20261003-191547-0744	CP-8	Antiphon.Tests.Infrastructure.LandingRemovalPolicyControlTests	C448_V25_LocalAuthorityChecksTheCurrentParent	Passed	91c386ec-ce92-bd96-b619-3d9398460b7a	-
20261003-191547-0744	CP-8	Antiphon.Tests.Infrastructure.LandingRemovalPolicyControlTests	C448_V25_LocalAuthorityChecksTheCurrentParent	Passed	3aa421dc-1f69-cd00-e587-b16c43bae8cd	-
20261003-191547-0744	CP-8	Antiphon.Tests.Infrastructure.LandingRemovalPolicyControlTests	C448_V36_EachAuthorityCoordinatePrecedesMutation	Passed	d855a3be-d899-2288-9855-ff7054661992	-
20261003-191547-0744	CP-8	Antiphon.Tests.Infrastructure.LandingRemovalPolicyControlTests	C448_V36_EachAuthorityCoordinatePrecedesMutation	Passed	b346c320-56b8-9438-ea37-99123b6fdedc	-
20261003-191547-0744	CP-8	Antiphon.Tests.Infrastructure.LandingRemovalPolicyControlTests	C448_V36_EachAuthorityCoordinatePrecedesMutation	Passed	95d17b83-c945-d0cf-30b2-d4b794fe9ea7	-
20261003-191547-0744	CP-8	Antiphon.Tests.Infrastructure.LandingRemovalPolicyControlTests	C448_V36_EachAuthorityCoordinatePrecedesMutation	Passed	2402f98d-eaee-1471-f42d-30deaf1deeda	-
20261003-191547-0744	CP-8	Antiphon.Tests.Infrastructure.LandingRemovalPolicyControlTests	C448_V25_LocalAuthorityChecksTheCurrentParent	Passed	4264586f-2748-5c2f-1f0f-ff2ddb52e7e9	-
20261003-191547-0744	CP-8	Antiphon.Tests.Infrastructure.LandingRemovalPolicyControlTests	C448_V25_LocalAuthorityChecksTheCurrentParent	Passed	d6a2ab9e-fac9-8d66-e198-4222d083b278	-
20261003-191547-0744	CP-8	Antiphon.Tests.Infrastructure.LandingRemovalPolicyControlTests	C448_V25_LocalAuthorityChecksTheCurrentParent	Passed	49e53dd7-a191-3a7b-94b2-373d07761926	-
20261003-191547-0744	CP-8	Antiphon.Tests.Infrastructure.LandingRemovalPolicyControlTests	C448_V25_LocalAuthorityChecksTheCurrentParent	Passed	94dcb734-f479-0c52-740a-3dc558e0ccd9	-
20261003-191547-0744	CP-8	Antiphon.Tests.Infrastructure.LandingRemovalPolicyControlTests	C448_V36_EachAuthorityCoordinatePrecedesMutation	Passed	d30245df-89a2-a38f-ad63-b6ce8c3cab60	-
20261003-191547-0744	CP-8	Antiphon.Tests.Infrastructure.LandingRemovalPolicyControlTests	C448_V36_EachAuthorityCoordinatePrecedesMutation	Passed	877be434-a9ea-a3bd-899c-f38b913f2af6	-
20261003-191547-0744	CP-8	Antiphon.Tests.Infrastructure.LandingRemovalPolicyControlTests	C448_V11_EachTargetDecisionRefusesIndependently	Passed	88044bd7-8f2f-6a48-29eb-c2a08289d221	-
20261003-191547-0744	CP-8	Antiphon.Tests.Infrastructure.LandingRemovalPolicyControlTests	C665_UnlistedLinkIsRemovedWithoutTraversal	Passed	18cb67b3-b758-c84a-d5bf-0d0525ba17be	-
20261003-191547-0744	CP-8	Antiphon.Tests.Infrastructure.LandingRemovalPolicyControlTests	C448_V11_EachTargetDecisionRefusesIndependently	Passed	f2cb5ef7-7ba2-e791-efd6-5a1bf55736b1	-
20261003-191547-0744	CP-8	Antiphon.Tests.Infrastructure.LandingRemovalPolicyControlTests	C665_JunctionSwappedInBetweenReadingsRefuses	Passed	1b669d2f-80b9-2f02-57d5-26f6f34494d5	-
20261003-191547-0744	CP-8	Antiphon.Tests.Infrastructure.LandingRemovalPolicyControlTests	C448_V18_EachContentReadingRefusesBeforeItsNextCommand	Passed	fa6eac1d-8c53-5102-1e4c-3b70fe6c37d0	-
20261003-191547-0744	CP-8	Antiphon.Tests.Infrastructure.LandingRemovalPolicyControlTests	C448_V36_EachAuthorityCoordinatePrecedesMutation	Passed	56a29fe3-cf73-b18a-ede0-65f064e99cda	-
20261003-191547-0744	CP-8	Antiphon.Tests.Infrastructure.LandingRemovalPolicyControlTests	C448_V36_EachAuthorityCoordinatePrecedesMutation	Passed	ff264c56-fb76-83b3-82c3-dbb6588805d8	-
20261003-191547-0744	CP-8	Antiphon.Tests.Infrastructure.LandingRemovalPolicyControlTests	C448_V36_EachAuthorityCoordinatePrecedesMutation	Passed	a8074d83-15f3-0862-d60c-5d7e67b605dd	-
20261003-191547-0744	CP-8	Antiphon.Tests.Infrastructure.LandingRemovalPolicyControlTests	C448_V36_EachAuthorityCoordinatePrecedesMutation	Passed	532d55fc-def8-dcdd-465c-a7f033e71653	-
20261003-191547-0744	CP-8	Antiphon.Tests.Infrastructure.LandingRemovalPolicyControlTests	C448_V11_EachTargetDecisionRefusesIndependently	Passed	332744a4-48c6-b9a5-9518-1c5dde340cdd	-
20261003-191547-0744	CP-8	Antiphon.Tests.Infrastructure.LandingRemovalPolicyControlTests	C448_V11_EachTargetDecisionRefusesIndependently	Passed	535bd2fc-5acb-4634-760f-4f6f55065de6	-
20261003-191547-0744	CP-8	Antiphon.Tests.Infrastructure.LandingRemovalPolicyControlTests	C448_V18_EachContentReadingRefusesBeforeItsNextCommand	Passed	5e622efe-5dc6-32e4-8cb5-8a0c181ed899	-
20261003-191547-0744	CP-8	Antiphon.Tests.Infrastructure.LandingRemovalPolicyControlTests	C448_V11_EachTargetDecisionRefusesIndependently	Passed	d3160e46-07ed-90bd-0da2-85d65968d9d7	-
20261003-191547-0744	CP-8	Antiphon.Tests.Infrastructure.LandingRemovalPolicyControlTests	C448_V11_EachTargetDecisionRefusesIndependently	Passed	518ead3b-bbc6-239f-52e0-520be323455b	-
20261003-191547-0744	CP-8	Antiphon.Tests.Infrastructure.LandingRemovalPolicyControlTests	C448_V11_EachTargetDecisionRefusesIndependently	Passed	ce2b5e62-33a5-3254-8715-9e5ef15259eb	-
20261003-191547-0744	CP-8	Antiphon.Tests.Infrastructure.LandingRemovalPolicyControlTests	C448_V18_DurableAuthorityIsReadAfterTheFinalInspection	Passed	933075c8-31e3-cc3d-6746-302263bc1655	-
20261003-191547-0744	CP-8	Antiphon.Tests.Infrastructure.LandingRemovalPolicyControlTests	C448_V18_EachContentReadingRefusesBeforeItsNextCommand	Passed	4446f7ac-5873-9d5a-2091-dd564277893c	-
20261003-191547-0744	CP-8	Antiphon.Tests.Infrastructure.LandingRemovalPolicyControlTests	C448_V36_EachAuthorityCoordinatePrecedesMutation	Passed	f9ca9cac-020a-d4ea-ec6c-46a3df8ec4a1	-
20261003-191547-0744	CP-8	Antiphon.Tests.Infrastructure.LandingRemovalPolicyControlTests	C448_V36_EachAuthorityCoordinatePrecedesMutation	Passed	6f8ce02f-6c36-0104-fd26-6563b2be928c	-
20261003-191547-0744	CP-8	Antiphon.Tests.Infrastructure.LandingRemovalPolicyControlTests	C448_V36_EachAuthorityCoordinatePrecedesMutation	Passed	60b6c324-d3e5-3bd1-7127-5a77d61851a1	-
20261003-191547-0744	CP-8	Antiphon.Tests.Infrastructure.LandingRemovalPolicyControlTests	C448_V11_EachTargetDecisionRefusesIndependently	Passed	66c3aa9d-3117-caa4-7edd-b48bb669bc73	-
20261003-191547-0744	CP-8	Antiphon.Tests.Infrastructure.LandingRemovalPolicyControlTests	C665_JunctionAtFirstReadingRefusesBeforeRetention	Passed	9501d03a-0549-c235-4d4a-2f45c63fed61	-
20261003-191547-0744	CP-8	Antiphon.Tests.Infrastructure.LandingRemovalPolicyControlTests	C448_V18_EachContentReadingRefusesBeforeItsNextCommand	Passed	4c681d2d-fce8-c797-ad6c-5db48b4cc607	-
20261003-191547-0744	CP-8	Antiphon.Tests.Infrastructure.LandingRemovalPolicyControlTests	C448_V36_EachAuthorityCoordinatePrecedesMutation	Passed	807cf796-2821-8093-985a-236e5e3c2523	-
20261003-191547-0744	CP-8	Antiphon.Tests.Infrastructure.LandingRemovalPolicyControlTests	C448_V18_EachContentReadingRefusesBeforeItsNextCommand	Passed	a83a4810-956b-dbe1-c5cd-ff8048afe2c0	-
20261003-191547-0744	CP-8	Antiphon.Tests.Infrastructure.LandingRemovalPolicyControlTests	C448_V18_EachContentReadingRefusesBeforeItsNextCommand	Passed	bb9dabb9-c709-e8dc-cfe3-e3d26a48a989	-
20261003-191547-0744	CP-8	Antiphon.Tests.Infrastructure.LandingRemovalPolicyControlTests	C665_ProtectedNameInsideDisposableDirectoryRefuses	Passed	5bb4b271-0c43-966d-f570-76be7d71eb90	-
20261003-191547-0744	CP-8	Antiphon.Tests.Infrastructure.LandingRemovalPolicyControlTests	C448_V18_EachContentReadingRefusesBeforeItsNextCommand	Passed	3d71fc27-8f02-075b-b362-439421f95c9d	-
20261003-191547-0744	CP-8	Antiphon.Tests.Infrastructure.LandingRemovalPolicyControlTests	C665_EvidenceAppearingAtSecondReadingRefuses	Passed	aef944e5-0f3e-63b6-27f6-b4dd33dce7de	-
20261003-191547-0744	CP-8	Antiphon.Tests.Infrastructure.LandingRemovalPolicyControlTests	C448_V18_EachContentReadingRefusesBeforeItsNextCommand	Passed	7db05628-bdfc-c45a-d8e3-20c5d3de0e46	-
20261003-191547-0744	CP-8	Antiphon.Tests.Infrastructure.LandingRemovalPolicyControlTests	C448_V36_EachAuthorityCoordinatePrecedesMutation	Passed	63b124e9-4c39-6600-0ecd-56011f031e8a	-
20261003-191547-0744	CP-8	Antiphon.Tests.Infrastructure.LandingRemovalPolicyControlTests	C448_V36_EachAuthorityCoordinatePrecedesMutation	Passed	39b53fd6-1244-217f-a95a-a9d01d3a1070	-
20261003-191547-0744	CP-8	Antiphon.Tests.Infrastructure.LandingRemovalPolicyControlTests	C665_RetentionRefusalPreservesTree	Passed	1c60a600-0d94-8b2d-cdda-ab52261df9ff	-
20261003-191547-0744	CP-8	Antiphon.Tests.Infrastructure.LandingRemovalPolicyControlTests	C448_V36_EachAuthorityCoordinatePrecedesMutation	Passed	f006e2ec-01d7-2626-cedc-456bcac5fee1	-
20261003-191547-0744	CP-8	Antiphon.Tests.Infrastructure.LandingRemovalPolicyControlTests	C665_NullGateProtectsEveryIgnoredPath	Passed	e998a871-7c30-6c1a-af52-52a878990cc5	-
20261003-191547-0744	CP-8	Antiphon.Tests.Infrastructure.LandingRemovalPolicyControlTests	C665_DisposableOnlyProceedsToRemoval	Passed	0c93c37c-2dea-e153-e2e6-9fdfdc0a7fdb	-
20261003-191547-0744	CP-8	Antiphon.Tests.Infrastructure.LandingRemovalPolicyControlTests	C665_ProtectedRefusalNamesPaths	Passed	77b0e9ae-ae17-ed55-a105-df24754ef11e	-
20261003-191547-0744	CP-8	Antiphon.Tests.Infrastructure.LandingRemovalPolicyControlTests	C665_EvidenceRetainedBeforeSecondReading	Passed	9395795a-d946-7ea3-728f-3124c045e617	-
20261003-191547-0744	CP-8	Antiphon.Tests.Infrastructure.LogRetentionTests	A_bad_retention_value_falls_back_to_the_default_rather_than_unbounding_the_log	Passed	45e3ffbd-7b20-ba76-08fb-26ad8f2d51c0	-
20261003-191547-0744	CP-8	Antiphon.Tests.Infrastructure.LogRetentionTests	Five_days_did_NOT_fit_at_the_measured_pre_change_rate	Passed	ca524d7d-149a-1c7f-7abb-1a9c224e1b7a	-
20261003-191547-0744	CP-8	Antiphon.Tests.Infrastructure.LogRetentionTests	Default_policy_retains_five_days_and_caps_the_disk_at_the_old_budget	Passed	dc8437b3-1b4f-3e06-3be5-e47a2cda251a	-
20261003-191547-0744	CP-8	Antiphon.Tests.Infrastructure.LogRetentionTests	A_bad_retention_value_falls_back_to_the_default_rather_than_unbounding_the_log	Passed	b6d8ed29-d0e4-a4d3-0ba3-6465ed18ea7a	-
20261003-191547-0744	CP-8	Antiphon.Tests.Infrastructure.LogRetentionTests	Five_days_fits_the_disk_budget_at_the_measured_post_change_rate	Passed	afb3836c-99ed-6bd6-3714-d0f6eb5b187b	-
20261003-191547-0744	CP-8	Antiphon.Tests.Infrastructure.LogRetentionTests	Retention_values_are_configurable_so_a_re_armed_source_can_buy_more_disk	Passed	aefb8ef5-0759-1157-39a7-d68a7745124e	-
20261003-191547-0744	CP-8	Antiphon.Tests.Infrastructure.LogRetentionTests	A_bad_retention_value_falls_back_to_the_default_rather_than_unbounding_the_log	Passed	da8c43d6-d52c-9945-dc32-fae7c5a61f76	-
20261003-191547-0744	CP-8	Antiphon.Tests.Infrastructure.LogRetentionTests	Shipped_config_keeps_hosting_diagnostics_at_Warning_because_it_logs_query_strings	Passed	41f86bd4-c4a1-32bb-b604-8618dcef15a9	-
20261003-191547-0744	CP-8	Antiphon.Tests.Infrastructure.LogRetentionTests	Shipped_config_drops_the_two_measured_noise_sources_and_keeps_our_own	Passed	6b2154b8-2527-5e72-2a13-37bd6641160f	-
20261003-191547-0744	CP-8	Antiphon.Tests.Infrastructure.LogRetentionTests	A_bad_retention_value_falls_back_to_the_default_rather_than_unbounding_the_log	Passed	ef0b2c91-4278-caa5-fc57-3d6e00ab4b91	-
20261003-191547-0744	CP-8	Antiphon.Tests.Infrastructure.LogRetentionTests	Daemon_supervisor_rotates_and_prunes_its_capture_log	Passed	3a6d432e-12c0-76b5-c8e5-394ff609cb1f	-
20261003-191547-0744	CP-8	Antiphon.Tests.Infrastructure.LogRetentionTests	Fake_gateway_no_longer_logs_every_health_poll_at_Information	Passed	7cef4826-78a1-1480-4c3e-5f591cb8beb3	-
20261003-191547-0744	CP-8	Antiphon.Tests.Infrastructure.LogRetentionTests	Session_runner_file_sink_also_retains_by_time	Passed	e785d611-104a-19d4-200b-9da0560f2186	-
20261003-191547-0744	CP-8	Antiphon.Tests.Infrastructure.LogRetentionTests	Server_file_sink_retains_by_time_with_the_count_cap_as_backstop	Passed	c4243b17-9f03-881a-40e0-7e17eac529fb	-
20261003-191547-0744	CP-8	Antiphon.Tests.Infrastructure.LogRetentionTests	Turning_a_source_down_is_configuration_not_code	Passed	3568ab4b-ba74-14de-9803-ad2ac8fc8160	-
20261003-191547-0744	CP-8	Antiphon.Tests.Infrastructure.LogRetentionTests	Shipped_config_keeps_delegation_session_and_supervision_at_Information	Passed	732bc52b-dbc0-928e-40de-378c79dc97cc	-
20261003-191547-0744	CP-8	Antiphon.Tests.Infrastructure.LogRetentionTests	Shipped_config_keeps_delegation_session_and_supervision_at_Information	Passed	bf5ccbb3-2c26-7842-89d1-cf48e7405d89	-
20261003-191547-0744	CP-8	Antiphon.Tests.Infrastructure.LogRetentionTests	Shipped_config_keeps_delegation_session_and_supervision_at_Information	Passed	32701797-5a1c-97b3-7271-40afe162cdad	-
20261003-191547-0744	CP-8	Antiphon.Tests.Infrastructure.LogRetentionTests	Shipped_config_keeps_delegation_session_and_supervision_at_Information	Passed	6a1d21c1-1bfe-1f4b-54de-40fcc8d15139	-
20261003-191547-0744	CP-8	Antiphon.Tests.Infrastructure.LogRetentionTests	Shipped_config_keeps_delegation_session_and_supervision_at_Information	Passed	b5a8d607-416c-8b71-9062-2f8668142f05	-
20261003-191547-0744	CP-8	Antiphon.Tests.Infrastructure.LogRetentionTests	Shipped_config_keeps_delegation_session_and_supervision_at_Information	Passed	14e8ef9e-e6c4-ff49-c9e7-2c6209224f54	-
20261003-191547-0744	CP-8	Antiphon.Tests.Infrastructure.OperatorDashboardSessionsTests	Nonce_redeems_exactly_once	Passed	0b55e2e5-eb15-80f8-a83c-3785f43ce94e	-
20261003-191547-0744	CP-8	Antiphon.Tests.Infrastructure.OperatorDashboardSessionsTests	Nonce_expires_after_two_minutes	Passed	cc84633b-8ef6-e0a4-ca2b-f34ad3a57b57	-
20261003-191547-0744	CP-8	Antiphon.Tests.Infrastructure.OperatorDashboardSessionsTests	Session_is_live_for_twelve_hours_then_not	Passed	2a845553-075b-5d9f-30c0-acc11b2ea66d	-
20261003-191547-0744	CP-8	Antiphon.Tests.Infrastructure.OperatorDashboardSessionsTests	Unknown_empty_or_null_values_are_never_live	Passed	eecc64f9-1da5-1af0-2753-d1836591e243	-
20261003-191547-0744	CP-8	Antiphon.Tests.Infrastructure.OperatorTokenFileTests	Only_the_exact_token_matches	Passed	0bd3cf27-b8a1-5254-3b1d-7047fd271309	-
20261003-191547-0744	CP-8	Antiphon.Tests.Infrastructure.OperatorTokenFileTests	Concurrent_first_use_readers_all_get_the_one_token_and_none_throw	Passed	4374babf-8320-7c2c-91b5-8862626c256f	-
20261003-191547-0744	CP-8	Antiphon.Tests.Infrastructure.OperatorTokenFileTests	Operator_TokenPath_is_the_setting_and_the_PhoneHomeRunner_key_is_its_alias	Passed	85c254d6-e16a-ed57-8a1a-d8e4f87d368c	-
20261003-191547-0744	CP-8	Antiphon.Tests.Infrastructure.OperatorTokenFileTests	First_use_creates_one_owner_only_random_token_and_later_reads_return_it	Passed	63fc2c25-7b75-1ada-f065-565ca8dd339e	-
20261003-191547-0744	CP-8	Antiphon.Tests.Infrastructure.PostgresPoolConfigurationTests	Every_shipped_server_connection_disables_pool_reset	Passed	a01b3cab-e05d-c29e-3b48-c914094f9c33	-
20261003-191547-0744	CP-8	Antiphon.Tests.Infrastructure.Resilience.HttpResilienceRegistrationTests	Named_read_clients_recover_a_503_for_runner_github_issues_and_jira	Passed	6df231df-34e3-9080-71fe-fd1ef4705bac	-
20261003-191547-0744	CP-8	Antiphon.Tests.Infrastructure.Resilience.HttpResilienceRegistrationTests	Commands_stay_on_the_original_client_when_the_read_circuit_is_open	Passed	761986ab-9e14-9a77-0a4a-e5b3eabf3710	-
20261003-191547-0744	CP-8	Antiphon.Tests.Infrastructure.Resilience.HttpResilienceRegistrationTests	Unnamed_and_event_clients_do_not_retry	Passed	f246d221-6d4b-27ba-399f-7ce1ddfbbb56	-
20261003-191547-0744	CP-8	Antiphon.Tests.Infrastructure.Resilience.HttpResilienceRegistrationTests	Runner_list_and_git_connectivity_keep_their_short_deadlines	Passed	eabf2f1c-bb5f-c0c7-edb8-f37cf5f79194	-
20261003-191547-0744	CP-8	Antiphon.Tests.Infrastructure.Resilience.HttpResilienceRegistrationTests	Read_requests_keep_the_primary_address_and_authorization	Passed	4746df61-5122-f6c8-db80-f22ace07de2b	-
20261003-191547-0744	CP-8	Antiphon.Tests.Infrastructure.Resilience.HttpResilienceRegistrationTests	Runner_reads_stop_at_request_timeout_seconds	Passed	5a555032-e076-7efa-e9d5-7a4487bdaeb3	-
20261003-191547-0744	CP-8	Antiphon.Tests.Infrastructure.Resilience.HttpResilienceRegistrationTests	Unknown_operations_and_dropped_commands_are_single_attempt	Passed	2a5b8aba-51a8-3c89-0514-f1745a350bcb	-
20261003-191547-0744	CP-8	Antiphon.Tests.Infrastructure.WorktreeDeleteAccessProbeTests	C443_IdentityExpiryPreventsDeleteOpen	Passed	f65d1943-91ca-1b3f-47ce-b7e1a8b7d5af	-
20261003-191547-0744	CP-8	Antiphon.Tests.Infrastructure.WorktreeDeleteAccessProbeTests	C443_ProbeRootFirst	Passed	e60a01e8-2106-6247-fc15-ae45dae302d9	-
20261003-191547-0744	CP-8	Antiphon.Tests.Infrastructure.WorktreeDeleteAccessProbeTests	C443_ProbeTwoSecondDeadline	Passed	fd737801-5d86-5502-6838-b6e421a3a257	-
20261003-191547-0744	CP-8	Antiphon.Tests.Infrastructure.WorktreeDeleteAccessProbeTests	C443_ProbeEnumerationCap	Passed	7e19961f-d446-9b80-6640-4846e9ad3d0b	-
20261003-191547-0744	CP-8	Antiphon.Tests.Infrastructure.WorktreeDeleteAccessProbeTests	C443_ProbeCandidateCap	Passed	dd6e46d9-539a-2fd5-ea6b-ed363075e5bd	-
20261003-191547-0744	CP-8	Antiphon.Tests.Infrastructure.WorktreeDeleteAccessProbeTests	C443_ProbeCandidateCap	Passed	0985a47d-5e1e-8fd2-5202-09585b4af332	-
20261003-191547-0744	CP-8	Antiphon.Tests.Infrastructure.WorktreeDeleteAccessProbeTests	C443_ProbeCandidateCap	Passed	35ba05ba-8d7a-4c25-4a2e-04e206136190	-
20261003-191547-0744	CP-8	Antiphon.Tests.Infrastructure.WorktreeDeleteAccessProbeTests	C443_ProbeCapturesLastErrorImmediately	Passed	2f542143-f04c-50c6-b382-094ed8f608b5	-
20261003-191547-0744	CP-8	Antiphon.Tests.Infrastructure.WorktreeDeleteAccessProbeTests	C443_ProbeClosesEachHandle	Passed	c11ccc7c-2941-e77a-c5ba-a33c7d000fb2	-
20261003-191547-0744	CP-8	Antiphon.Tests.Infrastructure.WorktreeDeleteAccessProbeTests	C443_ProbeHandlesNotInherited	Passed	4c382981-65d9-c4b5-f720-05a4b653b027	-
20261003-191547-0744	CP-8	Antiphon.Tests.Infrastructure.WorktreeDeleteAccessProbeTests	C443_ProbeCannotDeleteOrAlter	Passed	dbc162f7-8dd7-7481-af16-09784309d9cf	-
20261003-191547-0744	CP-8	Antiphon.Tests.Infrastructure.WorktreeDeleteAccessProbeTests	C443_ProbeOpensReparsePointItself	Passed	f7b49f2e-a6c1-89f4-20ac-519f4122dacf	-
20261003-191547-0744	CP-8	Antiphon.Tests.Infrastructure.WorktreeDeleteAccessProbeTests	C443_ProbeOpensDirectories	Passed	2b5acde3-69e0-6582-92bb-c25dfd0c53c1	-
20261003-191547-0744	CP-8	Antiphon.Tests.Infrastructure.WorktreeDeleteAccessProbeTests	C443_ProbeNeverCreates	Passed	ba18ba8a-d783-e326-4da8-1bc3f5196d04	-
20261003-191547-0744	CP-8	Antiphon.Tests.Infrastructure.WorktreeDeleteAccessProbeTests	C443_ProbeSharesReadWriteDelete	Passed	3dbe7df8-6ab5-c0c3-f72d-3bd0e441fd79	-
20261003-191547-0744	CP-8	Antiphon.Tests.Infrastructure.WorktreeDeleteAccessProbeTests	C443_ProbeRequestsDeleteAccess	Passed	edb0ee5c-ffdb-ac8a-331a-df5751e4f9a6	-
20261003-191547-0744	CP-8	Antiphon.Tests.Infrastructure.WorktreeDeleteAccessProbeTests	C443_IdentityExpiryPreventsDeleteOpen	Passed	67ac16cf-19cf-93a1-dfc0-a89192f31ce7	-
20261003-191547-0744	CP-8	Antiphon.Tests.Infrastructure.WorktreeDeleteAccessProbeTests	C443_ProbeTwoSecondDeadline	Passed	42073b1b-a5ff-41ad-bb1a-36d6f662aaf7	-
20261003-191547-0744	CP-8	Antiphon.Tests.Infrastructure.WorktreeDeleteAccessProbeTests	C443_ProbeUsesRemainingBudget	Passed	6e9a21db-0d7e-df71-d3b8-0cec7469f8a1	-
20261003-191547-0744	CP-8	Antiphon.Tests.Infrastructure.WorktreeDeleteAccessProbeTests	C443_ProbeTwoSecondDeadline	Passed	8aaeba6c-2201-8e5e-7df9-7ba3f12009be	-
20261003-191547-0744	CP-8	Antiphon.Tests.Infrastructure.WorktreeDeleteAccessProbeTests	C443_ProbeDoesNotTraverseReparse	Passed	d70130ab-cadf-e888-cbb4-25d37475253b	-
20261003-191547-0744	CP-8	Antiphon.Tests.Infrastructure.WorktreeDeleteAccessProbeTests	C443_IdentityExpiryPreventsDeleteOpen	Passed	a272829f-b4ee-60b6-25f0-4f302e788e91	-
20261003-191547-0744	CP-8	Antiphon.Tests.Infrastructure.WorktreeDeleteAccessProbeTests	C443_IdentityCancellationPreventsDeleteOpen	Passed	d28059ee-de02-b3e2-f6a6-1d973fc67dc6	-
20261003-191547-0744	CP-8	Antiphon.Tests.Infrastructure.WorktreeDeleteAccessProbeTests	C443_IdentityCancellationPreventsDeleteOpen	Passed	28eedf43-2849-9536-9cff-2c446ed44bbd	-
20261003-191547-0744	CP-8	Antiphon.Tests.Infrastructure.WorktreeDeleteAccessProbeTests	C443_IdentityCancellationPreventsDeleteOpen	Passed	04b79bba-eba8-2cf5-2a00-b4e188ce1fa7	-
20261003-191547-0744	CP-8	Antiphon.Tests.Infrastructure.WorktreeDeleteAccessProbeTests	C443_IdentityWalkStopsBetweenNativeOpens	Passed	198bd79e-8775-0c71-b997-d9178614fe25	-
20261003-191547-0744	CP-8	Antiphon.Tests.Infrastructure.WorktreeDeleteAccessProbeTests	C443_IdentityWalkStopsBetweenNativeOpens	Passed	03f48e81-487b-5d61-8013-af1dc0043f7c	-
20261003-191547-0744	CP-8	Antiphon.Tests.Infrastructure.WorktreeDeleteAccessProbeTests	C443_ProbeDoesNotReadContents	Passed	bd37726f-2603-ee62-0fd8-822f727cc732	-
20261003-191547-0744	CP-8	Antiphon.Tests.Infrastructure.WorktreeDeleteAccessProbeTests	C443_NativeLimitationsArePartial	Passed	a8823975-1873-cd8d-f9c5-99580746698b	-
20261003-191547-0744	CP-8	Antiphon.Tests.Infrastructure.WorktreeDeleteAccessProbeTests	C443_NativeUnsupportedPlatform	Passed	78629680-9aa4-6ed5-6e57-e1d69ac9bcbe	-
20261003-191547-0744	CP-8	Antiphon.Tests.Infrastructure.WorktreeDeleteAccessProbeTests	C443_NativeOuterCancellation	Passed	1d807004-542d-7e60-c878-7cdbc16bbd03	-
20261003-191547-0744	CP-8	Antiphon.Tests.Infrastructure.WorktreeDeleteAccessProbeTests	C443_ProbeValidatesOwnerCandidates	Passed	18adcd5a-4f14-8059-bb76-6f42fd3e49af	-
20261003-191547-0744	CP-8	Antiphon.Tests.Infrastructure.WorktreeDeleteAccessProbeTests	C443_ProbeSkipsGitAdmin	Passed	10fa71fd-59f1-2833-f4b6-874aad910e01	-
20261003-191547-0744	CP-8	Antiphon.Tests.Infrastructure.WorktreeDeleteAccessProbeTests	C443_ProbeValidatesFinalHandlePath	Passed	bf8bd275-553f-7b57-e17a-c4e9e00e7ea7	-
20261003-191547-0744	CP-8	Antiphon.Tests.Infrastructure.WorktreeDeleteAccessProbeTests	C443_ProbeValidatesAfterFailure	Passed	2220f1a1-ae12-16e1-7cd7-6c9b4b2bb8fd	-
20261003-191547-0744	CP-8	Antiphon.Tests.Infrastructure.WorktreeDeleteAccessProbeTests	C443_ProbeValidatesBeforeOpen	Passed	56ac4796-519c-4eda-0335-65e724a1ed54	-
20261003-191547-0744	CP-8	Antiphon.Tests.Infrastructure.WorktreeDeleteAccessProbeTests	C443_ProbeRootIdentityRequired	Passed	095f0987-1e7e-5f41-0764-58018b5f578b	-
20261003-191547-0744	CP-8	Antiphon.Tests.Infrastructure.WorktreeDeleteAccessProbeTests	C443_PartialProbeKeepsPositive	Passed	717809fd-d41f-43f7-e18c-9f4f9235bd6d	-
20261003-191547-0744	CP-8	Antiphon.Tests.Infrastructure.WorktreeLockDiagnosticsTests	C443_UnpreparedLicenseNeverLaunches	Passed	59678689-80e6-bbc0-346d-e0b6e83a0822	-
20261003-191547-0744	CP-8	Antiphon.Tests.Infrastructure.WorktreeLockDiagnosticsTests	C443_MalformedTailRetainsOwners	Passed	bb56e770-f72b-034a-56bd-5b021e516de8	-
20261003-191547-0744	CP-8	Antiphon.Tests.Infrastructure.WorktreeLockDiagnosticsTests	C443_InsufficientPrivileges	Passed	d107c246-1acd-8070-a75d-0a9b99f0185d	-
20261003-191547-0744	CP-8	Antiphon.Tests.Infrastructure.WorktreeLockDiagnosticsTests	C443_UnsupportedPlatform	Passed	b957d044-cd6f-e438-5caa-2d36b9bd18d6	-
20261003-191547-0744	CP-8	Antiphon.Tests.Infrastructure.WorktreeLockDiagnosticsTests	C443_UnresolvedAliasIsPartial	Passed	50ec2b15-852f-cb42-bb63-9dde56139278	-
20261003-191547-0744	CP-8	Antiphon.Tests.Infrastructure.WorktreeLockDiagnosticsTests	C443_EmptyRequiresCompleteCoverage	Passed	b4e31285-b7b1-c347-9418-52611fbe379e	-
20261003-191547-0744	CP-8	Antiphon.Tests.Infrastructure.WorktreeLockDiagnosticsTests	C443_PartialRetainsOwners	Passed	1a261cf9-52cc-ce9f-c613-d377a1bed1a7	-
20261003-191547-0744	CP-8	Antiphon.Tests.Infrastructure.WorktreeLockDiagnosticsTests	C443_MalformedTailRetainsOwners	Passed	abe031c3-0e2a-248b-4dc2-e9ad9d73ca9c	-
20261003-191547-0744	CP-8	Antiphon.Tests.Infrastructure.WorktreeLockDiagnosticsTests	C443_RejectUntrustedToolPath	Passed	bf9b3bb2-9155-31a6-a49b-b56495d70a25	-
20261003-191547-0744	CP-8	Antiphon.Tests.Infrastructure.WorktreeLockDiagnosticsTests	C443_UnknownAncestryStaysUnknown	Passed	524e14c3-7afe-6e47-b609-35f4404b1a86	-
20261003-191547-0744	CP-8	Antiphon.Tests.Infrastructure.WorktreeLockDiagnosticsTests	C443_PathGone	Passed	e5599342-4ff1-7e3f-91c7-3c55929f119b	-
20261003-191547-0744	CP-8	Antiphon.Tests.Infrastructure.WorktreeLockDiagnosticsTests	C443_SanitizedStructuredEvidence	Passed	59b4ce1d-0a63-c0e3-fbee-ddf8e5591501	-
20261003-191547-0744	CP-8	Antiphon.Tests.Infrastructure.WorktreeLockDiagnosticsTests	C443_UnknownCsvSchema	Passed	47657817-d60a-8e05-97af-9726de3f4211	-
20261003-191547-0744	CP-8	Antiphon.Tests.Infrastructure.WorktreeLockDiagnosticsTests	C443_ControlDirectoryOutsideWorktrees	Passed	d434a922-e84b-012b-bfde-5cdba62af27f	-
20261003-191547-0744	CP-8	Antiphon.Tests.Infrastructure.WorktreeLockDiagnosticsTests	C443_EvidencePathsOutsideTarget	Passed	64064534-8fbe-55d1-c660-29a0cb0565fc	-
20261003-191547-0744	CP-8	Antiphon.Tests.Infrastructure.WorktreeLockDiagnosticsTests	C443_ReadOnlyArgumentVector	Passed	c06878e4-17eb-adf3-4d6f-dd4684537fc5	-
20261003-191547-0744	CP-8	Antiphon.Tests.Infrastructure.WorktreeLockDiagnosticsTests	C443_ReusedPidDoesNotEnrichOldOwner	Passed	0bed258c-e7c6-23cc-e128-89d08e0304e0	-
20261003-191547-0744	CP-8	Antiphon.Tests.Infrastructure.WorktreeLockDiagnosticsTests	C443_DiagnosticLocationsOutsideTarget	Passed	159d26b3-9feb-a9ac-100e-390be1d3666c	-
20261003-191547-0744	CP-8	Antiphon.Tests.Infrastructure.WorktreeLockDiagnosticsTests	C443_DiagnosticsNeverUseShell	Passed	bf40f667-53d6-cdc1-420e-8e6e42e86848	-
20261003-191547-0744	CP-8	Antiphon.Tests.Infrastructure.WorktreeLockDiagnosticsTests	C443_OwnerCountBound	Passed	f72966b8-bbb9-c3e4-f39d-4052e75f82e1	-
20261003-191547-0744	CP-8	Antiphon.Tests.Infrastructure.WorktreeLockDiagnosticsTests	C443_ExactRootAndDescendants	Passed	4d22c5a5-cf21-29ea-e0a3-4f26560f1e62	-
20261003-191547-0744	CP-8	Antiphon.Tests.Infrastructure.WorktreeLockDiagnosticsTests	C443_ValidateCsvSchema	Passed	9e2ca171-654b-27df-3daf-8874bd685075	-
20261003-191547-0744	CP-8	Antiphon.Tests.Infrastructure.WorktreeLockDiagnosticsTests	C443_StructuredEvidenceBound	Passed	2cd59140-31a8-eb61-81bb-3b3702dec634	-
20261003-191547-0744	CP-8	Antiphon.Tests.Infrastructure.WorktreeLockDiagnosticsTests	C443_OwnerCountBound	Passed	b0dc08e7-035f-8c13-c4ab-ca6b9041de03	-
20261003-191547-0744	CP-8	Antiphon.Tests.Infrastructure.WorktreeLockDiagnosticsTests	C443_OwnerCountBound	Passed	80a5c482-fa49-f281-6a6a-2558c6fa20b5	-
20261003-191547-0744	CP-8	Antiphon.Tests.Infrastructure.WorktreeLockDiagnosticsTests	C443_CombinedOutputBound	Passed	299b7f37-5800-c49e-0672-493f92f5cd53	-
20261003-191547-0744	CP-8	Antiphon.Tests.Infrastructure.WorktreeLockDiagnosticsTests	C443_CombinedOutputBound	Passed	07346e3b-9a9d-9fd3-ef91-5780867e3b66	-
20261003-191547-0744	CP-8	Antiphon.Tests.Infrastructure.WorktreeLockDiagnosticsTests	C443_CombinedOutputBound	Passed	744e5d30-138b-d85c-0c22-5fe099b0dc3e	-
20261003-191547-0744	CP-8	Antiphon.Tests.Infrastructure.WorktreeLockDiagnosticsTests	C443_TargetQueryPrecedesControls	Passed	9433dc65-515e-f833-38bd-94bc1a507bde	-
20261003-191547-0744	CP-8	Antiphon.Tests.Infrastructure.WorktreeLockDiagnosticsTests	C443_PropagateOuterCancellation	Passed	41bf212e-84f5-0aac-1435-e428cb9e4e1f	-
20261003-191547-0744	CP-8	Antiphon.Tests.Infrastructure.WorktreeLockDiagnosticsTests	C443_PropagateOuterCancellation	Passed	d8d78ebb-3fdc-edc3-614a-23d3e9042cfb	-
20261003-191547-0744	CP-8	Antiphon.Tests.Infrastructure.WorktreeLockDiagnosticsTests	C443_PropagateOuterCancellation	Passed	8fb61365-a630-cf24-bf4a-936200cb12eb	-
20261003-191547-0744	CP-8	Antiphon.Tests.Infrastructure.WorktreeLockDiagnosticsTests	C443_ControlResourcesDisposed	Passed	105bf07d-ba3d-94e0-cded-e1034a2a9e08	-
20261003-191547-0744	CP-8	Antiphon.Tests.Infrastructure.WorktreeLockDiagnosticsTests	C443_MissingFileControl	Passed	118f4861-5dab-2976-5b96-8e7b051352f8	-
20261003-191547-0744	CP-8	Antiphon.Tests.Infrastructure.WorktreeLockDiagnosticsTests	C443_ControlPidMustMatch	Passed	8e17d5da-e9de-0509-b915-5de5fa8a3a55	-
20261003-191547-0744	CP-8	Antiphon.Tests.Infrastructure.WorktreeLockDiagnosticsTests	C443_MissingDirectoryControl	Passed	4bc33ab6-925b-7d98-3597-18bf40369ad8	-
20261003-191547-0744	CP-8	Antiphon.Tests.Infrastructure.WorktreeLockDiagnosticsTests	C443_SharedDiagnosticBudget	Passed	eded1130-cc07-482b-5eed-5673257e0775	-
20261003-191547-0744	CP-8	Antiphon.Tests.Infrastructure.WorktreeManagerSafetyTests	Sanitise_rejects_path_traversal_and_special_chars	Passed	560bd05a-42ea-f58a-4718-4441684fa8a8	-
20261003-191547-0744	CP-8	Antiphon.Tests.Infrastructure.WorktreeManagerSafetyTests	Sanitise_accepts_safe_identifier_and_builds_expected_names	Passed	1d4a5fbd-03d3-41bb-9569-db16f2b042cb	-
20261003-191547-0744	CP-8	Antiphon.Tests.Infrastructure.WorktreeManagerSafetyTests	Worktree_path_confinement_rejects_resolved_escape	Passed	d2378323-77aa-2036-e2a6-d78779b69659	-
20261003-191547-0744	CP-8	Antiphon.Tests.Infrastructure.WorktreeManagerTests	Residue_status_distinguishes_clean_tracked_and_protected_files	Passed	2b496bca-e4f3-62d0-cb45-aacc73eb94d1	-
20261003-191547-0744	CP-8	Antiphon.Tests.Infrastructure.WorktreeManagerTests	Residue_status_distinguishes_clean_tracked_and_protected_files	Passed	519bb2f0-c1f1-dac4-19c6-e4f4af4cc147	-
20261003-191547-0744	CP-8	Antiphon.Tests.Infrastructure.WorktreeManagerTests	Residue_status_distinguishes_clean_tracked_and_protected_files	Passed	6ec5c6f0-7c44-5fb1-a9a9-ef993bafdea0	-
20261003-191547-0744	CP-8	Antiphon.Tests.Infrastructure.WorktreeManagerTests	Residue_status_distinguishes_clean_tracked_and_protected_files	Passed	96d95120-1a27-7728-df3b-a81e7b2b6687	-
20261003-191547-0744	CP-8	Antiphon.Tests.Infrastructure.WorktreeManagerTests	Residue_status_distinguishes_clean_tracked_and_protected_files	Passed	91addcbf-8583-7c81-4159-bd54d3717bab	-
20261003-191547-0744	CP-8	Antiphon.Tests.Infrastructure.WorktreeManagerTests	TryParseDelegateTaskBranch_accepts_feat_card_task_short_ids_only	Passed	826813c7-578f-e056-c51e-1f396ceab8eb	-
20261003-191547-0744	CP-8	Antiphon.Tests.Infrastructure.WorktreeManagerTests	ParseWorktreeList_captures_locked_reason_and_prunable_reason	Passed	c3374a99-c005-5756-efe3-cc15e9166655	-
20261003-191547-0744	CP-8	Antiphon.Tests.Infrastructure.WorktreeManagerTests	Residue_status_distinguishes_clean_tracked_and_protected_files	Passed	f8d804b3-5539-df42-7051-c6afeefdf39a	-
20261003-191547-0744	CP-8	Antiphon.Tests.Infrastructure.WorktreeManagerTests	IsAlreadyUnregisteredWorktreeError_matches_only_the_not_a_working_tree_fatal	Passed	fb7b925a-aa94-46d6-e1e6-c2ea958431c0	-
20261003-191547-0744	CP-8	Antiphon.Tests.Infrastructure.WorktreeManagerTests	ParseWorktreeList_captures_a_bare_locked_line	Passed	af2b7efd-a4ba-5615-b839-9dae31b0afeb	-
20261003-191547-0744	CP-8	Antiphon.Tests.Infrastructure.WorktreeRemovalDefaultTests	C448_V36_InterfaceDefaultsNeverDelegateDeletion	Passed	2d7d7542-9932-758d-e73b-06c76b2df85a	-
20261003-191547-0744	CP-8	Antiphon.Tests.Infrastructure.WorktreeRemovalDefaultTests	C448_V36_InterfaceDefaultsNeverDelegateDeletion	Passed	36cf515a-b1fb-b7e9-c61d-4e3a2b454897	-
20261003-191547-0744	CP-8	Antiphon.Tests.Infrastructure.WorktreeRemovalDefaultTests	C448_V36_InterfaceDefaultsNeverDelegateDeletion	Passed	a292a9f4-6599-e408-cdb7-470f5ab64566	-
20261003-191547-0744	CP-8	Antiphon.Tests.Infrastructure.WorktreeRemovalDefaultTests	C448_V36_InterfaceDefaultsNeverDelegateDeletion	Passed	793c0c34-1930-fd18-daef-73d70cf014c1	-
20261003-191547-0744	CP-8	Antiphon.Tests.Infrastructure.WorktreeRemovalDefaultTests	C448_V36_InterfaceDefaultsNeverDelegateDeletion	Passed	ce822c11-78d7-9bdb-84af-77b46c627b93	-
20261003-191547-0744	CP-8	Antiphon.Tests.LandDeliveryWaitRoutingTests	Protocol_bound_waits_renew_on_git_progress_and_scan_waits_do_not	Passed	f2aec4ea-4054-7b0f-40fa-221d81978ade	-
20261003-191547-0744	CP-8	Antiphon.Tests.Migrations.CommitOnSettleMigrationTests	Existing_rows_resolve_to_inherit	Passed	812616d2-60e2-e12c-0027-f4f17e3afe89	-
20261003-191547-0744	CP-8	Antiphon.Tests.Migrations.CommitOnSettleMigrationTests	AddCommitOnSettlePolicy_is_additive	Passed	e8826135-100f-edff-1f29-eaefe5fa1d2d	-
20261003-191547-0744	CP-8	Antiphon.Tests.Migrations.CommitOnSettleMigrationTests	AddCommitUpstreamBaseline_is_nullable_and_additive	Passed	50bfc094-1059-97e5-2aaf-e35db0ed7f1b	-
20261003-191547-0744	CP-8	Antiphon.Tests.Migrations.PipelineDefinitionMigrationShapeTests	AddPipelineDefinitions_operations_create_tables_repoint_runs_and_add_the_open_run_index	Passed	85c30de0-d78b-968c-380b-e25ad0b6f75c	-
20261003-191547-0744	CP-8	Antiphon.Tests.ProcessSpawnLimitTests	Caps_concurrent_process_spawning_tests_at_one	Passed	d010f16f-e1b7-1051-5833-1e6a76657c49	-
20261003-191547-0744	CP-8	Antiphon.Tests.ProcessSpawnLimitTests	Process_spawning_classes_carry_the_limiter	Passed	53971e38-5cc9-d879-ab1f-ea20a5965091	-
20261003-191547-0744	CP-8	Antiphon.Tests.ProcessSpawnLimitTests	Live_runner_send_input_method_carries_the_limiter	Passed	6bc9d6c0-4746-6e9a-7daa-0c4408f7b412	-
20261003-191547-0744	CP-8	Antiphon.Tests.ProgressAwareWaitTests	A_satisfied_predicate_returns_before_any_deadline	Passed	bca5b1cd-dc5c-d280-a695-2cd5b8a791c4	-
20261003-191547-0744	CP-8	Antiphon.Tests.ProgressAwareWaitTests	Without_a_progress_probe_the_wait_is_the_plain_sixty_second_deadline	Passed	ea0deb0a-b2d0-035a-ae51-8b3a778527c9	-
20261003-191547-0744	CP-8	Antiphon.Tests.ProgressAwareWaitTests	A_slow_but_progressing_predicate_is_allowed_to_finish_past_the_quiet_deadline	Passed	0e909994-1d9c-5bbe-d0db-bf696dab1d99	-
20261003-191547-0744	CP-8	Antiphon.Tests.ProgressAwareWaitTests	Progress_that_stops_times_out_one_quiet_period_after_the_last_change	Passed	2baffd6b-44d0-20d9-f0a7-7003f2a695b6	-
20261003-191547-0744	CP-8	Antiphon.Tests.ProgressAwareWaitTests	Growing_progress_renews_the_quiet_deadline_until_the_cap	Passed	053edeef-2eb8-aeb7-dfe5-a2ab50946f1e	-
20261003-191547-0744	CP-8	Antiphon.Tests.ProgressAwareWaitTests	Constant_progress_times_out_at_the_quiet_deadline	Passed	cd44f52e-4660-d26e-4200-05c69629b6ab	-
20261003-191547-0744	CP-8	Antiphon.Tests.Scripts.DelegateScriptRunnerSwitchTests	Runner_switch_refuses_shared_and_pins	Passed	6b183d99-d8b7-82c0-8885-6f342ce5aab9	-
20261003-191547-0744	CP-8	Antiphon.Tests.Scripts.DelegateScriptRunnerSwitchTests	Runner_switch_sends_a_worktree_task	Passed	14ddc0da-a534-84e9-2ce1-3fda3f5d9291	-
20261003-191547-0744	CP-8	Antiphon.Tests.Scripts.DelegateScriptRunnerSwitchTests	Runner_is_a_create_only_parameter	Passed	3c5edfda-5857-2940-7ba3-c6115f4be396	-
20261003-191547-0744	CP-8	Antiphon.Tests.Scripts.RemoteScriptContractTests	C973_Cold_marker_readers_accept_pruned_seed_image_and_refuse_invalid_markers	Passed	28d4dbf5-e351-863a-448a-76b2662a4597	-
20261003-191547-0744	CP-8	Antiphon.Tests.Scripts.RemoteScriptContractTests	C973_Cold_marker_readers_accept_pruned_seed_image_and_refuse_invalid_markers	Passed	4092935e-3e6f-914e-fc6e-c5e74abfe391	-
20261003-191547-0744	CP-8	Antiphon.Tests.Scripts.RemoteScriptContractTests	C973_Cold_marker_readers_accept_pruned_seed_image_and_refuse_invalid_markers	Passed	cdd70ea2-7e6f-b72f-59e1-1218148740a0	-
20261003-191547-0744	CP-8	Antiphon.Tests.Scripts.RemoteScriptContractTests	C973_Cold_marker_readers_accept_pruned_seed_image_and_refuse_invalid_markers	Passed	a0f831dd-c44a-5c44-c72b-096490362c44	-
20261003-191547-0744	CP-8	Antiphon.Tests.Scripts.RemoteScriptContractTests	C973_Cold_helper_readers_resolve_current_main_after_seed_image_prune	Passed	a15fc4ef-e694-f2df-ea33-27ceb9b5eefe	-
20261003-191547-0744	CP-8	Antiphon.Tests.Scripts.RemoteScriptContractTests	C973_Cold_helper_readers_resolve_current_main_after_seed_image_prune	Passed	41b7b9f3-4513-8e50-5545-04ca3e13a388	-
20261003-191547-0744	CP-8	Antiphon.Tests.Scripts.RemoteScriptContractTests	C973_Cold_helper_readers_resolve_current_main_after_seed_image_prune	Passed	dc2858da-4bbd-ed05-9d86-47b65efc0ab8	-
20261003-191547-0744	CP-8	Antiphon.Tests.Scripts.RemoteScriptContractTests	C973_Cold_helper_readers_resolve_current_main_after_seed_image_prune	Passed	4e111da6-2f9b-e836-ede2-ae5ed3323652	-
20261003-191547-0744	CP-8	Antiphon.Tests.Scripts.RemoteScriptContractTests	C973_Prune_and_saved_donor_still_require_full_after_seed_image_prune	Passed	7fe003da-4344-485c-c589-afa87f92411b	-
20261003-191547-0744	CP-8	Antiphon.Tests.Scripts.RemoteScriptContractTests	C973_Cold_marker_readers_accept_pruned_seed_image_and_refuse_invalid_markers	Passed	03baea48-d343-9486-6049-c84d3538e652	-
20261003-191547-0744	CP-8	Antiphon.Tests.Scripts.RemoteScriptContractTests	C973_Cold_helper_readers_resolve_current_main_after_seed_image_prune	Passed	d69485de-bb93-ec61-5be3-4284cf0b1be9	-
20261003-191547-0744	CP-8	Antiphon.Tests.Scripts.RemoteScriptContractTests	C973_Cold_marker_readers_accept_pruned_seed_image_and_refuse_invalid_markers	Passed	bb5e5ee3-f92c-8b44-60f0-3a61b45e8c37	-
20261003-191547-0744	CP-8	Antiphon.Tests.Scripts.RemoteScriptContractTests	C849_Docker_volume_paths_have_no_bare_host_reads	Passed	f8e9ed8d-0496-1417-3dad-752631bb5c99	-
20261003-191547-0744	CP-8	Antiphon.Tests.Scripts.RemoteScriptContractTests	Deploy_parent_seeds_or_verifies_runner_checkout	Passed	f69cd09e-41ba-a00e-a1df-338e457381b5	-
20261003-191547-0744	CP-8	Antiphon.Tests.Scripts.RemoteScriptContractTests	Host_daemon_is_never_pruned	Passed	29fdf405-74c2-b00b-5ba8-723039d16903	-
20261003-191547-0744	CP-8	Antiphon.Tests.Scripts.RemoteScriptContractTests	Retirement_is_anchored_on_the_run_scoped_prefix	Passed	8b8dfa36-99f9-d736-bbb6-1ebab457d68e	-
20261003-191547-0744	CP-8	Antiphon.Tests.Scripts.RemoteScriptContractTests	Host_compose_uses_the_deployed_tag_not_this_runs_sha	Passed	2a442027-add9-3da4-6a15-b8c8dd550940	-
20261003-191547-0744	CP-8	Antiphon.Tests.Scripts.RemoteScriptContractTests	Child_project_is_run_scoped_and_distinct	Passed	dac35d92-a42a-60e4-4a9d-cb3c17d30e18	-
20261003-191547-0744	CP-8	Antiphon.Tests.Scripts.RemoteScriptContractTests	Smoke_deletes_its_branch	Passed	b4e88a34-d4bc-e07a-3ccf-3a4e70fdfc4d	-
20261003-191547-0744	CP-8	Antiphon.Tests.Scripts.RemoteScriptContractTests	Scrub_covers_github_token_prefixes	Passed	6bddec53-e177-060c-f8ae-ab69227dd0e6	-
20261003-191547-0744	CP-8	Antiphon.Tests.Scripts.RemoteScriptContractTests	Linux_custody_case_requires_the_linux_backend	Passed	2b99809b-9bfd-0c69-a629-78ed3566785b	-
20261003-191547-0744	CP-8	Antiphon.Tests.Scripts.RemoteScriptContractTests	Custody_containment_is_routed_to_the_remote_and_not_left_pending	Passed	7aff815e-b97d-ffc0-28aa-a42246a162b9	-
20261003-191547-0744	CP-8	Antiphon.Tests.Scripts.RemoteScriptContractTests	Custody_residue_counts_subdirectories_only	Passed	0db88b38-5b4c-918f-45fd-024be9a59716	-
20261003-191547-0744	CP-8	Antiphon.Tests.Scripts.RemoteScriptContractTests	Custody_containment_case_measures_the_v1_path_as_the_app_uid	Passed	1b3a8c9d-593e-6326-5885-9c9cdc3ba795	-
20261003-191547-0744	CP-8	Antiphon.Tests.Scripts.RemoteScriptContractTests	Testing_payload_expects_linux_backend_never_windows	Passed	65a56df1-66d4-340b-6a95-3b2f8cc2b0fb	-
20261003-191547-0744	CP-8	Antiphon.Tests.Scripts.RemoteScriptContractTests	Nested_lane_never_uses_sudo_or_python	Passed	37449260-78b1-bb21-6371-73558a2043c7	-
20261003-191547-0744	CP-8	Antiphon.Tests.Scripts.RemoteScriptContractTests	C905_Linux_shell_finds_pwsh_when_installed	Passed	4d220667-e97e-de6c-3541-546e3f8e84d1	-
20261003-191547-0744	CP-8	Antiphon.Tests.Scripts.RemoteScriptContractTests	C905_Missing_linux_pwsh_skips_all_five_cases_before_a_script_block	Passed	c4090deb-b81d-9c3b-18c0-deec0c10ecdc	-
20261003-191547-0744	CP-8	Antiphon.Tests.Scripts.RemoteScriptContractTests	C946_Green_harness_removes_root_and_failed_keep_run_retains_evidence	Passed	8ea314fb-0052-c58d-65e4-9652fd4ef4cb	-
20261003-191547-0744	CP-8	Antiphon.Tests.Scripts.RemoteScriptContractTests	Lane_detection_separates_a_bare_host_from_the_runner	Passed	8edddcec-d33b-2a9d-b4e0-40bf5ccba2cf	-
20261003-191547-0744	CP-8	Antiphon.Tests.Scripts.RemoteScriptContractTests	C957_Scratch_mutation_controls_go_red_and_restore	Passed	2a3ddd96-d21c-0122-a447-82d3a5fd1ce4	-
20261003-191547-0744	CP-8	Antiphon.Tests.Scripts.RemoteScriptContractTests	Every_case_declares_a_lane	Passed	e5a8f97a-e975-8a4f-9cec-16e47da6eb84	-
20261003-191547-0744	CP-8	Antiphon.Tests.Scripts.RemoteScriptContractTests	Deploy_parent_phone_home_grep_matches_the_runners_registration_failure_template	Passed	0c08345c-ffb3-d966-5641-a0261aee7ce6	-
20261003-191547-0744	CP-8	Antiphon.Tests.Scripts.RemoteScriptContractTests	C849_Deploy_prepares_and_verifies_before_acceptance	Passed	2362455d-10cf-8591-24a0-1d3dcf837a3e	-
20261003-191547-0744	CP-8	Antiphon.Tests.Scripts.RemoteScriptContractTests	C849_Deploy_temp_observes_inaccessible_docker_mountpoints_with_sudo	Passed	825d85b1-bb0a-d700-0257-5414874b51cb	-
20261003-191547-0744	CP-8	Antiphon.Tests.Scripts.RemoteScriptContractTests	C849_Prune_preview_is_read_only_and_bounded	Passed	799c7180-2a66-2afc-9f36-5c2dc09b2946	-
20261003-191547-0744	CP-8	Antiphon.Tests.Scripts.RemoteScriptContractTests	C849_Prune_and_rollback_retain_roots_and_recovery	Passed	c18b3174-deb9-b1d7-a928-b90be480e161	-
20261003-191547-0744	CP-8	Antiphon.Tests.Scripts.RemoteScriptContractTests	C849_Cache_receipts_exclude_credentials_and_payloads	Passed	47836ab0-e48d-9436-fe74-0f814ca8c761	-
20261003-191547-0744	CP-8	Antiphon.Tests.Scripts.RemoteScriptContractTests	C912_Cold_seed_with_unrelated_bind_initializes_only_three_labelled_roots	Passed	73e1dba2-0e66-e4ce-d511-945cd5025271	-
20261003-191547-0744	CP-8	Antiphon.Tests.Scripts.RemoteScriptContractTests	C912_Cold_seed_refuses_when_created_volume_disappears_before_init	Passed	263054c0-aab0-420b-0dcd-dca6af8dc0a8	-
20261003-191547-0744	CP-8	Antiphon.Tests.Scripts.RemoteScriptContractTests	C912_Cold_volumes_seed_accepts_busy_main_without_packages	Passed	9019da97-e0a6-17d5-d272-bd0e2463a792	-
20261003-191547-0744	CP-8	Antiphon.Tests.Scripts.RemoteScriptContractTests	C912_Cold_volumes_seed_refuses_unknown_mounted_or_populated_targets	Passed	f5aa7d4c-262f-0143-ef6a-36791b18d870	-
20261003-191547-0744	CP-8	Antiphon.Tests.Scripts.RemoteScriptContractTests	Deploy_parent_creates_the_git_identity_file_without_overwriting	Passed	152243db-cc2d-7549-004d-c6bd274d6bd9	-
20261003-191547-0744	CP-8	Antiphon.Tests.Scripts.RemoteScriptContractTests	C912_Cold_volumes_seed_rechecks_initialization_and_probe_boundaries	Passed	47fc162a-6623-3b9a-7a7e-bd5c62745d5e	-
20261003-191547-0744	CP-8	Antiphon.Tests.Scripts.RemoteScriptContractTests	C912_Cold_cache_probe_requires_uid_writes_cleanup_and_bounded_exit	Passed	52549fa4-55a2-9e44-b3f6-e41de6545e86	-
20261003-191547-0744	CP-8	Antiphon.Tests.Scripts.RemoteScriptContractTests	C912_Cold_marker_has_distinct_validation_and_full_context_refusal	Passed	cbe7a793-5f23-fdf8-21a3-5f97caf399b0	-
20261003-191547-0744	CP-8	Antiphon.Tests.Scripts.RemoteScriptContractTests	C912_Cold_runner_verification_uses_mounts_and_writability_not_payloads	Passed	e29b162a-94bb-77e5-dbe5-e4315c64f1f6	-
20261003-191547-0744	CP-8	Antiphon.Tests.Scripts.RemoteScriptContractTests	C912_Cold_exception_never_weakens_maintenance_or_donor_gates	Passed	7b3e98ce-c76d-2801-c311-266829fdb216	-
20261003-191547-0744	CP-8	Antiphon.Tests.Scripts.RemoteScriptContractTests	Deploy_parent_probes_the_phone_home_secret_as_the_app_uid	Passed	142a2f5b-81ea-a36c-41b7-0628f873c6ad	-
20261003-191547-0744	CP-8	Antiphon.Tests.Scripts.RemoteScriptContractTests	C957_Scratch_mutation_controls_go_red_and_restore	Passed	5ddad218-38dd-4286-bbbe-1370d3bb5967	-
20261003-191547-0744	CP-8	Antiphon.Tests.Scripts.RemoteScriptContractTests	C849_front_door_passes_every_full_case_name_to_the_invoker	Passed	a7b42293-32e3-c47a-f3bc-556c46215c69	-
20261003-191547-0744	CP-8	Antiphon.Tests.Scripts.RemoteScriptContractTests	C946_Rolling_harness_cleans_only_its_owned_success_root	Passed	b95af41a-c3ed-ec24-797e-fa3f3d6d8e52	-
20261003-191547-0744	CP-8	Antiphon.Tests.Scripts.RemoteScriptContractTests	C957_Scratch_mutation_controls_go_red_and_restore	Passed	309aaf98-daa8-13b3-6b6c-d118316afeff	-
20261003-191547-0744	CP-8	Antiphon.Tests.Scripts.RemoteScriptContractTests	C951_Cache_paths_refuse_symlinked_mountpoints_and_refusing_sudo	Passed	c51a0b17-d8de-74c3-015e-b4b6fd680fc8	-
20261003-191547-0744	CP-8	Antiphon.Tests.Scripts.RemoteScriptContractTests	C951_Cache_paths_refuse_symlinked_mountpoints_and_refusing_sudo	Passed	923eb49d-33a8-1740-3bf4-ed4aaaf12b01	-
20261003-191547-0744	CP-8	Antiphon.Tests.Scripts.RemoteScriptContractTests	C951_Cache_paths_refuse_symlinked_mountpoints_and_refusing_sudo	Passed	0649cd9d-607e-599a-6a24-db4a9e4e9d9f	-
20261003-191547-0744	CP-8	Antiphon.Tests.Scripts.RemoteScriptContractTests	C944_All_cache_loop_variables_are_local	Passed	ac8360ca-71cd-f405-10c6-1194d2a9a74f	-
20261003-191547-0744	CP-8	Antiphon.Tests.Scripts.RemoteScriptContractTests	C849_Cache_prepare_refuses_foreign_or_unsafe_roots	Passed	fcc0640c-f32f-ea42-5733-dbc58c50d52c	-
20261003-191547-0744	CP-8	Antiphon.Tests.Scripts.RemoteScriptContractTests	C849_Cache_prepare_is_idempotent_and_preserves_payloads	Passed	3b45951e-b3d4-3df7-6e0e-bfac5a6da844	-
20261003-191547-0744	CP-8	Antiphon.Tests.Scripts.RemoteScriptContractTests	C951_Cache_paths_refuse_symlinked_mountpoints_and_refusing_sudo	Passed	2c289ac3-22a6-e846-51c2-65ab49edc340	-
20261003-191547-0744	CP-8	Antiphon.Tests.Scripts.RemoteScriptContractTests	C849_Cache_cases_use_only_the_validated_host_lane	Passed	b97e0f63-5cb2-8d0c-080e-c5b3afb1af23	-
20261003-191547-0744	CP-8	Antiphon.Tests.Scripts.RemoteScriptContractTests	Deploy_parent_codex_home_refuses_a_symlink_or_file_and_keeps_contents	Passed	1790bddb-39cd-428f-a224-e425099d1056	-
20261003-191547-0744	CP-8	Antiphon.Tests.Scripts.RemoteScriptContractTests	Deploy_parent_creates_the_codex_home_directory_without_reading_it	Passed	da593ba0-b81a-b85a-fb02-6d8458bec68f	-
20261003-191547-0744	CP-8	Antiphon.Tests.Scripts.RemoteScriptContractTests	Deploy_parent_refuses_a_git_identity_symlink_and_leaves_its_target_mode	Passed	b7ee483d-1075-700f-499e-ac7de474a4be	-
20261003-191547-0744	CP-8	Antiphon.Tests.Scripts.RemoteScriptContractTests	Persistent_restart_ensures_the_identity_file_before_stopping_an_older_runner	Passed	dd085656-b1a1-4826-4dc6-3b937c94a0a1	-
20261003-191547-0744	CP-8	Antiphon.Tests.Scripts.RemoteScriptContractTests	Deploy_parent_seeds_a_fresh_runner_checkout_before_starting_the_runner	Passed	5463e148-d6c5-655f-0e1e-d95efdfaf3e9	-
20261003-191547-0744	CP-8	Antiphon.Tests.Scripts.RemoteScriptContractTests	Temp_deploy_uses_its_own_project_and_the_inspected_grok_store	Passed	6f203532-b761-8628-f0ad-d4bf539f5e19	-
20261003-191547-0744	CP-8	Antiphon.Tests.Scripts.RemoteScriptContractTests	Temp_retire_requires_the_retired_receipt_and_downs_only_temp_volumes	Passed	c71194db-f4c9-7168-a432-3cfb2ed43dfc	-
20261003-191547-0744	CP-8	Antiphon.Tests.Scripts.RemoteScriptContractTests	Host_lane_ownership_reset_never_enters_the_codex_home	Passed	94ef82d0-afd9-6279-9809-5eb14425742f	-
20261003-191547-0744	CP-8	Antiphon.Tests.Scripts.RemoteScriptContractTests	C951_Cache_paths_refuse_symlinked_mountpoints_and_refusing_sudo	Passed	4dc57e6e-a893-cc98-3240-05fcc681791e	-
20261003-191547-0744	CP-8	Antiphon.Tests.Scripts.RemoteScriptContractTests	C951_Cache_paths_refuse_symlinked_mountpoints_and_refusing_sudo	Passed	04aabf8e-19cc-a4e0-b700-2827dc1d3688	-
20261003-191547-0744	CP-8	Antiphon.Tests.Scripts.RemoteScriptContractTests	C849_Retired_guard_refuses_docker_ps_errors	Passed	dd342fe7-91e9-31dc-85b4-83a2b94d237f	-
20261003-191547-0744	CP-8	Antiphon.Tests.Scripts.RemoteScriptContractTests	C849_Seed_publishes_complete_payloads_before_its_marker	Passed	7d6e51d6-8a68-ead5-3ace-600d34b8629c	-
20261003-191547-0744	CP-8	Antiphon.Tests.Scripts.RemoteScriptContractTests	Deploy_parent_retires_its_own_superseded_images	Passed	7eadca83-fe0a-6e41-6dbc-1b8670f055cd	-
20261003-191547-0744	CP-8	Antiphon.Tests.Scripts.RemoteScriptContractTests	C849_Seed_refuses_invalid_donors_and_partial_payloads	Passed	609f1a11-f0be-e6b0-a539-a8ebe02e782c	-
20261003-191547-0744	CP-8	Antiphon.Tests.Scripts.RemoteScriptContractTests	C849_Saved_donor_archive_is_checked_and_imported_without_a_container	Passed	4801c6c3-199f-1f12-928d-b75764530afa	-
20261003-191547-0744	CP-8	Antiphon.Tests.Scripts.RemoteScriptContractTests	C849_Saved_donor_rejects_unsafe_archives_missing_pack_and_busy_counters	Passed	e004e3e7-1a17-706b-bf3b-f911c2087258	-
20261003-191547-0744	CP-8	Antiphon.Tests.Scripts.RemoteScriptContractTests	C849_Saved_donor_rejects_declared_size_bomb_before_writing	Passed	42893a10-f2ea-c0a8-bea4-28af9d4f8817	-
20261003-191547-0744	CP-8	Antiphon.Tests.Scripts.RemoteScriptContractTests	C951_Cache_paths_refuse_symlinked_mountpoints_and_refusing_sudo	Passed	2b06542b-9526-9154-cb93-43fb0c1204fb	-
20261003-191547-0744	CP-8	Antiphon.Tests.Scripts.RemoteScriptContractTests	Deploy_parent_refuses_a_runner_whose_phone_home_keeps_failing	Passed	7f45e78b-e75d-3fc2-fe37-bf44d7506644	-
20261003-191547-0744	CP-8	Antiphon.Tests.Scripts.RemoteScriptContractTests	C849_Deploy_temp_names_saved_import_when_seed_is_missing	Passed	623dfa69-e90e-f607-388c-c3211b6b8e5a	-
20261003-191547-0744	CP-8	Antiphon.Tests.Scripts.RemoteScriptContractTests	C951_Cache_paths_refuse_symlinked_mountpoints_and_refusing_sudo	Passed	d5d4744d-3ce2-2835-49c8-92241bd13813	-
20261003-191547-0744	CP-8	Antiphon.Tests.Scripts.RemoteScriptContractTests	C976_Missing_helper_image_preserves_final_receipt_diagnosis	Passed	7f3e9e4e-46bc-4c82-3219-134c0d293b67	-
20261003-191547-0744	CP-8	Antiphon.Tests.Scripts.RemoteScriptContractTests	C849_Prune_refuses_stale_or_busy_authority	Passed	fa2d537d-cc2e-241f-8dfe-3e263b3ca6ea	-
20261003-191547-0744	CP-8	Antiphon.Tests.TestHelpers.ControlledLandingGitTests	C475_PushOwnedAwaitsTheStartedCallback	Passed	922ff62d-dd27-b212-683a-e46e31e9d0e3	-
20261003-191547-0744	CP-8	Antiphon.Tests.TestHelpers.ControlledLandingGitTests	C475_DisposeRemovesTheFixtureTree	Passed	782d5354-7341-951d-0280-3b61054407e2	-
20261003-191547-0744	CP-8	Antiphon.Tests.TestHelpers.ControlledLandingGitTests	C475_UnsupportedArgumentsCannotSucceedOrMutate	Passed	d911665d-260a-2776-7c05-2619b2a2a1f8	-
20261003-191547-0744	CP-8	Antiphon.Tests.TestHelpers.ControlledLandingGitTests	C475_UnsupportedArgumentsCannotSucceedOrMutate	Passed	832ab88a-5318-9102-a1ea-572b7274dfdf	-
20261003-191547-0744	CP-8	Antiphon.Tests.TestHelpers.ControlledLandingGitTests	C475_RunOwnedAwaitsTheStartedCallback	Passed	d2c6d5e6-cfe6-c87a-f54e-e9ae1a38695f	-
20261003-191547-0744	CP-8	Antiphon.Tests.TestHelpers.ControlledLandingGitTests	C711_PushRejectsNonFastForward	Passed	eff7068c-3d74-601d-f847-b9fe729d1775	-
20261003-191547-0744	CP-8	Antiphon.Tests.TestHelpers.ControlledLandingGitTests	C475_SourceTargetRemoteAndPinsAreIndependent	Passed	7f800fcf-b0eb-cb2b-656b-8e5fb56e0159	-
20261003-191547-0744	CP-8	Antiphon.Tests.TestHelpers.ControlledLandingGitTests	C475_UnknownCommandsAreRejected	Passed	16997a5f-70e4-0009-b482-6395e0cc81bc	-
20261003-191547-0744	CP-8	Antiphon.Tests.TestHelpers.ControlledLandingGitTests	C688_UnregisterDropsHeadFilesWithoutTouchingSetAsideOrRecreatedPath	Passed	7d00f481-0573-03db-b28d-588ed8a2bfae	-
20261003-191547-0744	CP-8	Antiphon.Tests.TestHelpers.ControlledLandingGitTests	C688_UnregisterDropsHeadFilesWithoutTouchingSetAsideOrRecreatedPath	Passed	565cf90c-edc3-64bb-7030-f19f7dd9ea77	-
20261003-191547-0744	CP-8	Antiphon.Tests.TestHelpers.ControlledLandingGitTests	C475_QueryErrorsAreNotAbsence	Passed	5fafd1fa-5303-b3b6-7da8-c93f06662f53	-
20261003-191547-0744	CP-8	Antiphon.Tests.TestHelpers.ControlledLandingGitTests	C475_UnsupportedWorktreeOperationsAreRejected	Passed	fdcaa215-ba79-ade6-bd07-ae3470a90d10	-
20261003-191547-0744	CP-8	Antiphon.Tests.TestHelpers.ControlledLandingGitTests	C475_UnsupportedArgumentsCannotSucceedOrMutate	Passed	ec51fa16-3a00-8b3a-ccac-63d35f1454a2	-
20261003-191547-0744	CP-8	Antiphon.Tests.TestHelpers.ControlledLandingGitTests	C475_UnsupportedArgumentsCannotSucceedOrMutate	Passed	65cf9b15-7e05-0955-80e4-dfc1ba4513bd	-
20261003-191547-0744	CP-8	Antiphon.Tests.TestHelpers.ControlledLandingGitTests	C475_UnsupportedArgumentsCannotSucceedOrMutate	Passed	bf4a2e62-28b9-8780-ab90-fe3dad90c716	-
20261003-191547-0744	CP-8	Antiphon.Tests.TestHelpers.ControlledLandingGitTests	C475_UnsupportedArgumentsCannotSucceedOrMutate	Passed	50b5c000-d1de-7874-11dc-7248e01e402d	-
20261003-191547-0744	CP-8	Antiphon.Tests.TestHelpers.ControlledLandingGitTests	C475_UnsupportedArgumentsCannotSucceedOrMutate	Passed	be53ec5f-5d7c-ff7d-0aef-98573dac0342	-
20261003-191547-0744	CP-8	Antiphon.Tests.TestHelpers.ControlledLandingGitTests	C475_UnsupportedArgumentsCannotSucceedOrMutate	Passed	4367dadf-cabc-4db9-ce7d-c018c23b69ec	-
20261003-191547-0744	CP-8	Antiphon.Tests.TestHelpers.ControlledLandingGitTests	C475_UnsupportedArgumentsCannotSucceedOrMutate	Passed	084d0541-9e74-62f0-5d79-7f5568a440bb	-
20261003-191547-0744	CP-8	Antiphon.Tests.TestHelpers.ControlledLandingGitTests	C475_UnsupportedArgumentsCannotSucceedOrMutate	Passed	c502899b-0bb7-6bd2-039b-948c0bb65298	-
20261003-191547-0744	CP-8	Antiphon.Tests.TestHelpers.ControlledLandingGitTests	C475_UnsupportedArgumentsCannotSucceedOrMutate	Passed	01b388af-59c0-5eb5-84c7-876c66d35091	-
20261003-191547-0744	CP-8	Antiphon.Tests.TestHelpers.ControlledLandingGitTests	C475_UnsupportedArgumentsCannotSucceedOrMutate	Passed	b8483aac-b4c5-0403-da4b-c670a1fba5d7	-
20261003-191547-0744	CP-8	Antiphon.Tests.TestHelpers.ControlledLandingGitTests	C475_UnsupportedArgumentsCannotSucceedOrMutate	Passed	cfc531ad-9e71-6aaf-fbde-89d2582fdb82	-
20261003-191547-0744	CP-8	Antiphon.Tests.TestHelpers.ControlledLandingGitTests	C475_UnsupportedArgumentsCannotSucceedOrMutate	Passed	e0ed62dd-0589-6199-1fc5-a3da9310ab83	-
20261003-191547-0744	CP-8	Antiphon.Tests.TestHelpers.ControlledLandingGitTests	C475_UnsupportedArgumentsCannotSucceedOrMutate	Passed	c97899df-0fb1-efc1-83ca-2ee934ef1779	-
20261003-191547-0744	CP-8	Antiphon.Tests.TestHelpers.ControlledLandingGitTests	C475_UnsupportedArgumentsCannotSucceedOrMutate	Passed	c7a71800-44a3-4f2f-a30c-70c1a4afb88f	-
20261003-191547-0744	CP-8	Antiphon.Tests.TestHelpers.ControlledLandingGitTests	C475_UnsupportedArgumentsCannotSucceedOrMutate	Passed	4ff2cacb-9c51-47e6-b8e8-915e8a0d80db	-
20261003-191547-0744	CP-8	Antiphon.Tests.TestHelpers.ControlledLandingGitTests	C475_UnsupportedArgumentsCannotSucceedOrMutate	Passed	0af11951-b5f4-0c15-d8fc-71c129b82bc6	-
20261003-191547-0744	CP-8	Antiphon.Tests.TestHelpers.ControlledLandingGitTests	C475_UnsupportedArgumentsCannotSucceedOrMutate	Passed	94c156a4-17d5-6245-1fe4-8afce7d07a0d	-
20261003-191547-0744	CP-8	Antiphon.Tests.TestHelpers.ControlledLandingGitTests	C475_UnsupportedArgumentsCannotSucceedOrMutate	Passed	469af151-61a6-fe24-975e-a178f6720637	-
20261003-191547-0744	CP-8	Antiphon.Tests.TestHelpers.ControlledLandingGitTests	C475_UnsupportedArgumentsCannotSucceedOrMutate	Passed	d8b9c307-d9d2-7ee8-8cdf-e3152ad0fae9	-
20261003-191547-0744	CP-8	Antiphon.Tests.TestHelpers.ControlledLandingGitTests	C475_UnsupportedArgumentsCannotSucceedOrMutate	Passed	78ad24b1-9a97-2cd3-2054-24b384493e54	-
20261003-191547-0744	CP-8	Antiphon.Tests.TestHelpers.ControlledLandingGitTests	C475_UnsupportedArgumentsCannotSucceedOrMutate	Passed	40bd43d2-e55e-9745-83d5-5348fc258154	-
20261003-191547-0744	CP-8	Antiphon.Tests.TestHelpers.ControlledLandingGitTests	C475_UnsupportedArgumentsCannotSucceedOrMutate	Passed	f96443de-d358-7fd6-9887-d1ab2b061c7d	-
20261003-191547-0744	CP-8	Antiphon.Tests.TestHelpers.ControlledLandingGitTests	C475_UnsupportedArgumentsCannotSucceedOrMutate	Passed	19282d09-bc37-6d14-6423-4edb626ee5cc	-
20261003-191547-0744	CP-8	Antiphon.Tests.TestHelpers.ControlledLandingGitTests	C475_UnsupportedArgumentsCannotSucceedOrMutate	Passed	a6972ba7-4a7e-fb91-660d-2577c2cc82f7	-
20261003-191547-0744	CP-8	Antiphon.Tests.TestHelpers.ControlledLandingGitTests	C475_UnsupportedArgumentsCannotSucceedOrMutate	Passed	bd813566-268b-6b42-5cc0-715cb9b5644c	-
20261003-191547-0744	CP-8	Antiphon.Tests.TestHelpers.ControlledLandingGitTests	C475_UnsupportedArgumentsCannotSucceedOrMutate	Passed	f0016b91-7bae-3bb5-331b-a1e212e19354	-
20261003-191547-0744	CP-8	Antiphon.Tests.TestHelpers.ControlledLandingGitTests	C475_UnsupportedArgumentsCannotSucceedOrMutate	Passed	5ae06b53-b271-3356-d48c-706c42743ce7	-
20261003-191547-0744	CP-8	Antiphon.Tests.TestHelpers.ControlledLandingGitTests	C475_UnsupportedArgumentsCannotSucceedOrMutate	Passed	599b7f0b-3c87-d320-f2f9-fec25c780d3c	-
20261003-191547-0744	CP-8	Antiphon.Tests.TestHelpers.ControlledLandingGitTests	C475_UnsupportedArgumentsCannotSucceedOrMutate	Passed	21b3a71f-8cae-046c-80e5-e369267d1767	-
20261003-191547-0744	CP-8	Antiphon.Tests.TestHelpers.ControlledLandingGitTests	C475_UnsupportedArgumentsCannotSucceedOrMutate	Passed	f2d7ee39-de5b-8022-c74c-9354fd0fd84c	-
20261003-191547-0744	CP-8	Antiphon.Tests.TestHelpers.ControlledLandingGitTests	C475_UnsupportedArgumentsCannotSucceedOrMutate	Passed	8d406b7c-bb73-d564-9721-955be7c91364	-
20261003-191547-0744	CP-8	Antiphon.Tests.TestHelpers.ControlledLandingGitTests	C475_UnsupportedArgumentsCannotSucceedOrMutate	Passed	faed4987-d871-5991-9b34-4e24f2b0f2b9	-
20261003-191547-0744	CP-8	Antiphon.Tests.TestHelpers.ControlledLandingGitTests	C475_UnsupportedArgumentsCannotSucceedOrMutate	Passed	3b56e5f5-c189-684a-6174-d0250f4ff383	-
20261003-191547-0744	CP-8	Antiphon.Tests.TestHelpers.ControlledLandingGitTests	C475_UnsupportedArgumentsCannotSucceedOrMutate	Passed	534b7288-e872-6822-73be-6d14a774e6ea	-
20261003-191547-0744	CP-8	Antiphon.Tests.TestHelpers.ControlledLandingGitTests	C475_UnsupportedArgumentsCannotSucceedOrMutate	Passed	c0b92bda-ef07-ae9e-c59b-676b328669ac	-
20261003-191547-0744	CP-8	Antiphon.Tests.TestHelpers.ControlledLandingGitTests	C475_UnsupportedArgumentsCannotSucceedOrMutate	Passed	814daa26-83b9-da3c-2b0c-afc540bb3206	-
20261003-191547-0744	CP-8	Antiphon.Tests.TestHelpers.ControlledLandingGitTests	C475_UnsupportedArgumentsCannotSucceedOrMutate	Passed	1bc5e65f-e8ae-295d-cbe6-5a1b4f3ea962	-
20261003-191547-0744	CP-8	Antiphon.Tests.TestHelpers.ControlledLandingGitTests	C475_UnsupportedArgumentsCannotSucceedOrMutate	Passed	bdb94af8-aa24-9392-9209-d904271685f5	-
20261003-191547-0744	CP-8	Antiphon.Tests.TestHelpers.ControlledLandingGitTests	C475_UnsupportedArgumentsCannotSucceedOrMutate	Passed	3e9d688d-ef95-5e4b-789e-9a2d2afeed6f	-
20261003-191547-0744	CP-8	Antiphon.Tests.TestHelpers.DelegationHarnessCensusTests	RuleA_no_hand_rolled_DelegationWorktreeService_scoped_registration	Passed	ecfd0414-c9ab-1b0c-c09f-16800c86b234	-
20261003-191547-0744	CP-8	Antiphon.Tests.TestHelpers.DelegationHarnessCensusTests	RuleB_dispatcher_harnesses_call_AddDelegationWorktreeGraph	Passed	9a8991fa-238d-3a3a-83d4-b161037351e9	-
20261003-191547-0744	CP-8	Antiphon.Tests.TestHelpers.DelegationHarnessCensusTests	C475_RuleBRejectsBareDispatcher	Passed	1f348d10-f0cf-0a62-7b83-8a3fc9bcd137	-
20261003-191547-0744	CP-8	Antiphon.Tests.TestHelpers.DelegationHarnessCensusTests	C475_RuleBRejectsMentionOnlyHelper	Passed	acd2d4a6-19ea-1834-731f-aa85163359ff	-
20261003-191547-0744	CP-8	Antiphon.Tests.TestHelpers.DelegationHarnessCensusTests	RuleC_reply_harnesses_register_git_via_helper_or_BridgeQueueHarness	Passed	25244fce-c539-e1f9-b668-1a8fe4bf641a	-
20261003-191547-0744	CP-8	Antiphon.Tests.TestHelpers.DelegationHarnessCensusTests	RuleD_GitWorkspaceService_one_liner_only_in_the_helper_and_its_pin	Passed	b86dcdbe-484f-b250-f95d-f2957cb9950f	-
20261003-191547-0744	CP-8	Antiphon.Tests.TestHelpers.DelegationHarnessCensusTests	C475_RecognizedOwnersActuallyRegisterTheGraph	Passed	6bff0e75-bc7f-4183-c2b3-1b6693627159	-
20261003-191547-0744	CP-8	Antiphon.Tests.TestHelpers.DelegationTestServicesTests	Helper_is_TryAdd_so_a_fake_worktree_manager_and_a_prior_one_liner_stand	Passed	5c493b84-4cb5-d053-7c60-ffef1f6e743a	-
20261003-191547-0744	CP-8	Antiphon.Tests.TestHelpers.DelegationTestServicesTests	Git_workspace_only_helper_registers_one_singleton_and_no_worktree_graph	Passed	a821df1d-94cb-edac-28c9-1a098bea05a4	-
20261003-191547-0744	CP-8	Antiphon.Tests.TestHelpers.DelegationTestServicesTests	Helper_carries_the_suite_git_settings	Passed	6f566248-1886-3ba6-d484-f5b362fac471	-
20261003-191547-0744	CP-8	Antiphon.Tests.TestHelpers.DelegationTestServicesTests	Logging_clock_and_helper_resolve_the_whole_worktree_graph	Passed	f7ce95e0-174e-285f-de64-5ade0a9a8e30	-
20261003-191547-0744	CP-8	Antiphon.Tests.TestHelpers.DelegationTestServicesTests	C443_DiagnosticRegistrationPreservesOverride	Passed	4d3e732a-8886-4724-7929-e8ce8f29b2e9	-
20261003-191547-0744	CP-8	Antiphon.Tests.TestHelpers.ScaledTimeProviderTests	Speed_10_advances_ten_times_real_time	Passed	894a254e-aca9-dc67-b5d9-a5546aa7eb38	-
20261003-191547-0744	CP-8	Antiphon.Tests.TestHelpers.ScaledTimeProviderTests	Non_positive_speed_is_refused	Passed	aa8536e8-1f03-0554-aa88-54534bb7ef11	-
20261003-191547-0744	CP-8	Antiphon.Tests.TestHelpers.ScaledTimeProviderTests	CancelAfter_on_the_clock_is_scaled	Passed	409c5b72-d6d3-5784-3bb4-33f6512ecdab	-
20261003-191547-0744	CP-8	Antiphon.Tests.TestHelpers.ScaledTimeProviderTests	Speed_one_is_an_offset_clock	Passed	67933736-e40f-5591-23f8-48343f0af95f	-
20261003-191547-0744	CP-8	Antiphon.Tests.TestHelpers.ScaledTimeProviderTests	Delay_on_the_clock_completes_speed_times_sooner	Passed	9a9e33b9-1e87-2d0d-135f-427b6b817825	-
20261003-191547-0744	CP-8	Antiphon.Tests.TestHelpers.ScaledTimeProviderTests	Advance_jumps_now_without_firing_a_pending_delay	Passed	3ea7e684-0e1e-83a8-ccfd-7d02e60a77ab	-
20261003-191547-0744	CP-8	Antiphon.Tests.TestHelpers.SlowTestTripwireTests	unlisted_slow_test_is_a_hit_and_listed_fast_or_allowed_slow_is_not	Passed	ecb8286a-e65d-ddb5-49c1-b8b4c63ba95e	-
20261003-191547-0744	CP-8	Antiphon.Tests.TestHelpers.SlowTestTripwireTests	allowlist_file_exists_and_has_spawn_lane_entries	Passed	240cc9ba-a070-76cd-ff21-e5a639f116ea	-
20261003-191547-0744	CP-8	Antiphon.Tests.TestHelpers.TestAppHostPathTests	Missing_apphost_names_attempted_file	Passed	7e03bbcb-7bad-1568-150a-23d002121aeb	-
20261003-191547-0744	CP-8	Antiphon.Tests.TestHelpers.TestAppHostPathTests	Windows_path_has_exe_suffix	Passed	e6e73eba-2ba9-11dc-e27c-e18b2e2789f5	-
20261003-191547-0744	CP-8	Antiphon.Tests.TestHelpers.TestAppHostPathTests	Linux_path_has_no_exe_suffix	Passed	ddef495a-422d-5e9a-56c3-e8d8c29ba3fb	-
20261003-191547-0744	CP-8	Antiphon.Tests.TestHelpers.TestAppHostPathTests	Sibling_producer_directory_is_used	Passed	b716e017-aedb-c9bb-7caf-bc74ae53a230	-
20261003-191547-0744	CP-8	Antiphon.Tests.TestHelpers.TestAppHostPathTests	E2e_runner_uses_shared_resolution	Passed	8b9fd64a-5970-de30-f4fb-dcb0c853d62f	-
20261003-191547-0744	CP-8	Antiphon.Tests.TestHelpers.TestClassificationPolicyTests	C487_G071	Passed	622fb2ac-4cc8-755f-65a5-273148c7a7f1	-
20261003-191547-0744	CP-8	Antiphon.Tests.TestHelpers.TestClassificationPolicyTests	C487_G070	Passed	69e99ce8-23e7-1052-09a6-88dfbd859f86	-
20261003-191547-0744	CP-8	Antiphon.Tests.TestHelpers.TestClassificationPolicyTests	C487_G072	Passed	3179b68d-d87d-d4f8-e794-6a89ab03b1ad	-
20261003-191547-0744	CP-8	Antiphon.Tests.TestHelpers.TestClassificationPolicyTests	C487_G073	Passed	41c4e68a-c4c3-b38a-005a-2c8861bf2de9	-
20261003-191547-0744	CP-8	Antiphon.Tests.TestHelpers.TestClassificationPolicyTests	C487_G073	Passed	5d0084e2-7669-7916-cacf-7436cd5f8748	-
20261003-191547-0744	CP-8	Antiphon.Tests.TestHelpers.TestClassificationPolicyTests	C487_G069	Passed	160edbd1-a445-b02c-bf45-a7f036619821	-
20261003-191547-0744	CP-8	Antiphon.Tests.TestHelpers.TestClassificationPolicyTests	C487_G074	Passed	b48375ef-b7b2-be54-2284-589ef9930a6e	-
20261003-191547-0744	CP-8	Antiphon.Tests.TestHelpers.TestClassificationPolicyTests	C487_G076	Passed	7e8283f9-22a4-1505-50cd-b9127bf753b7	-
20261003-191547-0744	CP-8	Antiphon.Tests.TestHelpers.TestClassificationPolicyTests	C487_G076	Passed	998bf045-4a31-497d-6cb3-00e30dd81820	-
20261003-191547-0744	CP-8	Antiphon.Tests.TestHelpers.TestClassificationPolicyTests	C487_G075	Passed	621d0f3c-f8d3-ade8-474d-80960bd9f18a	-
20261003-191547-0744	CP-8	Antiphon.Tests.TestHelpers.TestClassificationPolicyTests	C487_G069	Passed	3b168109-cc83-eddb-9057-68006cba4a28	-
20261003-191547-0744	CP-8	Antiphon.Tests.TestHelpers.TestClassificationPolicyTests	C487_G068	Passed	ee6db724-dc48-0f79-e567-24318ebcbd1c	-
20261003-191547-0744	CP-8	Antiphon.Tests.TestHelpers.TestClassificationPolicyTests	C487_G059	Passed	bdf41eaa-a6a9-67ef-d5c6-0364e64d04e8	-
20261003-191547-0744	CP-8	Antiphon.Tests.TestHelpers.TestClassificationPolicyTests	C487_G067	Passed	29563ffe-6e84-bfa7-4cc1-4cc75d91a917	-
20261003-191547-0744	CP-8	Antiphon.Tests.TestHelpers.TestClassificationPolicyTests	C487_G067	Passed	edee398b-4b6f-652c-23c6-b89ba68b601f	-
20261003-191547-0744	CP-8	Antiphon.Tests.TestHelpers.TestClassificationPolicyTests	C487_G066	Passed	b4a4b6d5-9fbb-61c2-bdc9-54b1450d4be2	-
20261003-191547-0744	CP-8	Antiphon.Tests.TestHelpers.TestClassificationPolicyTests	C487_G065	Passed	12a38c84-d391-b7b8-ba0a-d9f325a94cb0	-
20261003-191547-0744	CP-8	Antiphon.Tests.TestHelpers.TestClassificationPolicyTests	C487_G064	Passed	306df0f4-1522-c6da-81b2-e42a02406258	-
20261003-191547-0744	CP-8	Antiphon.Tests.TestHelpers.TestClassificationPolicyTests	C487_G063	Passed	5ee18054-3594-3048-bdec-5f2e5b5d4f1c	-
20261003-191547-0744	CP-8	Antiphon.Tests.TestHelpers.TestClassificationPolicyTests	C487_G062	Passed	d3268886-1612-5a9c-d1ce-cc378f16c689	-
20261003-191547-0744	CP-8	Antiphon.Tests.TestHelpers.TestClassificationPolicyTests	C487_G076	Passed	e124b68c-f957-80e6-6618-e440a9051a64	-
20261003-191547-0744	CP-8	Antiphon.Tests.TestHelpers.TestClassificationPolicyTests	C487_G062	Passed	78d1edcf-5615-c490-15d2-00e47108f1fc	-
20261003-191547-0744	CP-8	Antiphon.Tests.TestHelpers.TestClassificationPolicyTests	Missing_slow_class_is_named	Passed	0712a014-d708-12f9-dfd2-3d4177a2e71a	-
20261003-191547-0744	CP-8	Antiphon.Tests.TestHelpers.TestClassificationPolicyTests	C487_G060	Passed	dedf78e6-f4fa-9f97-83c1-93b6511f41f9	-
20261003-191547-0744	CP-8	Antiphon.Tests.TestHelpers.TestClassificationPolicyTests	C487_G061	Passed	a00b2005-7f0c-a917-e573-aaac9a3ab5ef	-
20261003-191547-0744	CP-8	Antiphon.Tests.TestHelpers.TestLaneCategoryGuardTests	every_test_class_is_tagged_unit_xor_integration	Passed	f0f59b8a-6a05-7746-8e7c-5d5cdd41dcea	-
20261003-191547-0744	CP-8	Antiphon.Tests.TestHelpers.TestDbFixtureLifecycleTests	Clone_creation_failure_drops_once_and_preserves_the_clone_error	Passed	ed7b1427-a1cb-9955-63c8-2aebdbb4d3c3	-
20261003-191547-0744	CP-8	Antiphon.Tests.TestHelpers.TestDbFixtureLifecycleTests	Bootstrap_fault_is_terminal_for_all_waiters	Passed	45e32ca9-1dbe-d7c3-f9b5-172d3bc56102	-
20261003-191547-0744	CP-8	Antiphon.Tests.TestHelpers.TestDbFixtureLifecycleTests	Readiness_waits_for_template_protection	Passed	148a323a-3e4f-7d60-1d9c-d808b3a130b8	-
20261003-191547-0744	CP-8	Antiphon.Tests.TestHelpers.TestDbFixtureLifecycleTests	Eight_concurrent_first_callers_share_one_bootstrap	Passed	c727ddeb-8dc4-44b4-3e22-8cd31ae8b456	-
20261003-191547-0744	CP-8	Antiphon.Tests.TestHelpers.TestDbFixtureLifecycleTests	Each_default_entry_point_initializes_exactly_once	Passed	effcad8b-e5be-2524-0cda-548504d5501c	-
20261003-191547-0744	CP-8	Antiphon.Tests.TestHelpers.TestDbFixtureLifecycleTests	Each_default_entry_point_initializes_exactly_once	Passed	acddc7a2-99d2-0511-cbb9-7f3fd25cc47b	-
20261003-191547-0744	CP-8	Antiphon.Tests.TestHelpers.TestDbFixtureLifecycleTests	Bootstrap_fault_is_terminal_for_all_waiters	Passed	7c635785-3919-157c-04a7-caa84621fd20	-
20261003-191547-0744	CP-8	Antiphon.Tests.TestHelpers.TestDbFixtureLifecycleTests	Bootstrap_fault_is_terminal_for_all_waiters	Passed	a207c20a-28c0-1279-1de7-f46222ad10f3	-
20261003-191547-0744	CP-8	Antiphon.Tests.TestHelpers.TestDbFixtureLifecycleTests	Teardown_matrix	Passed	8490c583-82e3-a7da-1fa7-e8a01086ab41	-
20261003-191547-0744	CP-8	Antiphon.Tests.TestHelpers.TestDbFixtureLifecycleTests	Teardown_matrix	Passed	6f72cf05-24af-ad7c-e992-59b209ae1a58	-
20261003-191547-0744	CP-8	Antiphon.Tests.TestHelpers.TestDbFixtureLifecycleTests	Teardown_matrix	Passed	ee080816-2ea6-dd96-ecea-ffd76ca15b4b	-
20261003-191547-0744	CP-8	Antiphon.Tests.TestHelpers.TestDbFixtureLifecycleTests	Teardown_matrix	Passed	a0016985-9ce1-f967-4db3-1d2206f0638a	-
20261003-191547-0744	CP-8	Antiphon.Tests.TestHelpers.TestDbFixtureLifecycleTests	Bootstrap_fault_is_terminal_for_all_waiters	Passed	2f6858b7-11ff-aebb-8529-e434dc667941	-
20261003-191547-0744	CP-8	Antiphon.Tests.TestHelpers.TestDbFixtureLifecycleTests	Teardown_matrix	Passed	55f36fb4-dca2-c3bb-fc84-f2c6d27a30fd	-
20261003-191547-0744	CP-8	Antiphon.Tests.TestHelpers.TestDbFixtureLifecycleTests	Teardown_matrix	Passed	87907819-99ff-1ec8-ad0a-84b7f34faa95	-
20261003-191547-0744	CP-8	Antiphon.Tests.TestHelpers.TestDbFixtureLifecycleTests	Teardown_matrix	Passed	ea82696b-e0bd-54ce-7b3d-142c0c680f85	-
20261003-191547-0744	CP-8	Antiphon.Tests.TestHelpers.TestDbFixtureLifecycleTests	Probe_payload_defers_shared_store_warmup_unless_mode_is_mixed	Passed	a58ea54a-43ac-577d-f459-7e6dabe00e9c	-
20261003-191547-0744	CP-8	Antiphon.Tests.TestHelpers.TestDbFixtureLifecycleTests	Synchronous_access_completes_under_a_single_threaded_synchronization_context	Passed	0c1c5827-000d-2168-9f8f-8d6d02fadf4f	-
20261003-191547-0744	CP-8	Antiphon.Tests.TestHelpers.TestDbFixtureLifecycleTests	Readiness_waits_for_template_protection	Passed	d4cf0842-8751-c640-c762-c1a9a9d493dd	-
20261003-191547-0744	CP-8	Antiphon.Tests.TestHelpers.TestDbFixtureLifecycleTests	Readiness_waits_for_template_protection	Passed	23db7048-f344-d557-fdee-26877c6ddc58	-
20261003-191547-0744	CP-8	Antiphon.Tests.TestHelpers.TestDbFixtureLifecycleTests	Each_default_entry_point_initializes_exactly_once	Passed	0f89ef12-c414-5499-a86a-a0442a05c1b6	-
20261003-191547-0744	CP-8	Antiphon.Tests.TestHelpers.TestDbFixtureLifecycleTests	Each_default_entry_point_initializes_exactly_once	Passed	c2b9072e-8092-68b9-1f6c-0e214f3a3d7b	-
20261003-191547-0744	CP-8	Antiphon.Tests.TestHelpers.TestDbFixtureLifecycleTests	Each_default_entry_point_initializes_exactly_once	Passed	e1d615f9-da59-ff1e-855e-89c67f9acf50	-
20261003-191547-0744	CP-8	Antiphon.Tests.TestHelpers.TestDbFixtureLifecycleTests	Bootstrap_fault_is_terminal_for_all_waiters	Passed	42ebf994-2604-294d-e547-643a1f74944e	-
20261003-191547-0744	CP-8	Antiphon.Tests.TestHelpers.TestDbFixtureLifecycleTests	Readiness_waits_for_template_protection	Passed	356bbe82-3afa-fcad-4595-1594bec02146	-
20261003-191547-0744	CP-8	Antiphon.Tests.TestHelpers.TestDbFixtureLifecycleTests	Clone_request_on_a_faulted_lifecycle_does_not_drop	Passed	68f402bc-8550-7323-97af-cdb4891eed5c	-
20261003-191547-0744	CP-8	Antiphon.Tests.TestHelpers.TestDbFixtureLifecycleTests	Clone_creation_failure_drops_once_and_preserves_the_clone_error	Passed	557de415-175c-1f39-91d6-210792c82cfd	-
20261003-191547-0744	CP-8	Antiphon.Tests.TestHelpers.TestDbFixtureLifecycleTests	Drop_on_a_faulted_lifecycle_does_not_drop	Passed	024cf02d-2155-32b9-b9a3-230cb075556b	-
20261003-191547-0744	CP-8	Antiphon.Tests.TestHelpers.TestDbFixtureLifecycleTests	Explicit_options_are_not_blocked_by_an_in_flight_bootstrap	Passed	afd6fb3b-95b0-8aaa-852d-b2f24fb28d50	-
20261003-191547-0744	CP-8	Antiphon.Tests.TestHelpers.TestDbFixtureLifecycleTests	Bootstrap_clears_only_the_shared_pool	Passed	6020785d-cd73-9215-84ed-6ab78bdc7eef	-
20261003-191547-0744	CP-8	Antiphon.Tests.TestHelpers.TestDbFixtureLifecycleTests	Default_store_reachability_includes_direct_async_and_helper_calls	Passed	c52d27ae-4b22-f165-518a-49faf00f5fdc	-
20261003-191547-0744	CP-8	Antiphon.Tests.TestHelpers.TestDbFixtureLifecycleTests	Explicit_options_never_initialize	Passed	7237bb38-b9a7-39bc-1953-69a6aefb1b03	-
20261003-191547-0744	CP-8	Antiphon.Tests.TestHelpers.TestDbFixtureLifecycleTests	Worker_mode_list_names_every_owned_child_worker	Passed	85061375-72d7-9fca-87ec-4587ab9c9943	-
