branch,sha,date,ancestorOfMaster,cherryMinus,cherryPlus,taskStatus,card,cardStatus,protected,safe,reason
"agent-queues-foundation","37141dfcfa04eadf38365c1a6cca6269013be8ad","2026-05-18T11:37:55.0000000+00:00","True","0","0","n/a","","unknown","False","True","contained in master; terminal/aged; no active reference"
"backup/card-task-022820cb-f58aa5bf","f58aa5bf10152d9146519a9132c9fbbfff570d48","2026-09-22T13:50:08.0000000+00:00","False","20","2","n/a","","unknown","False","False","unique commits (+2, -20); non-task tip <=7d; nonstandard tip <=30d"
"card-0322-routing-pin-candidates","0ad0c75e07e4ac9c6c49e96e5e628b9d5f72be7c","2026-09-05T15:07:43.0000000+00:00","False","5","0","n/a","","unknown","False","False","nonstandard tip <=30d"
"card-0417-phone","b95bb390ff2cde07d9d25c8a54aed9623e4c6aae","2026-09-09T16:10:45.0000000+00:00","False","0","8","n/a","","unknown","False","False","unique commits (+8, -0); nonstandard tip <=30d"
"docs/card-0420-test-design-ae2d76bf","66db3c35d8495459696d3bc8958ec5df2f1b1a0a","2026-09-07T03:06:23.0000000+00:00","False","1","0","n/a","","unknown","False","False","nonstandard tip <=30d"
"feat/card-0090-s5-wall-reroute","7e63a344b7eeffb5b28c27e8c6cc551843ef41c6","2026-09-05T12:34:17.0000000+00:00","True","0","0","n/a","","unknown","False","True","contained in master; terminal/aged; no active reference"
"feat/card-0095-orchestrator-panel-stats","2c9ef6044e203b0906da00dcc3a4d26d454db4df","2026-09-05T06:33:25.0000000+00:00","True","0","0","n/a","","unknown","False","True","contained in master; terminal/aged; no active reference"
"feat/card-0355-grok-tui-memory-queue","1755dab062d62d01e2f78301c1b1d7cb3516da72","2026-09-05T08:26:22.0000000+00:00","True","0","0","n/a","","unknown","False","True","contained in master; terminal/aged; no active reference"
"feat/card-0476-rebased-8f1e2baf","b5d9a0355400fe9df3af350811c561dd0bde203c","2026-09-12T22:58:52.0000000+00:00","False","6","0","n/a","","unknown","False","True","patch-equivalent to master; terminal/aged; no active reference"
"feat/card-cut-b","e81ce7d03701e844c4a793c1434c0e5e4e844857","2026-09-23T10:08:25.0000000+00:00","False","18","0","n/a","","unknown","False","False","non-task tip <=7d"
"feat/card-task-00222dc7","04feae10146b7696bbdc1caf07af26fcb99bdf11","2026-09-15T10:40:15.0000000+00:00","False","8","0","Succeeded","CARD-0481","Done","False","True","patch-equivalent to master; terminal/aged; no active reference"
"feat/card-task-00afd0a8","4c230f5aedfd0cd514cf8c0602ced1f9e6a3b997","2026-09-08T07:54:52.0000000+00:00","True","0","0","Succeeded","CARD-0262","Backlog","False","True","contained in master; terminal/aged; no active reference"
"feat/card-task-0100d53d","b5642977820d4a30b6ad0e2043112f37e8703ba9","2026-08-26T01:17:40.0000000+00:00","False","0","1","Succeeded","CARD-0118","Done","False","False","unique commits (+1, -0)"
"feat/card-task-015dc1ee","a0c6682e7c8f5e87acb53c655025c2236fc69b0b","2026-09-24T13:31:39.0000000+00:00","False","2","0","Succeeded","CARD-0640","Review","False","False","tip <=24h"
"feat/card-task-01a8985b","e0385e9534e90fe85a849acbdac3c6566729937b","2026-09-02T18:02:14.0000000+00:00","True","0","0","Succeeded","CARD-0272","Done","False","True","contained in master; terminal/aged; no active reference"
"feat/card-task-02017f1d","f5bdefef10091c4750423b3ccd7f1affb9d0708f","2026-09-09T20:21:17.0000000+00:00","True","0","0","Succeeded","CARD-0469","Review","False","True","contained in master; terminal/aged; no active reference"
"feat/card-task-022820cb","712fb59a2a0e3b38bca1381484df71cde337fb20","2026-09-22T13:32:33.0000000+00:00","False","16","6","Succeeded","CARD-0079","InProgress","False","False","unique commits (+6, -16)"
"feat/card-task-0233729c","e3c1409296fc34f5f1b91604c432a7947daf89c2","2026-09-11T14:01:15.0000000+00:00","False","5","0","Succeeded","CARD-0487","Done","False","True","patch-equivalent to master; terminal/aged; no active reference"
"feat/card-task-0353ecae","e91a78cf0d1e01c0352a7ce10443fccf3fa558d2","2026-09-25T01:17:16.0000000+00:00","True","0","0","Succeeded","CARD-0660","InProgress","False","False","tip <=24h"
"feat/card-task-03d3ee30","237bd63a4342b3f2000cb2bf674e80d768044873","2026-09-23T01:08:38.0000000+00:00","False","4","0","Failed","CARD-0610","Review","False","True","patch-equivalent to master; terminal/aged; no active reference"
"feat/card-task-03ff17c5","3d77bf45cc1c26357ea0c4831d309a63257b3d68","2026-09-04T20:31:53.0000000+00:00","True","0","0","Succeeded","CARD-0334","Done","False","True","contained in master; terminal/aged; no active reference"
"feat/card-task-0408b113","11a49c8de793d3d1b036d6c26eb8c921c0d76869","2026-09-03T09:42:35.0000000+00:00","True","0","0","Succeeded","CARD-0244","Done","False","True","contained in master; terminal/aged; no active reference"
"feat/card-task-04b55418","ceff11d83eee33b1ebbd45dee64a1821cd753dde","2026-09-21T18:10:32.0000000+00:00","False","5","0","Succeeded","CARD-0590","Review","False","True","patch-equivalent to master; terminal/aged; no active reference"
"feat/card-task-04ef4e68","361e8486b805f68478ccd4adf765d58cc12de462","2026-09-11T21:22:00.0000000+00:00","False","8","0","Succeeded","CARD-0487","Done","False","True","patch-equivalent to master; terminal/aged; no active reference"
"feat/card-task-0505ce7d","08d2d111761e982766d2e529be2b983ac1a6b185","2026-09-11T07:15:35.0000000+00:00","False","4","1","Failed","CARD-0478","Done","False","False","unique commits (+1, -4)"
"feat/card-task-0506a1cd","4d6b87782b25f3bcd93672b9062e80933e59d02c","2026-09-24T22:55:38.0000000+00:00","False","2","0","Succeeded","CARD-0681","Review","False","False","tip <=24h"
"feat/card-task-050cb713","21e9abed31b7debfe7ab92c465e40ce4bb83f3bb","2026-09-12T20:29:20.0000000+00:00","False","6","1","Succeeded","CARD-0497","Done","False","False","unique commits (+1, -6)"
"feat/card-task-05522ab3","b893f665ed906bf3b04ca62eea592c497c9f8bc2","2026-09-17T22:23:59.0000000+00:00","False","0","2","Succeeded","CARD-0550","Review","False","False","unique commits (+2, -0)"
"feat/card-task-0581d8aa","202e8ab772f8f63a395c9a451f071b1a3738728f","2026-08-17T07:34:45.0000000+00:00","False","1","0","Succeeded","CARD-0035","unknown","False","True","patch-equivalent to master; terminal/aged; no active reference"
"feat/card-task-05a66230","048b6a180cdbb14e85c03c6e18da057f00a93603","2026-09-16T09:20:46.0000000+00:00","False","20","0","Succeeded","CARD-0462","Done","False","True","patch-equivalent to master; terminal/aged; no active reference"
"feat/card-task-05e34c05","5f73b9ee25f0ffd93a503d0d6426a32aed042977","2026-09-02T13:29:29.0000000+00:00","True","0","0","Succeeded","CARD-0090","Done","False","True","contained in master; terminal/aged; no active reference"
"feat/card-task-05f97a87","e3c1409296fc34f5f1b91604c432a7947daf89c2","2026-09-11T14:01:15.0000000+00:00","False","5","0","Succeeded","CARD-0487","Done","False","True","patch-equivalent to master; terminal/aged; no active reference"
"feat/card-task-062bfba3","234bca2835f2f63df60f226fb30d5ffe39d7325c","2026-09-21T21:27:54.0000000+00:00","False","7","1","Succeeded","CARD-0590","Review","False","False","unique commits (+1, -7)"
"feat/card-task-06805739","88e25816aebda0975d7d9048c908cb0da79d750e","2026-09-25T06:39:21.0000000+00:00","False","0","8","Succeeded","CARD-0691","InProgress","False","False","unique commits (+8, -0); tip <=24h"
"feat/card-task-06a0799e","d86636622b579186bfb91576928739f6021ba28a","2026-09-07T21:18:29.0000000+00:00","True","0","0","Succeeded","CARD-0436","Done","False","True","contained in master; terminal/aged; no active reference"
"feat/card-task-06ea7c08","dde6e057f7a987cfaf5054ba851e15283b8e7835","2026-09-05T22:16:47.0000000+00:00","True","0","0","Succeeded","CARD-0401","Done","False","True","contained in master; terminal/aged; no active reference"
"feat/card-task-08203aae","4f07cdfff24a4f6be9533ba2dd9f8682da8d6e43","2026-09-15T09:25:47.0000000+00:00","True","0","0","Succeeded","CARD-0481","Done","False","True","contained in master; terminal/aged; no active reference"
"feat/card-task-084b82af","2c15c3d6586345ae45c258e0cab1514b4932c894","2026-09-05T13:07:22.0000000+00:00","True","0","0","Succeeded","CARD-0383","Done","False","True","contained in master; terminal/aged; no active reference"
"feat/card-task-08847bb6","7cdc276062e19056093e7262d3612a20632e8c80","2026-09-23T10:27:50.0000000+00:00","False","4","0","Succeeded","CARD-0611","Review","False","True","patch-equivalent to master; terminal/aged; no active reference"
"feat/card-task-08dbc127","9618e7a73ea5eb7fc906b49fa0d6032081b919ce","2026-09-23T21:50:12.0000000+00:00","False","30","0","Succeeded","CARD-0631","Review","False","True","patch-equivalent to master; terminal/aged; no active reference"
"feat/card-task-09434b34","7123475129ccca28f898ddcd1aa140f33c8711a4","2026-09-07T21:23:33.0000000+00:00","False","1","0","Succeeded","CARD-0418","Review","False","True","patch-equivalent to master; terminal/aged; no active reference"
"feat/card-task-0998ad05","67f056a82087cca8a32cb6d42c3e4e8370c5cfb2","2026-09-07T02:11:17.0000000+00:00","False","8","2","Failed","CARD-0408","Done","False","False","unique commits (+2, -8)"
"feat/card-task-09adcb72","e992897cff6959f6ebec0cfe617c519cdae6cad5","2026-09-23T13:25:34.0000000+00:00","True","0","0","Canceled","CARD-0623","Backlog","False","True","contained in master; terminal/aged; no active reference"
"feat/card-task-09cc47e1-test-design","1d6a213a65a32b6c04861e17f5d8f4e644171fe7","2026-09-21T17:22:29.0000000+00:00","False","2","0","Succeeded","CARD-0590","Review","False","True","patch-equivalent to master; terminal/aged; no active reference"
"feat/card-task-09d6c0f9","42daeceb6d5cbc4aaa3e9ee493a8cc79a479c684","2026-09-03T05:42:32.0000000+00:00","True","0","0","Succeeded","CARD-0336","Done","False","True","contained in master; terminal/aged; no active reference"
"feat/card-task-0a2d700b","e5aded793dc4276cae01213920c1cd5aa5fd2914","2026-09-02T17:27:42.0000000+00:00","False","1","0","Succeeded","CARD-0209","unknown","False","True","patch-equivalent to master; terminal/aged; no active reference"
"feat/card-task-0aa28b28","a3e10ed9bfdfe0c7084a98bf0d3b0569c1175031","2026-09-03T22:58:07.0000000+00:00","True","0","0","Succeeded","CARD-0313","Done","False","True","contained in master; terminal/aged; no active reference"
"feat/card-task-0abce510","884e452b6d52a5a8ad2f9184511e7a99a1ce09bc","2026-09-23T02:14:14.0000000+00:00","False","1","0","Succeeded","CARD-0613","Review","False","True","patch-equivalent to master; terminal/aged; no active reference"
"feat/card-task-0b5897c5","1516dc48b4a105361c19a45836d8423d2d9529b7","2026-08-21T18:33:37.0000000+00:00","False","1","0","Succeeded","CARD-0115","unknown","False","True","patch-equivalent to master; terminal/aged; no active reference"
"feat/card-task-0b63c33d","60c8280fb89d3b7f352e710c300dd05dc9fc2c61","2026-09-18T01:53:31.0000000+00:00","False","1","0","Succeeded","CARD-0484","Review","False","True","patch-equivalent to master; terminal/aged; no active reference"
"feat/card-task-0c6a0491","0d09e445f73dd372bf4a57470ca62cd2019dd3d3","2026-09-20T16:57:48.0000000+00:00","False","5","0","Succeeded","CARD-0079","InProgress","False","True","patch-equivalent to master; terminal/aged; no active reference"
"feat/card-task-0c93073f","9e8b4f396a397b29310e1d3f23ee747eaf61fc83","2026-09-05T00:13:04.0000000+00:00","False","1","0","Succeeded","CARD-0385","Done","False","True","patch-equivalent to master; terminal/aged; no active reference"
"feat/card-task-0d48a707","29708a88ff35a5f12b943459a7b5f02f3069501c","2026-09-15T18:59:56.0000000+00:00","False","20","1","Succeeded","CARD-0527","Done","False","False","unique commits (+1, -20)"
"feat/card-task-0d678e51","17c414fc84f2cac8511124d4aece748f7dc09477","2026-09-19T19:44:16.0000000+00:00","False","0","3","Succeeded","CARD-0575","Done","False","False","unique commits (+3, -0)"
"feat/card-task-0de0cc0c","3f73603a56125d2c317821cf3a031de1bf9b8b84","2026-09-23T20:58:54.0000000+00:00","False","14","3","Succeeded","CARD-0628","InProgress","False","False","unique commits (+3, -14)"
"feat/card-task-0de233ab","7534e314d4ace6c84bbed82f8d2bd55781e459cd","2026-09-23T22:19:51.0000000+00:00","False","1","0","Succeeded","CARD-0641","Review","False","True","patch-equivalent to master; terminal/aged; no active reference"
"feat/card-task-0eb35cd2","5378b6340711fe7b7658d67ba0e245ae4a05ec6e","2026-09-20T14:27:28.0000000+00:00","False","0","1","Succeeded","CARD-0585","Done","False","False","unique commits (+1, -0)"
"feat/card-task-0f3c3d07","2284bf1dd0caee64796bb9223022ccf549cf7088","2026-09-09T22:44:42.0000000+00:00","True","0","0","Succeeded","CARD-0471","Review","False","True","contained in master; terminal/aged; no active reference"
"feat/card-task-0f3d110c","f5d80dbf2b837d1d5626e9f503bcf182d637550f","2026-09-12T21:40:51.0000000+00:00","False","1","0","Succeeded","CARD-0502","Done","False","True","patch-equivalent to master; terminal/aged; no active reference"
"feat/card-task-0f3de8e9","5a7f3328e9237c94c01bbb59fd1d968b7935324f","2026-09-05T07:04:38.0000000+00:00","True","0","0","Succeeded","CARD-0329","Done","False","True","contained in master; terminal/aged; no active reference"
"feat/card-task-0f4d1ab6","81fbd1864ae6b5f1e91c3da2bd15125c47e09d81","2026-09-23T00:53:45.0000000+00:00","False","4","0","Failed","CARD-0606","Review","False","True","patch-equivalent to master; terminal/aged; no active reference"
"feat/card-task-0f9c42e4","d6726dff09b1e14576cb8a5d55f718f4060523dc","2026-09-16T11:18:54.0000000+00:00","False","22","0","Canceled","CARD-0462","Done","False","True","patch-equivalent to master; terminal/aged; no active reference"
"feat/card-task-100911b8","83175d84d82e8e7e0e43b7ecbf124d1b1c0d022c","2026-08-18T12:37:38.0000000+00:00","True","0","0","Succeeded","CARD-0084","unknown","False","True","contained in master; terminal/aged; no active reference"
"feat/card-task-10632f25","f1195ea11826643cf7417b44a9368544f70df57c","2026-09-24T14:30:15.0000000+00:00","False","4","0","Succeeded","CARD-0657","Review","False","False","tip <=24h"
"feat/card-task-108695a6","832f0e76180ace856bb077a12dc827514e45a9f9","2026-09-03T20:43:34.0000000+00:00","False","1","0","Succeeded","CARD-0147","Done","False","True","patch-equivalent to master; terminal/aged; no active reference"
"feat/card-task-10b8e177","b5329541c95a6a1c93508d54345165c5d22ef807","2026-09-24T12:43:50.0000000+00:00","False","2","0","Succeeded","CARD-0644","InProgress","False","False","tip <=24h"
"feat/card-task-10c3a48a","3d44be163c6ae2ef91da42c5cf0a5b3aa2d3b25b","2026-08-17T08:59:09.0000000+00:00","False","1","0","Succeeded","CARD-0021","unknown","False","True","patch-equivalent to master; terminal/aged; no active reference"
"feat/card-task-10e1fee3","a842fe14614e7cafa4537fee2d012126b5e207e7","2026-09-06T04:25:38.0000000+00:00","False","2","0","Succeeded","CARD-0384","Done","False","True","patch-equivalent to master; terminal/aged; no active reference"
"feat/card-task-112287d8","c3954c5138bcad830cb262821012f7a51bceb757","2026-09-18T15:14:26.0000000+00:00","False","3","0","Failed","CARD-0543","Review","False","True","patch-equivalent to master; terminal/aged; no active reference"
"feat/card-task-11402298","f4bd1778781465547a3f4842c2cea95d4e1054b4","2026-09-04T11:35:30.0000000+00:00","True","0","0","Succeeded","CARD-0366","Done","False","True","contained in master; terminal/aged; no active reference"
"feat/card-task-1193e4ae","5d91dca220544b6f838d34fca4724a185e551c09","2026-09-16T09:39:58.0000000+00:00","True","0","0","Succeeded","CARD-0544","Done","False","True","contained in master; terminal/aged; no active reference"
"feat/card-task-1281bec3","d7b60331e4180cbc067c5c59e6ce17d178c8b780","2026-08-17T14:53:51.0000000+00:00","False","1","0","Succeeded","","unknown","False","True","patch-equivalent to master; terminal/aged; no active reference"
"feat/card-task-12cd8c8b","c4febb15043ec78fb2485ced951747d5aec48d53","2026-09-24T23:55:54.0000000+00:00","False","5","0","Succeeded","CARD-0660","InProgress","False","False","tip <=24h"
"feat/card-task-131d57ee","e0ccbcc4df895736ab1b032dd65e361b2f211cb1","2026-09-12T16:30:01.0000000+00:00","True","0","0","Succeeded","CARD-0476","Done","False","True","contained in master; terminal/aged; no active reference"
"feat/card-task-137c1631","da7481d4dcdde536b20f45abd5d92f9ec9d39f38","2026-09-25T01:51:00.0000000+00:00","False","3","0","Canceled","CARD-0679","Review","False","False","tip <=24h"
"feat/card-task-13f76d02","cbd199ed9ee733ce89fea27d5d1a99090d85a9a2","2026-09-02T00:02:08.0000000+00:00","False","1","0","Succeeded","CARD-0305","Done","False","True","patch-equivalent to master; terminal/aged; no active reference"
"feat/card-task-140e9041","5c6b3ced27800ea946c9f15cee0b8cfb9a0d978d","2026-09-03T12:07:55.0000000+00:00","False","1","0","Succeeded","CARD-0345","Done","False","True","patch-equivalent to master; terminal/aged; no active reference"
"feat/card-task-14620e55","0cb4c605790be62c6b89fdae0ba49b9e3304f949","2026-08-12T07:25:02.0000000+00:00","False","1","0","Succeeded","CARD-0037","unknown","False","True","patch-equivalent to master; terminal/aged; no active reference"
"feat/card-task-151b4e13","1ef62967820880e0e68e3e77519f5b699f91c91f","2026-09-16T07:34:09.0000000+00:00","False","34","1","Succeeded","CARD-0527","Done","False","False","unique commits (+1, -34)"
"feat/card-task-154dd60c","89e373584c6bb32d8acc0218a3ed159eb6856262","2026-09-13T05:11:42.0000000+00:00","True","0","0","Succeeded","CARD-0498","Review","False","True","contained in master; terminal/aged; no active reference"
"feat/card-task-157b7f62","ab19c051eb7c99b3458d662e9e564d9a5c652449","2026-09-03T21:08:39.0000000+00:00","False","0","1","Succeeded","CARD-0146","Done","False","False","unique commits (+1, -0)"
"feat/card-task-15a86ac9","bc619b4a35bad2aa99125ac7c9a3bb0b7d28bf97","2026-09-24T18:01:44.0000000+00:00","False","4","0","Failed","CARD-0650","Review","False","False","tip <=24h"
"feat/card-task-15c9150e","59fdb4ed9684c86db3c07330d99540197d5daa69","2026-08-15T16:34:39.0000000+00:00","True","0","0","Succeeded","CARD-0045","unknown","False","True","contained in master; terminal/aged; no active reference"
"feat/card-task-1663355b","d31a19eb07e6304099d67f64671263bb56d1cd36","2026-09-23T00:24:34.0000000+00:00","False","15","0","Succeeded","CARD-0599","Review","False","True","patch-equivalent to master; terminal/aged; no active reference"
"feat/card-task-169fe4dd","04bb109d569e3fc34a405fb241fce56e275e96b3","2026-09-24T16:43:40.0000000+00:00","False","3","0","Succeeded","CARD-0659","Review","False","False","tip <=24h"
"feat/card-task-17495b37","cfec4b60ef91656ad5bb909ecff8dcc7ce765768","2026-08-18T16:03:44.0000000+00:00","True","0","0","Succeeded","CARD-0084","unknown","False","True","contained in master; terminal/aged; no active reference"
"feat/card-task-1753ea5c","44552e7e291c17aaf758dcf1da061e447b5ab0eb","2026-09-24T16:39:39.0000000+00:00","False","4","0","Succeeded","CARD-0664","Review","False","False","tip <=24h"
"feat/card-task-176e26d6","8f7bb031d170b95506071d7fbd1dc87e39454272","2026-09-24T10:55:02.0000000+00:00","False","6","0","Succeeded","CARD-0651","Review","False","False","tip <=24h"
"feat/card-task-17c504bb","8552dcbb80e8056b134690d1431f9f3d61def132","2026-08-26T08:28:27.0000000+00:00","False","0","1","Succeeded","CARD-0210","Done","False","False","unique commits (+1, -0)"
"feat/card-task-1851566c","85b36637c0cf56573cff0101db90bee39939a1a5","2026-09-04T18:43:01.0000000+00:00","True","0","0","Succeeded","CARD-0327","Done","False","True","contained in master; terminal/aged; no active reference"
"feat/card-task-1857c5d9","a0cd6ed9e59cd8cf80596c037788ac002acb8cd6","2026-08-13T10:38:44.0000000+00:00","False","0","1","Succeeded","CARD-0005","unknown","False","False","unique commits (+1, -0)"
"feat/card-task-18f52a40","68b397737568abee0d349d24a495682f4edaa0cd","2026-09-25T02:35:29.0000000+00:00","False","8","0","Succeeded","CARD-0679","Review","False","False","tip <=24h"
"feat/card-task-193a4a79","14dbe1110a590679e65eca40512e991e8dfbf37f","2026-09-25T00:07:58.0000000+00:00","False","21","0","Succeeded","CARD-0650","Review","False","False","tip <=24h"
"feat/card-task-1963c81d","df769f61c3b680dcbc8d4cea72f19a4943a69504","2026-09-14T06:38:41.0000000+00:00","True","0","0","Succeeded","CARD-0508","Review","False","True","contained in master; terminal/aged; no active reference"
"feat/card-task-199e8dad","42e990a271ac1c0f99d2f0e22baffd8593359e70","2026-09-18T22:26:38.0000000+00:00","True","0","0","Succeeded","CARD-0551","Review","False","True","contained in master; terminal/aged; no active reference"
"feat/card-task-1a396b24","d1426c764ab511d22d841a82a5fd8d63b78fa525","2026-08-17T10:33:03.0000000+00:00","False","2","0","Succeeded","CARD-0067","Done","False","True","patch-equivalent to master; terminal/aged; no active reference"
"feat/card-task-1a46751e","0d56c3ddabfb8a0bd796d79f46db89eb619cff9f","2026-09-23T21:46:00.0000000+00:00","True","0","0","Succeeded","CARD-0484","Review","False","True","contained in master; terminal/aged; no active reference"
"feat/card-task-1a5f192c","4dc8e63fb2c6f81c8fc8f80bf4e645471ed28857","2026-09-20T23:41:22.0000000+00:00","False","31","0","Succeeded","CARD-0490","Review","False","True","patch-equivalent to master; terminal/aged; no active reference"
"feat/card-task-1b4de7e3","952e92e5a886f6681c665841c2107661f8b79755","2026-09-12T12:17:08.0000000+00:00","False","11","0","Succeeded","CARD-0487","Done","False","True","patch-equivalent to master; terminal/aged; no active reference"
"feat/card-task-1b5b60d6","71a4e869716fb29a730f1a974889f2ae47f8e0b1","2026-09-19T01:05:02.0000000+00:00","False","1","0","Succeeded","CARD-0535","Review","False","True","patch-equivalent to master; terminal/aged; no active reference"
"feat/card-task-1bcc1479","2c80c976dc63a47349b6a9e663de1967686ea8d5","2026-09-22T08:32:38.0000000+00:00","False","11","1","Failed","CARD-0590","Review","False","False","unique commits (+1, -11)"
"feat/card-task-1d0bcab2","40f30b38d102ee8cb1bbabc510dc025656804914","2026-09-25T03:14:08.0000000+00:00","False","12","0","Succeeded","CARD-0679","Review","False","False","tip <=24h"
"feat/card-task-1d5e6e18","69f41e64e3c3dce2dd76e0eedee3c0e1df5e9c09","2026-08-16T22:10:45.0000000+00:00","False","2","0","Succeeded","CARD-0056","Done","False","True","patch-equivalent to master; terminal/aged; no active reference"
"feat/card-task-1d875ff4","dac934eabc7509a0ca522f5d7a76539ba35486db","2026-09-24T07:17:14.0000000+00:00","True","0","0","Succeeded","CARD-0647","Review","False","True","contained in master; terminal/aged; no active reference"
"feat/card-task-1d94da9e","14dbe1110a590679e65eca40512e991e8dfbf37f","2026-09-25T00:07:58.0000000+00:00","False","21","0","Canceled","CARD-0650","Review","False","False","tip <=24h"
"feat/card-task-1dcf13b9","c3d4a735b92eb663473cec6a6afbe2bfc72caa3a","2026-09-03T12:26:51.0000000+00:00","True","0","0","Succeeded","CARD-0348","Done","False","True","contained in master; terminal/aged; no active reference"
"feat/card-task-1dd2f569","2c1a7a08613dd25152dff9586d242ffbb214b56c","2026-09-16T08:57:08.0000000+00:00","True","0","0","Succeeded","CARD-0544","Done","False","True","contained in master; terminal/aged; no active reference"
"feat/card-task-1e51696c","633e4ba356e2ab1f879a31425587ec6126677695","2026-09-03T02:48:45.0000000+00:00","True","0","0","Succeeded","CARD-0330","Done","False","True","contained in master; terminal/aged; no active reference"
"feat/card-task-1e69f0ac","8078ebfac63397e4827a5a8e2b5fe1377345d172","2026-09-12T21:38:23.0000000+00:00","True","0","0","Succeeded","CARD-0499","Done","False","True","contained in master; terminal/aged; no active reference"
"feat/card-task-1e77c1d1","d87edfc70d6ff56c52adfcbefb91298cbe986ed7","2026-09-24T19:19:24.0000000+00:00","False","10","0","Succeeded","CARD-0666","Review","False","False","tip <=24h"
"feat/card-task-1e81672c","074f8118fe5bc01b4da844f97a34b6cc192fe0ba","2026-09-13T14:44:36.0000000+00:00","False","6","0","Succeeded","CARD-0407","Review","False","True","patch-equivalent to master; terminal/aged; no active reference"
"feat/card-task-1f0c3963","b85ff0919772a7b87c2358194606c0e8862bd6e4","2026-09-14T08:43:31.0000000+00:00","True","0","0","Succeeded","CARD-0514","Done","False","True","contained in master; terminal/aged; no active reference"
"feat/card-task-1f1c67b6","23502557ca3c797768c8e12f251667e4b4c44c8e","2026-09-08T23:24:00.0000000+00:00","False","7","3","Succeeded","CARD-0415","Done","False","False","unique commits (+3, -7)"
"feat/card-task-1f4a0de4","4259bdc6d9e2bfcff0d075d03b066af4af763a6c","2026-09-23T05:37:24.0000000+00:00","True","0","0","Succeeded","CARD-0617","Review","False","True","contained in master; terminal/aged; no active reference"
"feat/card-task-1f9820dd","7629fe0dc0c0aaee34ba251c9e396b3391184355","2026-09-24T23:07:35.0000000+00:00","False","2","0","Succeeded","CARD-0681","Review","False","False","tip <=24h"
"feat/card-task-1fb9eaa7","de5b281af95d7e4e171fae4ae3bb26bf2e52598d","2026-09-03T04:22:49.0000000+00:00","True","0","0","Succeeded","CARD-0326","Done","False","True","contained in master; terminal/aged; no active reference"
"feat/card-task-1fc83df3","aa055b3ed77214ebc7c993ff982591e2b05e00b2","2026-08-16T13:29:49.0000000+00:00","True","0","0","Succeeded","CARD-0048","unknown","False","True","contained in master; terminal/aged; no active reference"
"feat/card-task-1fff5c74","5f4161c5ba2762b1e32adecc2b11df3f678717cf","2026-09-24T22:04:32.0000000+00:00","False","0","8","Succeeded","CARD-0665","InProgress","False","False","unique commits (+8, -0); tip <=24h"
"feat/card-task-2060e274","96dc68c7deb6400abdb7adc9a6f8db9ea61dc4c1","2026-09-24T14:18:06.0000000+00:00","False","11","0","Succeeded","CARD-0653","Review","False","False","tip <=24h"
"feat/card-task-208cc5d2","237bd63a4342b3f2000cb2bf674e80d768044873","2026-09-23T01:08:38.0000000+00:00","False","4","0","Succeeded","CARD-0610","Review","False","True","patch-equivalent to master; terminal/aged; no active reference"
"feat/card-task-20a0e763","bb4db96a9850bc84c7f899671e404c5bd2ce7ed9","2026-09-25T03:03:42.0000000+00:00","False","1","0","Succeeded","CARD-0684","Review","False","False","tip <=24h"
"feat/card-task-2101b273","682cf0e16206b005824c6387f1f0bbeedd8b7f0e","2026-08-13T06:10:33.0000000+00:00","True","0","0","Succeeded","CARD-0041","unknown","False","True","contained in master; terminal/aged; no active reference"
"feat/card-task-2139f2f3","8f7a41f51e685a28be7263ef6544862b3c51e0bd","2026-09-15T10:40:07.0000000+00:00","False","1","0","Succeeded","CARD-0527","Done","False","True","patch-equivalent to master; terminal/aged; no active reference"
"feat/card-task-213e34d6","c5e32c2f9029cd1c8bb2132bbda59bcd44bd1424","2026-09-24T07:43:50.0000000+00:00","True","0","0","Failed","CARD-0640","Review","False","True","contained in master; terminal/aged; no active reference"
"feat/card-task-215541e8","969d0b5dcf8a70833530cc002e4856564bf078d4","2026-08-21T23:17:06.0000000+00:00","False","1","0","Succeeded","","unknown","False","True","patch-equivalent to master; terminal/aged; no active reference"
"feat/card-task-217357ad","cb504dc6eb9436afc8f6309d6b344031ed7d3cf6","2026-09-08T17:55:42.0000000+00:00","False","1","0","Succeeded","CARD-0450","Done","False","True","patch-equivalent to master; terminal/aged; no active reference"
"feat/card-task-2198db1d","8c312c48eb67873b7188c171762adf9d457332b7","2026-09-18T02:15:24.0000000+00:00","False","0","1","Succeeded","CARD-0511","Review","False","False","unique commits (+1, -0)"
"feat/card-task-21ba048b","5291ecb07e850eb17a983065feafb0840af57a49","2026-09-23T08:48:28.0000000+00:00","False","2","0","Succeeded","CARD-0604","Review","False","True","patch-equivalent to master; terminal/aged; no active reference"
"feat/card-task-21e52fe7","dc71f4222f181b681528766c70e96cf67f6a0947","2026-08-14T12:58:54.0000000+00:00","True","0","0","Succeeded","CARD-0046","unknown","False","True","contained in master; terminal/aged; no active reference"
"feat/card-task-22016441","ba02210fe89e8dbcda8d6e5f994d68c51b824bcb","2026-09-12T15:54:06.0000000+00:00","True","0","0","Succeeded","CARD-0476","Done","False","True","contained in master; terminal/aged; no active reference"
"feat/card-task-2230877a","02947cb017a960e92cda7b0443e0ee475a46bc24","2026-08-21T23:40:51.0000000+00:00","False","1","0","Succeeded","","unknown","False","True","patch-equivalent to master; terminal/aged; no active reference"
"feat/card-task-224e1d8f","4ff5fdf2d0baf92a25a6e3f3e1992fa571929660","2026-08-24T22:15:41.0000000+00:00","True","0","0","Succeeded","CARD-0178","unknown","False","True","contained in master; terminal/aged; no active reference"
"feat/card-task-22c588c7","2b297025f403bdd2d2bc2761468a2796ce480fe7","2026-09-01T15:05:17.0000000+00:00","True","0","0","Succeeded","CARD-0298","Done","False","True","contained in master; terminal/aged; no active reference"
"feat/card-task-2378995d","3723bbfe82f4f71d8d98e3765d52a5c3f4ba2559","2026-08-27T00:24:45.0000000+00:00","False","1","0","Succeeded","CARD-0122","unknown","False","True","patch-equivalent to master; terminal/aged; no active reference"
"feat/card-task-23acc4a0","1d37c6da2ba5b1ce72836e4bbddbd8c75c64a50c","2026-09-07T19:35:37.0000000+00:00","True","0","0","Succeeded","CARD-0417","Review","False","True","contained in master; terminal/aged; no active reference"
"feat/card-task-23d64095","649c5edbcda45a5d83a8ca2f242d65fc6ee7b18a","2026-09-03T18:40:54.0000000+00:00","True","0","0","Succeeded","CARD-0332","Done","False","True","contained in master; terminal/aged; no active reference"
"feat/card-task-242a7647","480e6e2371ba97e438bc32b47431271e9cb3bd38","2026-08-27T04:42:36.0000000+00:00","True","0","0","Succeeded","CARD-0040","unknown","False","True","contained in master; terminal/aged; no active reference"
"feat/card-task-24354988","0cc8db569b995868ca3c8d493c7ee66e23d4d731","2026-09-25T00:24:10.0000000+00:00","False","8","0","Canceled","CARD-0679","Review","False","False","tip <=24h"
"feat/card-task-24bc78b2","434133060cbb6ed8802875f27c902a2b9b14bb62","2026-09-25T03:13:56.0000000+00:00","False","1","0","Succeeded","CARD-0694","Done","False","False","tip <=24h"
"feat/card-task-253847fc","9ba098c68ef4b54ba819219f51862f0278696bd9","2026-09-03T20:21:53.0000000+00:00","True","0","0","Succeeded","CARD-0147","Done","False","True","contained in master; terminal/aged; no active reference"
"feat/card-task-261a4a51","fbcf25601c61c8b07456b3b9c94c8d8953e6de56","2026-09-23T21:17:05.0000000+00:00","False","15","4","Succeeded","CARD-0628","InProgress","False","False","unique commits (+4, -15)"
"feat/card-task-263541a1","eb8344d337ee5384782fc7f0858be9c58756d2ca","2026-09-24T10:10:06.0000000+00:00","False","2","0","Succeeded","CARD-0653","Review","False","False","tip <=24h"
"feat/card-task-26791319","e5a56938b3a54e8a38cdff8350299e9c3ddfddf8","2026-09-03T18:23:47.0000000+00:00","True","0","0","Succeeded","CARD-0346","Done","False","True","contained in master; terminal/aged; no active reference"
"feat/card-task-26809d78","d187c621a3f814f2872e45d46028dfdad78ceb69","2026-08-16T14:53:55.0000000+00:00","True","0","0","Succeeded","CARD-0047","Done","False","True","contained in master; terminal/aged; no active reference"
"feat/card-task-26cb0b70","f6ce6e0cd076e423da0f70a7311cee4d4da3d93c","2026-09-11T13:31:59.0000000+00:00","False","3","0","Succeeded","CARD-0486","Done","False","True","patch-equivalent to master; terminal/aged; no active reference"
"feat/card-task-26d9c3d8","c308a510f6b31c9e4dd60aca3ee820aa7ecfb23d","2026-09-22T09:22:33.0000000+00:00","False","13","1","Succeeded","CARD-0590","Review","False","False","unique commits (+1, -13)"
"feat/card-task-26ef365c","8c2be39633eabb4df4c0fdcac301df9baf55f027","2026-09-20T15:27:39.0000000+00:00","True","0","0","Succeeded","CARD-0585","Done","False","True","contained in master; terminal/aged; no active reference"
"feat/card-task-275c5757","212128028d79f07d12f229ce4d76973d176fb002","2026-09-25T00:03:25.0000000+00:00","False","6","0","Succeeded","CARD-0660","InProgress","False","False","tip <=24h"
"feat/card-task-27d48d06","cc92f47640f3c9b88f0a4a9b47096a0de855618c","2026-09-24T16:53:09.0000000+00:00","False","2","4","Failed","CARD-0665","InProgress","False","False","unique commits (+4, -2); tip <=24h"
"feat/card-task-27dd8efb","64b350d17d9075dc26e902b6ec77a997075b2bcc","2026-09-24T19:22:33.0000000+00:00","False","24","1","Canceled","CARD-0657","Review","False","False","unique commits (+1, -24); tip <=24h"
"feat/card-task-27ebe6b0","4b33dd0673be1c23334cd861fc92ba24d9c76725","2026-09-01T19:46:46.0000000+00:00","True","0","0","Succeeded","CARD-0296","Done","False","True","contained in master; terminal/aged; no active reference"
"feat/card-task-281667f9","07b1c739c8fe77713ff18fea026da34384d971d3","2026-08-25T19:29:44.0000000+00:00","True","0","0","Succeeded","CARD-0190","unknown","False","True","contained in master; terminal/aged; no active reference"
"feat/card-task-2824ba4c","0c36c6816ce3799a38f32059491bd49b4b6c517f","2026-09-24T22:14:46.0000000+00:00","False","15","0","Succeeded","CARD-0650","Review","False","False","tip <=24h"
"feat/card-task-2853f966","29708a88ff35a5f12b943459a7b5f02f3069501c","2026-09-15T18:59:56.0000000+00:00","False","20","1","Succeeded","CARD-0527","Done","False","False","unique commits (+1, -20)"
"feat/card-task-28dcbf6d","0497e0da558664afeda1a9c660fb1aeb4379ab9b","2026-09-25T05:32:48.0000000+00:00","False","3","7","Succeeded","CARD-0672","Review","False","False","unique commits (+7, -3); tip <=24h"
"feat/card-task-292f5645","d31a19eb07e6304099d67f64671263bb56d1cd36","2026-09-23T00:24:34.0000000+00:00","False","15","0","Succeeded","CARD-0599","Review","False","True","patch-equivalent to master; terminal/aged; no active reference"
"feat/card-task-2935a868","37a0bd861192d1961a230e9396200adf5759f543","2026-09-01T15:53:20.0000000+00:00","False","1","0","Succeeded","CARD-0294","Done","False","True","patch-equivalent to master; terminal/aged; no active reference"
"feat/card-task-29bb901f","8b2f61e1a2ea5156b4b52823e0047860ea70e597","2026-09-22T09:00:07.0000000+00:00","False","20","2","Failed","CARD-0459","Review","False","False","unique commits (+2, -20)"
"feat/card-task-29c997c6","07a9a6e3fc85c3a4df3162b3bbba318dbb6799cf","2026-09-09T20:00:25.0000000+00:00","False","1","0","Succeeded","CARD-0467","Done","False","True","patch-equivalent to master; terminal/aged; no active reference"
"feat/card-task-29f4378a","f094ef827a48683f9bbbff5194ea7359aecdc87e","2026-09-02T16:02:53.0000000+00:00","True","0","0","Succeeded","CARD-0093","unknown","False","True","contained in master; terminal/aged; no active reference"
"feat/card-task-2a1af42b","ae528d8bc0b70f74c4407aab1bc8683f558369fb","2026-09-23T21:59:22.0000000+00:00","False","24","0","Succeeded","CARD-0628","InProgress","False","True","patch-equivalent to master; terminal/aged; no active reference"
"feat/card-task-2aab4b1c","75f610351f3bcee296dc67768eb3ab61e4d60c1b","2026-09-04T16:58:28.0000000+00:00","True","0","0","Succeeded","CARD-0124","Done","False","True","contained in master; terminal/aged; no active reference"
"feat/card-task-2b2d0432","3404322c80a01eacab520f863cc96a166f1d4c49","2026-09-03T18:26:30.0000000+00:00","False","1","0","Succeeded","CARD-0334","Done","False","True","patch-equivalent to master; terminal/aged; no active reference"
"feat/card-task-2b6ade7e","7c89dcd8c3cb5658c118f4d62f6fe64cc6af4af2","2026-09-24T23:04:31.0000000+00:00","False","4","0","Canceled","CARD-0679","Review","False","False","tip <=24h"
"feat/card-task-2b722beb","4e6b27414ac425735fa2d71da2e0eacc41901e63","2026-09-25T00:05:24.0000000+00:00","False","12","0","Succeeded","CARD-0642","Done","False","False","tip <=24h"
"feat/card-task-2c40e79f","06914fe3b9b4e02e05e9fe947e2c0d278925513b","2026-08-11T08:47:04.0000000+00:00","False","2","0","Failed","CARD-0006","Done","False","True","patch-equivalent to master; terminal/aged; no active reference"
"feat/card-task-2c75dbb0","cb7e2e3d380625a288f87f9820b9628043d089f4","2026-09-04T13:52:25.0000000+00:00","True","0","0","Succeeded","CARD-0360","Done","False","True","contained in master; terminal/aged; no active reference"
"feat/card-task-2c806d9f","b8459e50f7fcaf10702ad0f1576ce461761d0c00","2026-08-18T16:10:29.0000000+00:00","False","1","0","Succeeded","CARD-0084","unknown","False","True","patch-equivalent to master; terminal/aged; no active reference"
"feat/card-task-2cca15a0","67ee59d6e518ca9e9b0807d3a1b61e1205db3259","2026-09-12T12:57:20.0000000+00:00","True","0","0","Succeeded","CARD-0495","Review","False","True","contained in master; terminal/aged; no active reference"
"feat/card-task-2cd14d4c","4eed6c9699d735667df2893e4b40fb543e618758","2026-09-24T17:01:13.0000000+00:00","False","4","0","Failed","CARD-0666","Review","False","False","tip <=24h"
"feat/card-task-2dbc8291","a67f063680b4c56452972967a38c4c238f284277","2026-09-20T00:11:31.0000000+00:00","False","6","0","Succeeded","CARD-0490","Review","False","True","patch-equivalent to master; terminal/aged; no active reference"
"feat/card-task-2ddbfaf6","1d076be57eb0244cf50f5b675cf9ae7ec4cb8678","2026-09-09T08:29:05.0000000+00:00","False","45","0","Failed","CARD-0415","Done","False","True","patch-equivalent to master; terminal/aged; no active reference"
"feat/card-task-2e36a442","e589ec5afe1856e8552ba8d3717c03d67692df3c","2026-09-18T04:18:45.0000000+00:00","False","1","0","Succeeded","CARD-0484","Review","False","True","patch-equivalent to master; terminal/aged; no active reference"
"feat/card-task-2e841047","fa1897c39bfe2aa9a6d83800003ad4974235a0a7","2026-09-25T02:05:26.0000000+00:00","False","2","0","Canceled","CARD-0693","Review","False","False","tip <=24h"
"feat/card-task-2e8b3a67","e51c7ff56bac522882941f73d9b26d13048a6c68","2026-09-24T17:48:50.0000000+00:00","False","7","0","Failed","CARD-0659","Review","False","False","tip <=24h"
"feat/card-task-2f3bc820","da2ba5314694f155474da189fb621e64060c1d7c","2026-09-03T13:19:42.0000000+00:00","True","0","0","Succeeded","CARD-0351","Done","False","True","contained in master; terminal/aged; no active reference"
"feat/card-task-30103883","2c85ee0a6452632fc1e4166b0157316ed0fa6ac4","2026-09-24T19:20:20.0000000+00:00","False","7","0","Failed","CARD-0650","Review","False","False","tip <=24h"
"feat/card-task-303a8c1f","87f261ac7354242b9e53d40f5a2db8fd84ee2402","2026-09-24T20:24:07.0000000+00:00","True","0","0","Succeeded","CARD-0657","Review","False","False","tip <=24h"
"feat/card-task-30ae475e","bf10f00a1f8e744136c5d70a3ef0d7babb0d9f10","2026-09-01T23:44:45.0000000+00:00","False","3","0","Succeeded","CARD-0300","Done","False","True","patch-equivalent to master; terminal/aged; no active reference"
"feat/card-task-30e701dd","7a7dac4ac4f9c4d1477dfbc094861dd990bd87f9","2026-09-16T07:17:40.0000000+00:00","True","0","0","Succeeded","CARD-0462","Done","False","True","contained in master; terminal/aged; no active reference"
"feat/card-task-311fb3cb","7fc2020ec9b0ce6b933a3bfb35a0b9a44c1bbb3a","2026-09-09T20:47:36.0000000+00:00","True","0","0","Succeeded","CARD-0467","Done","False","True","contained in master; terminal/aged; no active reference"
"feat/card-task-3130100c","f3b5a62fb12c69251f064ac51dbc067410ab8803","2026-09-24T11:20:02.0000000+00:00","True","0","0","Succeeded","CARD-0655","Review","False","False","tip <=24h"
"feat/card-task-31740fa8","1730bc56e43a9fba10a5fd2347ea247d78d8e5d4","2026-09-08T08:24:02.0000000+00:00","True","0","0","Succeeded","CARD-0407","Review","False","True","contained in master; terminal/aged; no active reference"
"feat/card-task-318daeb7","17c414fc84f2cac8511124d4aece748f7dc09477","2026-09-19T19:44:16.0000000+00:00","False","0","3","Succeeded","CARD-0575","Done","False","False","unique commits (+3, -0)"
"feat/card-task-31bc9be7","7e9ead9a7c3217fb250a0e576d733bb1df533455","2026-09-03T03:55:12.0000000+00:00","False","1","0","Succeeded","CARD-0098","Done","False","True","patch-equivalent to master; terminal/aged; no active reference"
"feat/card-task-31d21dea","74b5d57dba6fdf8098ff049ca6f2c84d6ad9fc37","2026-08-21T20:33:52.0000000+00:00","False","1","0","Succeeded","CARD-0126","unknown","False","True","patch-equivalent to master; terminal/aged; no active reference"
"feat/card-task-323ce01d","4f5fa3def464b345b162e7676536ec46a3237f8a","2026-09-23T20:53:47.0000000+00:00","False","1","0","Succeeded","CARD-0631","Review","False","True","patch-equivalent to master; terminal/aged; no active reference"
"feat/card-task-326c349a","92deb6db21da79af7bbf081f18bd5625b7af54a2","2026-09-15T08:35:14.0000000+00:00","False","22","0","Succeeded","CARD-0501","Done","False","True","patch-equivalent to master; terminal/aged; no active reference"
"feat/card-task-32c16f61","a578dd405e11efcde8e75bb742fa385cd15872a5","2026-09-24T13:24:56.0000000+00:00","False","6","0","Succeeded","CARD-0653","Review","False","False","tip <=24h"
"feat/card-task-33080007","470057de18b7064770e0731734d06b23fa648ba1","2026-09-19T12:49:04.0000000+00:00","True","0","0","Succeeded","CARD-0574","Review","False","True","contained in master; terminal/aged; no active reference"
"feat/card-task-33c53ffb","6475105867f379d7262bde80800005b2b5a74e41","2026-09-03T08:30:29.0000000+00:00","True","0","0","Succeeded","CARD-0339","Done","False","True","contained in master; terminal/aged; no active reference"
"feat/card-task-33cc8c8c","95bf7f420578388d71d51d8202aecc031ed40e41","2026-09-19T22:00:55.0000000+00:00","False","1","0","Succeeded","CARD-0459","Review","False","True","patch-equivalent to master; terminal/aged; no active reference"
"feat/card-task-33d17d16","4e357ccf2e46d6c399941978b61ace14494bfd19","2026-09-06T05:03:25.0000000+00:00","False","6","0","Succeeded","CARD-0382","Done","False","True","patch-equivalent to master; terminal/aged; no active reference"
"feat/card-task-33d2d16a","25564530cd51ff9b02e5b8c9a5ac4793225d2541","2026-09-23T22:25:02.0000000+00:00","True","0","0","Failed","CARD-0628","InProgress","False","True","contained in master; terminal/aged; no active reference"
"feat/card-task-3414bfc4","9183ced819a2996d0ee07857378bd542a1c5d727","2026-09-22T17:14:52.0000000+00:00","False","3","0","Succeeded","CARD-0604","Review","False","True","patch-equivalent to master; terminal/aged; no active reference"
"feat/card-task-3416c8aa","b7849c32cc7de01f79f676b6933374b0b7f56315","2026-09-24T09:21:40.0000000+00:00","False","1","0","Failed","CARD-0646","Review","False","False","tip <=24h"
"feat/card-task-341c1bad","5583f9cd988041de3b615e8219d879eba96fc3dc","2026-09-24T16:18:31.0000000+00:00","False","1","6","Succeeded","CARD-0644","InProgress","False","False","unique commits (+6, -1); tip <=24h"
"feat/card-task-34794d32","240907422f24a8320a3cbb6a3bbbc50145bdf985","2026-09-24T15:15:29.0000000+00:00","False","11","1","Succeeded","CARD-0657","Review","False","False","unique commits (+1, -11); tip <=24h"
"feat/card-task-3500c33b","cd1783056d1a3ebf63ffad62b47f0545a9f4ebfc","2026-09-02T16:57:39.0000000+00:00","False","1","0","Succeeded","CARD-0327","Done","False","True","patch-equivalent to master; terminal/aged; no active reference"
"feat/card-task-35035902","eab2608849e0c6db1aa91894f084df29ebf0dc0f","2026-09-02T10:18:36.0000000+00:00","True","0","0","Succeeded","CARD-0039","unknown","False","True","contained in master; terminal/aged; no active reference"
"feat/card-task-354b15be","514dfaaf58a63398d4ca6c68597b514ed430b02d","2026-09-24T18:40:23.0000000+00:00","False","2","0","Succeeded","CARD-0678","Review","False","False","tip <=24h"
"feat/card-task-35921275","7e4640503b98763569e11d4a94b200bc737c20dd","2026-09-15T10:01:01.0000000+00:00","False","1","0","Succeeded","CARD-0527","Done","False","True","patch-equivalent to master; terminal/aged; no active reference"
"feat/card-task-35b8f15d","73c491dbcd9e40fc0df44a1ff0584f968b2f2b65","2026-09-24T14:34:22.0000000+00:00","False","1","0","Succeeded","CARD-0662","Review","False","False","tip <=24h"
"feat/card-task-360e223e","4d2a95508024253dddd647b6f9c8f71f63341da5","2026-09-15T17:37:50.0000000+00:00","False","17","1","Succeeded","CARD-0527","Done","False","False","unique commits (+1, -17)"
"feat/card-task-3646cd9c","4483138169183cd23edfd09023cb83e1d41ea7c8","2026-09-19T18:52:11.0000000+00:00","False","9","0","Succeeded","CARD-0574","Review","False","True","patch-equivalent to master; terminal/aged; no active reference"
"feat/card-task-36a054a6","309f36ad3f72085fede5e93e67582cea56aae923","2026-09-07T22:00:59.0000000+00:00","True","0","0","Succeeded","CARD-0418","Review","False","True","contained in master; terminal/aged; no active reference"
"feat/card-task-36fd28fc","c71a89da3075d6fef5e0fa3590162bf01ba73f24","2026-09-11T14:36:47.0000000+00:00","True","0","0","Succeeded","CARD-0488","Done","False","True","contained in master; terminal/aged; no active reference"
"feat/card-task-37019236","eed7f761e9576d08a7eede92e4675c281e9941ba","2026-09-07T16:37:31.0000000+00:00","True","0","0","Succeeded","CARD-0415","Done","False","True","contained in master; terminal/aged; no active reference"
"feat/card-task-375526ed","965703e65aa4571a4e1cce7ff2dd68e3f98af14e","2026-09-22T21:38:21.0000000+00:00","False","33","0","Succeeded","CARD-0604","Review","False","True","patch-equivalent to master; terminal/aged; no active reference"
"feat/card-task-37a70801","0e845e98756a2eda11e76cbdc196068bfab48a2c","2026-09-24T15:56:32.0000000+00:00","False","4","0","Failed","CARD-0599","Review","False","False","tip <=24h"
"feat/card-task-37c9d0e5","e91e3ac847dbaceb553912beeb1cbd1612e1a3cb","2026-09-24T17:52:24.0000000+00:00","False","3","0","Succeeded","CARD-0658","Review","False","False","tip <=24h"
"feat/card-task-380ccb08","b2e0ad83eb3f22d47665baa9361133d79fad1b88","2026-09-24T08:34:28.0000000+00:00","False","4","0","Succeeded","CARD-0651","Review","False","True","patch-equivalent to master; terminal/aged; no active reference"
"feat/card-task-3816b58e","7629fe0dc0c0aaee34ba251c9e396b3391184355","2026-09-24T23:07:35.0000000+00:00","False","2","0","Canceled","CARD-0681","Review","False","False","tip <=24h"
"feat/card-task-38ee88e2","425a6781a9472c6fe9fd86b9789d3dab03d539be","2026-09-05T19:55:28.0000000+00:00","False","5","0","Succeeded","CARD-0398","Done","False","True","patch-equivalent to master; terminal/aged; no active reference"
"feat/card-task-38ef9d3b","e3feae174b6a53f3b0573e217c83c077e3a6710d","2026-09-03T23:09:25.0000000+00:00","True","0","0","Succeeded","CARD-0313","Done","False","True","contained in master; terminal/aged; no active reference"
"feat/card-task-392e77d8","649f95fe6036acd62449b70334e3b37cf49d8d80","2026-09-18T18:51:27.0000000+00:00","False","4","0","Failed","CARD-0543","Review","False","True","patch-equivalent to master; terminal/aged; no active reference"
"feat/card-task-39855344","0c99f7e601e149e15ba210d8589dc580218a7c0a","2026-09-16T09:55:01.0000000+00:00","True","0","0","Succeeded","CARD-0544","Done","False","True","contained in master; terminal/aged; no active reference"
"feat/card-task-39855395","a56dfc595895a8cb8b28648b868715a6bed3ffa4","2026-09-19T13:09:55.0000000+00:00","True","0","0","Succeeded","CARD-0574","Review","False","True","contained in master; terminal/aged; no active reference"
"feat/card-task-3986b2f9","6170f38b51728635c141c0d0a0585d922d9d86af","2026-09-22T13:43:42.0000000+00:00","False","20","4","Succeeded","CARD-0079","InProgress","False","False","unique commits (+4, -20)"
"feat/card-task-39e62772","5e5850f3425df53ba7170a55c424f30e435953e3","2026-09-11T14:14:42.0000000+00:00","True","0","0","Succeeded","CARD-0488","Done","False","True","contained in master; terminal/aged; no active reference"
"feat/card-task-39eeabf4","2e81da00aca8f92337736301f1ba7f3c91891158","2026-09-05T17:44:53.0000000+00:00","False","4","0","Succeeded","CARD-0383","Done","False","True","patch-equivalent to master; terminal/aged; no active reference"
"feat/card-task-39f0a593","ad5455070c0228ab989b23919d422224ec287698","2026-09-14T22:24:55.0000000+00:00","True","0","0","Succeeded","CARD-0492","Done","False","True","contained in master; terminal/aged; no active reference"
"feat/card-task-3b3528b1","0779be2f43ccf4e682e6c0d71d8ed70698d6562f","2026-09-08T11:05:50.0000000+00:00","False","1","0","Succeeded","CARD-0448","Done","False","True","patch-equivalent to master; terminal/aged; no active reference"
"feat/card-task-3b831296","f93b29b3b44b97619754bf445207d33c272463e7","2026-09-14T10:09:48.0000000+00:00","True","0","0","Succeeded","CARD-0508","Review","False","True","contained in master; terminal/aged; no active reference"
"feat/card-task-3b9af4e6","9183ced819a2996d0ee07857378bd542a1c5d727","2026-09-22T17:14:52.0000000+00:00","False","3","0","Succeeded","CARD-0604","Review","False","True","patch-equivalent to master; terminal/aged; no active reference"
"feat/card-task-3bf6c1f4","96da2576dfc257e2ffeb04ba56c89855c68a5fc7","2026-09-25T01:12:48.0000000+00:00","False","0","10","Succeeded","CARD-0665","InProgress","True","False","unique commits (+10, -0); tip <=24h; active task StartRef/base"
"feat/card-task-3bfe742a","11b6c7ff0adf2ae69a0ad13c1c61196eda3e5ff5","2026-09-11T03:01:07.0000000+00:00","True","0","0","Canceled","CARD-0475","Done","False","True","contained in master; terminal/aged; no active reference"
"feat/card-task-3c4dc954","1a0f866cd1f3b013abb88bf5a90c168b617f862b","2026-09-07T19:42:12.0000000+00:00","False","1","0","Succeeded","CARD-0415","Done","False","True","patch-equivalent to master; terminal/aged; no active reference"
"feat/card-task-3c593d7c","dde854b521a97ccb749a383b3a5b0f365cbb9b8d","2026-09-17T21:34:07.0000000+00:00","False","0","1","Succeeded","CARD-0550","Review","False","False","unique commits (+1, -0)"
"feat/card-task-3c8db8ad","45789bf7d7d3ced017711d3a7cf1ffb60a68bf53","2026-09-23T21:58:23.0000000+00:00","False","1","0","Succeeded","CARD-0599","Review","False","True","patch-equivalent to master; terminal/aged; no active reference"
"feat/card-task-3cfdd4a3","d2e353d6acc0ffe6890a5e624fcc4855361e22ff","2026-09-24T09:15:50.0000000+00:00","False","0","3","Failed","CARD-0643","Review","False","False","unique commits (+3, -0); tip <=24h"
"feat/card-task-3e0fd64b","fb81f3cfe81daa6f596d73423ddbea3bc57d0702","2026-09-24T07:49:23.0000000+00:00","False","4","0","Failed","CARD-0644","InProgress","False","True","patch-equivalent to master; terminal/aged; no active reference"
"feat/card-task-3e844ff6","d52d40d278db50d9e287f447e549da75ae67ac8f","2026-09-11T12:13:39.0000000+00:00","True","0","0","Succeeded","CARD-0487","Done","False","True","contained in master; terminal/aged; no active reference"
"feat/card-task-3f77b203","a67f063680b4c56452972967a38c4c238f284277","2026-09-20T00:11:31.0000000+00:00","False","6","0","Succeeded","CARD-0490","Review","False","True","patch-equivalent to master; terminal/aged; no active reference"
"feat/card-task-3f9257d9","1db15946634f462f3dd8a0f4f40dd4ca10528a8e","2026-09-02T03:45:53.0000000+00:00","True","0","0","Succeeded","CARD-0004","unknown","False","True","contained in master; terminal/aged; no active reference"
"feat/card-task-3fb695dc","39c45a672e940fc35ebebca808168e6945633b96","2026-09-13T21:54:38.0000000+00:00","True","0","0","Succeeded","CARD-0262","Backlog","False","True","contained in master; terminal/aged; no active reference"
"feat/card-task-3fcd2c22","559261f059813fa06be721a4fc9017a3bf719cfe","2026-09-12T13:24:37.0000000+00:00","True","0","0","Succeeded","CARD-0495","Review","False","True","contained in master; terminal/aged; no active reference"
"feat/card-task-3fcef28a","909f56dc01d32c71f484c8c9f170ccd132f560bc","2026-09-18T09:54:18.0000000+00:00","False","1","0","Succeeded","CARD-0546","Review","False","True","patch-equivalent to master; terminal/aged; no active reference"
"feat/card-task-404268d5","9e81efae100cb9109cb2b8007f40bac14cb56509","2026-09-02T08:37:28.0000000+00:00","True","0","0","Succeeded","CARD-0320","unknown","False","True","contained in master; terminal/aged; no active reference"
"feat/card-task-405516b0","a84e0735db4e1c271bdb3e5c5fdcf057657947ef","2026-09-17T15:53:29.0000000+00:00","False","8","0","Succeeded","CARD-0545","Done","False","True","patch-equivalent to master; terminal/aged; no active reference"
"feat/card-task-40597978","a567c18e9d1830136d04a5e77aa45b6735f4bc18","2026-08-26T16:16:48.0000000+00:00","False","0","1","Succeeded","CARD-0208","Done","False","False","unique commits (+1, -0)"
"feat/card-task-40927996","51019ebf58476b111ccdd9db2a646eb4774be343","2026-09-17T09:36:20.0000000+00:00","False","18","0","Succeeded","CARD-0540","Done","False","True","patch-equivalent to master; terminal/aged; no active reference"
"feat/card-task-40eb9438","d32385717efe7ef4f220c394159bb1fd07ae6146","2026-08-22T15:04:30.0000000+00:00","True","0","0","Succeeded","CARD-0144","Done","False","True","contained in master; terminal/aged; no active reference"
"feat/card-task-41c45aa0","237bd63a4342b3f2000cb2bf674e80d768044873","2026-09-23T01:08:38.0000000+00:00","False","4","0","Succeeded","CARD-0610","Review","False","True","patch-equivalent to master; terminal/aged; no active reference"
"feat/card-task-4206c796","717f5cfa4f0e602992ce127430d7b4fcf38352a7","2026-09-10T18:49:03.0000000+00:00","True","0","0","Succeeded","CARD-0479","Review","False","True","contained in master; terminal/aged; no active reference"
"feat/card-task-425791a4","a8dac7459b754556808a5d42144f1a8b94e6c28f","2026-08-21T18:52:24.0000000+00:00","False","1","0","Succeeded","CARD-0114","Backlog","False","True","patch-equivalent to master; terminal/aged; no active reference"
"feat/card-task-42bbf9fc","5e2beb690367d25a354b676f8ee997d275a8c80e","2026-09-24T20:31:05.0000000+00:00","False","3","0","Succeeded","CARD-0664","Review","False","False","tip <=24h"
"feat/card-task-42d4421c","bf5a4219a9450597506de7cf9938e6346731f89e","2026-09-06T20:48:53.0000000+00:00","False","1","0","Succeeded","CARD-0408","Done","False","True","patch-equivalent to master; terminal/aged; no active reference"
"feat/card-task-4316a0ab","717e05d7975e2fb6dba4c5cfd84d2f0fc6a7892b","2026-08-21T18:10:40.0000000+00:00","False","1","0","Succeeded","CARD-0120","unknown","False","True","patch-equivalent to master; terminal/aged; no active reference"
"feat/card-task-43198086","125f8dda23cce27abf2acfb37e294e1d7eddee63","2026-09-24T22:58:19.0000000+00:00","False","2","0","Succeeded","CARD-0660","InProgress","False","False","tip <=24h"
"feat/card-task-4435b705","51019ebf58476b111ccdd9db2a646eb4774be343","2026-09-17T09:36:20.0000000+00:00","False","18","0","Succeeded","CARD-0540","Done","False","True","patch-equivalent to master; terminal/aged; no active reference"
"feat/card-task-443b21c2","5b1c2e0fbdfc83fdda8568bd04fd7651db3eb97c","2026-09-24T19:13:57.0000000+00:00","False","9","0","Succeeded","CARD-0659","Review","False","False","tip <=24h"
"feat/card-task-446f9666","71ba1e5856fcfa61574197b0933328750a546cb5","2026-09-08T08:39:54.0000000+00:00","False","1","0","Succeeded","CARD-0407","Review","False","True","patch-equivalent to master; terminal/aged; no active reference"
"feat/card-task-44919e60","830e72c5d87fe1871214e434943916938caa2884","2026-09-23T05:52:50.0000000+00:00","False","1","0","Succeeded","CARD-0611","Review","False","True","patch-equivalent to master; terminal/aged; no active reference"
"feat/card-task-44bf1e4a","024e9f87fcfc78d7183553b8a354e56f27fa3cc7","2026-09-24T09:05:18.0000000+00:00","True","0","0","Failed","CARD-0640","Review","False","False","tip <=24h"
"feat/card-task-44c959e2","1f2f2f196426728420f26325f9e26359e7f058ba","2026-08-17T10:02:23.0000000+00:00","True","0","0","Succeeded","CARD-0035","unknown","False","True","contained in master; terminal/aged; no active reference"
"feat/card-task-4558b200","114f7b3a2c221b0ac59393a8e2ffb5120304cce9","2026-09-24T01:08:28.0000000+00:00","False","13","0","Succeeded","CARD-0633","Review","False","True","patch-equivalent to master; terminal/aged; no active reference"
"feat/card-task-45782b85","2c8574a1e8d9bf9a95bb5fd791f5e74c8e1e2476","2026-09-23T22:40:04.0000000+00:00","False","4","0","Succeeded","CARD-0633","Review","False","True","patch-equivalent to master; terminal/aged; no active reference"
"feat/card-task-45b3ea25","73614e3b193ef02bcf51c08bb236772473e0ff60","2026-09-06T03:44:30.0000000+00:00","True","0","0","Succeeded","CARD-0391","Done","False","True","contained in master; terminal/aged; no active reference"
"feat/card-task-45f2901f","9bb46630cee727bf67b65078058885d534d04bb9","2026-09-04T15:26:13.0000000+00:00","False","1","0","Succeeded","CARD-0377","Done","False","True","patch-equivalent to master; terminal/aged; no active reference"
"feat/card-task-46038c82","8e38735237b5154a443994b504d68f415a9b3315","2026-09-09T21:33:26.0000000+00:00","True","0","0","Succeeded","CARD-0470","Done","False","True","contained in master; terminal/aged; no active reference"
"feat/card-task-462c4d5e","6a5648451203b67111a4afe78868896622ce471b","2026-09-24T08:20:01.0000000+00:00","False","3","0","Succeeded","CARD-0641","Review","False","True","patch-equivalent to master; terminal/aged; no active reference"
"feat/card-task-463bb38e","d1cc725951507ef4325066ab4ea2a978f29a7ed2","2026-08-17T18:50:39.0000000+00:00","False","1","0","Succeeded","","unknown","False","True","patch-equivalent to master; terminal/aged; no active reference"
"feat/card-task-464e97f0","1d8803023cf22428b573d3da12a8844a72e5e2b1","2026-09-24T02:29:37.0000000+00:00","False","6","0","Succeeded","CARD-0641","Review","False","True","patch-equivalent to master; terminal/aged; no active reference"
"feat/card-task-4692ec26","0b817d2e96668248a232d54fd2f647d808acffd7","2026-09-08T22:24:55.0000000+00:00","False","25","0","Failed","CARD-0448","Done","False","True","patch-equivalent to master; terminal/aged; no active reference"
"feat/card-task-47372bcd","9e6bdfd407205e7407a5303406b837bdf20182f6","2026-09-03T03:48:54.0000000+00:00","False","1","0","Succeeded","CARD-0331","Done","False","True","patch-equivalent to master; terminal/aged; no active reference"
"feat/card-task-4745f0d3","b5329541c95a6a1c93508d54345165c5d22ef807","2026-09-24T12:43:50.0000000+00:00","False","2","0","Succeeded","CARD-0644","InProgress","False","False","tip <=24h"
"feat/card-task-4778c920","e3331ef51946243c8a70a3bd55992810b7cf37f2","2026-09-03T03:08:04.0000000+00:00","True","0","0","Succeeded","CARD-0301","Done","False","True","contained in master; terminal/aged; no active reference"
"feat/card-task-4781e392","1cc721f76e41182e9e31da8a80a7fbfc4859291a","2026-09-03T07:27:50.0000000+00:00","True","0","0","Succeeded","CARD-0338","Done","False","True","contained in master; terminal/aged; no active reference"
"feat/card-task-48888860","3b021db9ddaef6a6b2d98de63d387d335082f8cb","2026-09-12T18:47:54.0000000+00:00","False","29","4","Succeeded","CARD-0478","Done","False","False","unique commits (+4, -29)"
"feat/card-task-48bbc16e","5e2beb690367d25a354b676f8ee997d275a8c80e","2026-09-24T20:31:05.0000000+00:00","False","3","0","Succeeded","CARD-0664","Review","False","False","tip <=24h"
"feat/card-task-48ca8afa","6b5f910e48e582f3be68f157a17005a03c1938c9","2026-09-01T12:22:10.0000000+00:00","True","0","0","Succeeded","CARD-0239","Done","False","True","contained in master; terminal/aged; no active reference"
"feat/card-task-492a3ddb","0595e8e93b45299fdbac16865f18ef5b9e0e7011","2026-09-24T19:24:36.0000000+00:00","False","1","0","Succeeded","CARD-0679","Review","False","False","tip <=24h"
"feat/card-task-49545b22","1a163836a54164cb77eb3a9026bf25e48cbd8243","2026-09-21T08:36:51.0000000+00:00","False","18","2","Succeeded","CARD-0459","Review","False","False","unique commits (+2, -18)"
"feat/card-task-49664443","dbd7e688b63e27b653f15bff3a138692e5309272","2026-09-04T18:13:14.0000000+00:00","True","0","0","Succeeded","CARD-0293","Done","False","True","contained in master; terminal/aged; no active reference"
"feat/card-task-4a10b091","7dc355194065a72f05d49bd6175b697dd6b5a00d","2026-09-08T05:41:48.0000000+00:00","False","5","0","Succeeded","CARD-0412","Done","False","True","patch-equivalent to master; terminal/aged; no active reference"
"feat/card-task-4a207596","82ec70731bcfd8b236eb901ffdac0ef2f243597a","2026-09-01T18:04:25.0000000+00:00","False","1","0","Succeeded","CARD-0022","Done","False","True","patch-equivalent to master; terminal/aged; no active reference"
"feat/card-task-4aa8cc21","b14e56382843f4149983f0ae719f8c42e4db9eaf","2026-09-25T01:16:39.0000000+00:00","False","4","0","Canceled","CARD-0664","Review","False","False","tip <=24h"
"feat/card-task-4adbee37","2680b1c6a9de7e9a9eea20df1c6e052b86d0afb4","2026-09-12T13:28:14.0000000+00:00","False","26","4","Succeeded","CARD-0478","Done","False","False","unique commits (+4, -26)"
"feat/card-task-4b3fa528","443a336d2dd92761f7f5b1b50517958f3a9bb960","2026-09-13T06:30:20.0000000+00:00","False","13","0","Succeeded","CARD-0502","Done","False","True","patch-equivalent to master; terminal/aged; no active reference"
"feat/card-task-4b694ff3","0abeeed6e96c16ed9b6be778a6f97c1639f099d9","2026-08-26T18:05:40.0000000+00:00","True","0","0","Succeeded","CARD-0036","Done","False","True","contained in master; terminal/aged; no active reference"
"feat/card-task-4ce3b0ad","f6207fbb3a426b1188a8bc760740f4d70cba4d5e","2026-09-24T14:11:46.0000000+00:00","False","9","0","Succeeded","CARD-0653","Review","False","False","tip <=24h"
"feat/card-task-4d7a799b","fee656059ae3c066048d05d154ba1ca03a582b9e","2026-09-15T21:39:25.0000000+00:00","False","21","0","Succeeded","CARD-0481","Done","False","True","patch-equivalent to master; terminal/aged; no active reference"
"feat/card-task-4de527b2","2985baf44aa85728bc9eec166bf4cda0f45adf88","2026-08-15T11:51:10.0000000+00:00","True","0","0","Succeeded","CARD-0019","unknown","False","True","contained in master; terminal/aged; no active reference"
"feat/card-task-4df80ae1","8bd43dd5420fc6cba6b1be536d1d5a901142c038","2026-09-23T00:09:26.0000000+00:00","False","35","0","Succeeded","CARD-0604","Review","False","True","patch-equivalent to master; terminal/aged; no active reference"
"feat/card-task-4e128ad5","3e31b7dfb27dc5919e850a4d84f4845cd46ac94b","2026-09-04T20:42:31.0000000+00:00","False","1","0","Succeeded","CARD-0378","Done","False","True","patch-equivalent to master; terminal/aged; no active reference"
"feat/card-task-4e1f93cf","4909bbf9b28d7733c8a6e797c206bd8a1b3e14e4","2026-08-23T18:49:20.0000000+00:00","True","0","0","Succeeded","CARD-0157","unknown","False","True","contained in master; terminal/aged; no active reference"
"feat/card-task-4e674022","0614764db58691b20bdd1360857ce8798116e3be","2026-09-04T22:20:20.0000000+00:00","True","0","0","Succeeded","CARD-0332","Done","False","True","contained in master; terminal/aged; no active reference"
"feat/card-task-4e9f5c29","72cec68bf990f562b62acb3d2072c874df0038af","2026-09-18T02:54:27.0000000+00:00","False","0","4","Succeeded","CARD-0511","Review","False","False","unique commits (+4, -0)"
"feat/card-task-4ef2136b","fc3bb9bb62031b1c8c82f4a462aacf850536d12f","2026-09-14T09:28:32.0000000+00:00","True","0","0","Succeeded","CARD-0508","Review","False","True","contained in master; terminal/aged; no active reference"
"feat/card-task-4ef686e7","09bf6c07dcac3a35b52fd725d4b68d00d95eb733","2026-09-01T17:24:55.0000000+00:00","False","4","0","Succeeded","CARD-0310","Done","False","True","patch-equivalent to master; terminal/aged; no active reference"
"feat/card-task-4f3f4d2d","e9c666a673488389017bc92374689e60a4c8050e","2026-09-20T08:29:15.0000000+00:00","False","9","0","Succeeded","CARD-0490","Review","False","True","patch-equivalent to master; terminal/aged; no active reference"
"feat/card-task-4f814379","892f7905001121e5951f308dc5c287830b3e660f","2026-08-11T23:25:40.0000000+00:00","False","1","0","Succeeded","CARD-0030","unknown","False","True","patch-equivalent to master; terminal/aged; no active reference"
"feat/card-task-4f849a0e","75eb16986b26117ca0b7862e4378a4bada044256","2026-09-14T01:19:01.0000000+00:00","False","1","1","Succeeded","CARD-0515","Review","False","False","unique commits (+1, -1)"
"feat/card-task-4fc9da27","de3f0ab04ac5e2080d3e1f3701caa665586023ef","2026-09-02T01:59:21.0000000+00:00","True","0","0","Succeeded","CARD-0002","unknown","False","True","contained in master; terminal/aged; no active reference"
"feat/card-task-4fe68cac","56d5ad47d715ba6e5bfa305163b931362202d6d6","2026-09-19T17:08:31.0000000+00:00","False","0","1","Succeeded","CARD-0575","Done","False","False","unique commits (+1, -0)"
"feat/card-task-5011a72a","ed6237a39d0df4fa5fb72fe67a78881d47e60ab0","2026-09-19T15:52:40.0000000+00:00","False","5","0","Succeeded","CARD-0534","Done","False","True","patch-equivalent to master; terminal/aged; no active reference"
"feat/card-task-506cc44f","2c85ee0a6452632fc1e4166b0157316ed0fa6ac4","2026-09-24T19:20:20.0000000+00:00","False","7","0","Succeeded","CARD-0650","Review","False","False","tip <=24h"
"feat/card-task-510b73f8","5f4eb3129186d4205fffedbb6823ef9a306ff7e5","2026-08-31T20:28:42.0000000+00:00","False","3","0","Succeeded","CARD-0208","Done","False","True","patch-equivalent to master; terminal/aged; no active reference"
"feat/card-task-5120c098","1f1cb2e7c84802fe9bad6920583cb89a597759cb","2026-09-24T16:01:01.0000000+00:00","False","13","1","Succeeded","CARD-0657","Review","False","False","unique commits (+1, -13); tip <=24h"
"feat/card-task-5131091c","4a2be2d0c0d04703c92747cbc1fe1d14059ed4d3","2026-08-25T20:00:12.0000000+00:00","True","0","0","unknown","","unknown","False","False","task unknown"
"feat/card-task-51407c07","8234ae3e5f288f4de1c1a67d1d591b763da7ccd4","2026-09-10T11:35:34.0000000+00:00","True","0","0","Failed","CARD-0468","Done","False","True","contained in master; terminal/aged; no active reference"
"feat/card-task-51bcc470","77647ce0c7eaddbd740efa773a61d24cd908bc27","2026-09-22T11:27:54.0000000+00:00","False","1","0","Succeeded","CARD-0604","Review","False","True","patch-equivalent to master; terminal/aged; no active reference"
"feat/card-task-51e46dfa","520ca7306b4673b22fe0291695db40b5ebad68bf","2026-09-24T02:02:28.0000000+00:00","False","0","1","Succeeded","CARD-0647","Review","False","False","unique commits (+1, -0)"
"feat/card-task-520a5e94","5e2beb690367d25a354b676f8ee997d275a8c80e","2026-09-24T20:31:05.0000000+00:00","False","3","0","Failed","CARD-0664","Review","False","False","tip <=24h"
"feat/card-task-520f3e0a","2b47c3d166acd87f2e2742cb6df2f7373bffea0f","2026-09-24T12:24:38.0000000+00:00","False","8","0","Succeeded","CARD-0647","Review","False","False","tip <=24h"
"feat/card-task-522b109d","81fbd1864ae6b5f1e91c3da2bd15125c47e09d81","2026-09-23T00:53:45.0000000+00:00","False","4","0","Succeeded","CARD-0606","Review","False","True","patch-equivalent to master; terminal/aged; no active reference"
"feat/card-task-530e8435","a751e9ea8a91579e98926528ee1e8efd74d2d709","2026-09-03T18:57:07.0000000+00:00","False","1","0","Succeeded","CARD-0156","unknown","False","True","patch-equivalent to master; terminal/aged; no active reference"
"feat/card-task-5324df1a","9dbdda60d7d6eac1c2f3586c10c7744bbd197406","2026-09-04T23:22:52.0000000+00:00","True","0","0","unknown","","unknown","False","False","task unknown"
"feat/card-task-53d2a750","c0faf201643ee01ebd0782109cbcea9450cf51c3","2026-09-01T17:02:50.0000000+00:00","False","2","0","Succeeded","CARD-0306","Done","False","True","patch-equivalent to master; terminal/aged; no active reference"
"feat/card-task-53d3424c","135076f743a4fa776d06bc41ad661f189e63764e","2026-08-18T11:54:09.0000000+00:00","True","0","0","Succeeded","CARD-0084","unknown","False","True","contained in master; terminal/aged; no active reference"
"feat/card-task-544315aa","dfd9511fac133c059589c12a0544461cf89e0ec9","2026-09-02T04:07:10.0000000+00:00","True","0","0","Succeeded","CARD-0017","unknown","False","True","contained in master; terminal/aged; no active reference"
"feat/card-task-545275aa","7d95cc3b56686ce87f75d31408b1dfc55eed130b","2026-09-24T00:40:15.0000000+00:00","True","0","0","Succeeded","CARD-0641","Review","False","True","contained in master; terminal/aged; no active reference"
"feat/card-task-548b7a53","081cbb533e0b2d10e0e8d330f928a8cba846d554","2026-09-18T10:28:30.0000000+00:00","False","3","0","Succeeded","CARD-0546","Review","False","True","patch-equivalent to master; terminal/aged; no active reference"
"feat/card-task-54feec98","efa82e173cf377042a488cb7d6a4a5635ac63ae4","2026-09-15T21:47:01.0000000+00:00","False","1","0","Succeeded","CARD-0462","Done","False","True","patch-equivalent to master; terminal/aged; no active reference"
"feat/card-task-55bd7dc6","d1daef68d9fcca5cdfe111858d3edf250055603a","2026-09-15T09:43:35.0000000+00:00","False","1","0","Succeeded","CARD-0481","Done","False","True","patch-equivalent to master; terminal/aged; no active reference"
"feat/card-task-5679da99","3c209c4f75b2d396916ceed3b6ebcd41e68d5d33","2026-08-18T17:56:54.0000000+00:00","False","1","0","Succeeded","CARD-0084","unknown","False","True","patch-equivalent to master; terminal/aged; no active reference"
"feat/card-task-567aeea4","bc619b4a35bad2aa99125ac7c9a3bb0b7d28bf97","2026-09-24T18:01:44.0000000+00:00","False","4","0","Succeeded","CARD-0650","Review","False","False","tip <=24h"
"feat/card-task-579cba7b","3d45162ef6ee1d9b65a514425bab0d3eb77a2bf8","2026-09-16T09:14:48.0000000+00:00","True","0","0","Succeeded","CARD-0544","Done","False","True","contained in master; terminal/aged; no active reference"
"feat/card-task-57a1a335","2b316e2ead6a07ce76264261a2b2eb226dd64b9c","2026-09-01T13:30:42.0000000+00:00","True","0","0","Succeeded","CARD-0288","Done","False","True","contained in master; terminal/aged; no active reference"
"feat/card-task-57e2bc5d","cb2a0aad9c8caa4099147102348c5db44882fe91","2026-09-24T00:00:10.0000000+00:00","True","0","0","Failed","CARD-0628","InProgress","False","True","contained in master; terminal/aged; no active reference"
"feat/card-task-57fa2e6a","7ad846cba2f30434012ac2742df33b93cb657bde","2026-09-25T02:06:31.0000000+00:00","False","4","0","Succeeded","CARD-0679","Review","False","False","tip <=24h"
"feat/card-task-5875c936","4dafda4a4b3c7305ab563b40d97ded8321df67a8","2026-09-03T09:33:07.0000000+00:00","True","0","0","Succeeded","CARD-0340","Done","False","True","contained in master; terminal/aged; no active reference"
"feat/card-task-58e21153","2a19fb40bab147d23e678bad504f501a0e0e3dc6","2026-09-12T15:34:14.0000000+00:00","True","0","0","Succeeded","CARD-0497","Done","False","True","contained in master; terminal/aged; no active reference"
"feat/card-task-58e6b595","244ac90bd6e2ffeea2904d23c94faa8f9fd27e72","2026-08-27T04:24:32.0000000+00:00","True","0","0","Succeeded","CARD-0063","unknown","False","True","contained in master; terminal/aged; no active reference"
"feat/card-task-59550e71","44e5f2e4fc4c070cffd749e5ec1b2cb1b8fd16c0","2026-09-20T00:46:26.0000000+00:00","False","2","1","Failed","CARD-0490","Review","False","False","unique commits (+1, -2)"
"feat/card-task-596f8b54","854f0c84f20c1a7d60744df09a3a79c87aa794ce","2026-09-06T03:29:48.0000000+00:00","False","1","0","Succeeded","CARD-0382","Done","False","True","patch-equivalent to master; terminal/aged; no active reference"
"feat/card-task-598eb79d","dc893e91974f57fab58210ba0cc14f9f8d9fb833","2026-09-02T01:45:45.0000000+00:00","True","0","0","Succeeded","CARD-0002","unknown","False","True","contained in master; terminal/aged; no active reference"
"feat/card-task-59991a72","ac35c19824384c9e82a8e163a33bc2c87fcd2a63","2026-08-18T11:30:45.0000000+00:00","True","0","0","Succeeded","CARD-0084","unknown","False","True","contained in master; terminal/aged; no active reference"
"feat/card-task-59c86f10","ff5c98d37de512eaeb74ef55cb191c3a55877862","2026-09-04T19:16:58.0000000+00:00","True","0","0","Succeeded","CARD-0272","Done","False","True","contained in master; terminal/aged; no active reference"
"feat/card-task-5a8dada2","b0cbcaeaf329ee4ed2ee6eb428d3cbaa5029c5c8","2026-09-13T05:48:17.0000000+00:00","False","11","2","Succeeded","CARD-0499","Done","False","False","unique commits (+2, -11)"
"feat/card-task-5b8e6931","8c377d6277d3bac5b10c17abbfa8656988f4a539","2026-09-24T19:08:02.0000000+00:00","False","7","0","Succeeded","CARD-0664","Review","False","False","tip <=24h"
"feat/card-task-5bbe0758","9d234840e1571ea2b19a73bdf53d9f9dd43652eb","2026-09-10T07:24:08.0000000+00:00","False","1","0","Succeeded","CARD-0472","Done","False","True","patch-equivalent to master; terminal/aged; no active reference"
"feat/card-task-5c627d8e","11bd99de2742eb2477012b612d58a137d1b39bd5","2026-09-21T11:33:13.0000000+00:00","False","39","0","Succeeded","CARD-0490","Review","False","True","patch-equivalent to master; terminal/aged; no active reference"
"feat/card-task-5c671795","e8784c484f5392a52146c9f1e1eb8d038be1d48a","2026-09-04T21:17:21.0000000+00:00","True","0","0","Succeeded","CARD-0378","Done","False","True","contained in master; terminal/aged; no active reference"
"feat/card-task-5dab6912","61f16e8fcc499f33c4cfe521843d2c675d932ef9","2026-09-23T09:32:49.0000000+00:00","False","3","0","Succeeded","CARD-0611","Review","False","True","patch-equivalent to master; terminal/aged; no active reference"
"feat/card-task-5dc73c10","fcd657c2d91d49eace5a4ae14276c3e035ada11f","2026-09-24T17:06:57.0000000+00:00","False","12","0","Succeeded","CARD-0650","Review","False","False","tip <=24h"
"feat/card-task-5e3ba4d4","e25550e78a2ed812341c0efc7099fddb02144b18","2026-09-19T20:19:27.0000000+00:00","False","0","5","Succeeded","CARD-0575","Done","False","False","unique commits (+5, -0)"
"feat/card-task-5e4076c9","bc2d2715de0ec4ea684f74489d88e288d327e053","2026-09-15T19:38:09.0000000+00:00","False","19","0","Succeeded","CARD-0481","Done","False","True","patch-equivalent to master; terminal/aged; no active reference"
"feat/card-task-5e5aaedb","4c4f8951fcd081533485f3ccc26079d1c4b6a634","2026-09-22T22:14:56.0000000+00:00","False","2","0","Succeeded","CARD-0599","Review","False","True","patch-equivalent to master; terminal/aged; no active reference"
"feat/card-task-5ef74c0f","449a28c840ab5e6315c9f1e48daaae4508a1971e","2026-09-24T15:21:37.0000000+00:00","False","3","0","Succeeded","CARD-0641","Review","False","False","tip <=24h"
"feat/card-task-5ef9bb0e","5f32849af54f50b512c73d25bc0d50349e4ce1c3","2026-09-24T12:39:58.0000000+00:00","False","1","0","Succeeded","CARD-0657","Review","False","False","tip <=24h"
"feat/card-task-6002a365","a3ef9c9e43a3104c1af146efb5c98f5360b79044","2026-09-19T05:37:07.0000000+00:00","True","0","0","Succeeded","CARD-0537","Review","False","True","contained in master; terminal/aged; no active reference"
"feat/card-task-6011f623","dcd4e49a53e4652c65cce030d6fe949ad2d5e174","2026-08-16T16:03:45.0000000+00:00","False","3","0","Succeeded","CARD-0055","unknown","False","True","patch-equivalent to master; terminal/aged; no active reference"
"feat/card-task-604d1c73","300940435826a9885d0bde4210ffb39356aef8c8","2026-09-13T12:17:59.0000000+00:00","False","2","0","Succeeded","CARD-0262","Backlog","False","True","patch-equivalent to master; terminal/aged; no active reference"
"feat/card-task-611187dd","c663126df74c289fa64ddab528fa132d786cb9a8","2026-09-25T01:37:12.0000000+00:00","True","0","0","Canceled","CARD-0660","InProgress","False","False","tip <=24h"
"feat/card-task-61595f32","c77083fd7212efbc79e651b560f07e4aa3a3ae23","2026-08-16T19:54:02.0000000+00:00","False","3","0","Succeeded","CARD-0047","Done","False","True","patch-equivalent to master; terminal/aged; no active reference"
"feat/card-task-62040dbd","0ad20a35835c1b0575d3f83ad4b983e1e22f7990","2026-09-15T09:39:03.0000000+00:00","False","1","0","Succeeded","CARD-0527","Done","False","True","patch-equivalent to master; terminal/aged; no active reference"
"feat/card-task-62229bff","10140e3d5e25b8b2f236b73f940dac7f3d2bac63","2026-09-10T21:05:37.0000000+00:00","True","0","0","Succeeded","CARD-0478","Done","False","True","contained in master; terminal/aged; no active reference"
"feat/card-task-622b190a","c956477e1c17e58b2167eafc4ced8eb41be81e4d","2026-09-22T15:08:46.0000000+00:00","False","24","0","Canceled","CARD-0079","InProgress","False","True","patch-equivalent to master; terminal/aged; no active reference"
"feat/card-task-624f9824","88e25816aebda0975d7d9048c908cb0da79d750e","2026-09-25T06:39:21.0000000+00:00","False","0","8","Succeeded","CARD-0691","InProgress","False","False","unique commits (+8, -0); tip <=24h"
"feat/card-task-630acf83","b29f3f351f018cf463ba19607503e0ad864fb2d6","2026-08-17T13:15:15.0000000+00:00","True","0","0","Succeeded","CARD-0058","unknown","False","True","contained in master; terminal/aged; no active reference"
"feat/card-task-639b197e","52b9127cb15740e229d34a7fe541173923c1c629","2026-09-03T08:05:37.0000000+00:00","True","0","0","Succeeded","CARD-0338","Done","False","True","contained in master; terminal/aged; no active reference"
"feat/card-task-64fd89eb","7fe9bfc027beff788dc1dc52d6538829e4ecec3c","2026-08-23T17:00:46.0000000+00:00","True","0","0","Succeeded","CARD-0136","Done","False","True","contained in master; terminal/aged; no active reference"
"feat/card-task-65ffa1fa","56b0f0cd7eb7d3bf71dd2fe822e3ce93dcaa9b18","2026-09-19T05:29:04.0000000+00:00","False","8","0","Succeeded","CARD-0515","Review","False","True","patch-equivalent to master; terminal/aged; no active reference"
"feat/card-task-6630ad4e","fc404dc760c27518f38728782971e0763c0b68fe","2026-09-12T21:55:10.0000000+00:00","False","5","1","Succeeded","CARD-0476","Done","False","False","unique commits (+1, -5)"
"feat/card-task-6632d071","5904ce74e901fa86c38673cf368205f282e5fd7b","2026-09-21T17:11:53.0000000+00:00","False","1","0","Succeeded","CARD-0590","Review","False","True","patch-equivalent to master; terminal/aged; no active reference"
"feat/card-task-6795554e","edaaea57486f866c1f14b82bbdf03260f0bd4363","2026-09-08T08:49:23.0000000+00:00","False","3","0","Succeeded","CARD-0412","Done","False","True","patch-equivalent to master; terminal/aged; no active reference"
"feat/card-task-685ec6a1","cc8bff9cce1b8543efb12289daa8b532216f8797","2026-09-24T01:15:20.0000000+00:00","False","8","0","Succeeded","CARD-0644","InProgress","False","True","patch-equivalent to master; terminal/aged; no active reference"
"feat/card-task-69514278","ff8906b00bd6990154ef10843ced68f99cce2d4a","2026-09-21T23:13:40.0000000+00:00","False","9","3","Failed","CARD-0079","InProgress","False","False","unique commits (+3, -9)"
"feat/card-task-695a54a1","4c3f23efe0a707697b76d3717ebf75cbfaabe5fe","2026-09-24T11:25:45.0000000+00:00","False","5","0","Succeeded","CARD-0644","InProgress","False","False","tip <=24h"
"feat/card-task-69699c7e","33135a972b18311b73cef0d3ec0f47004a18e010","2026-09-01T19:49:47.0000000+00:00","False","2","0","Succeeded","CARD-0297","Done","False","True","patch-equivalent to master; terminal/aged; no active reference"
"feat/card-task-6a536d8d","ad73820a0d3cb2c36a2cb6ae62111a3ed8077381","2026-09-25T03:37:32.0000000+00:00","False","11","1","Canceled","CARD-0679","Review","False","False","unique commits (+1, -11); tip <=24h"
"feat/card-task-6a5d6f1f","d3ef6761241403bfeb4e2ffd236854596584085e","2026-09-06T07:08:34.0000000+00:00","False","8","0","Succeeded","CARD-0384","Done","False","True","patch-equivalent to master; terminal/aged; no active reference"
"feat/card-task-6aad00e9","a2f035084a51843dfea7f61782b7f60393021853","2026-09-01T17:51:17.0000000+00:00","False","2","0","Succeeded","CARD-0308","Done","False","True","patch-equivalent to master; terminal/aged; no active reference"
"feat/card-task-6ab3c5ac","84bbaf51baec549292d8e0db17f8d538a36b0c60","2026-09-19T11:08:34.0000000+00:00","True","0","0","Succeeded","CARD-0574","Review","False","True","contained in master; terminal/aged; no active reference"
"feat/card-task-6b037196","e25550e78a2ed812341c0efc7099fddb02144b18","2026-09-19T20:19:27.0000000+00:00","False","0","5","Succeeded","CARD-0575","Done","False","False","unique commits (+5, -0)"
"feat/card-task-6b457b41","96da2576dfc257e2ffeb04ba56c89855c68a5fc7","2026-09-25T01:12:48.0000000+00:00","False","0","10","Dispatched","CARD-0665","InProgress","True","False","unique commits (+10, -0); task Dispatched; tip <=24h; active task StartRef/base"
"feat/card-task-6b4bfd3a","9e2a6404b24a20f051dfdf96f75484d50b3c239d","2026-09-04T21:05:27.0000000+00:00","False","1","0","Succeeded","CARD-0334","Done","False","True","patch-equivalent to master; terminal/aged; no active reference"
"feat/card-task-6b5f5f97","d91cf7ba21652803e89adf87ebf7b5a624496272","2026-08-21T19:17:38.0000000+00:00","False","1","0","Succeeded","CARD-0115","unknown","False","True","patch-equivalent to master; terminal/aged; no active reference"
"feat/card-task-6baf8a3b","54fc0419400f357be8c9a16bb86b2438b1951b2c","2026-08-18T12:56:11.0000000+00:00","False","1","0","Succeeded","CARD-0084","unknown","False","True","patch-equivalent to master; terminal/aged; no active reference"
"feat/card-task-6bdcaeb8","13ba60d35fd0dde4ee1d44d4c4a19b272121d32c","2026-09-04T23:49:34.0000000+00:00","True","0","0","Succeeded","CARD-0333","Done","False","True","contained in master; terminal/aged; no active reference"
"feat/card-task-6c0c5ced","b54c78ae8d3916294436df9b37760f072eb9c74c","2026-09-08T10:37:34.0000000+00:00","False","1","0","Succeeded","CARD-0437","Done","False","True","patch-equivalent to master; terminal/aged; no active reference"
"feat/card-task-6c3942c7","bb89e77b4dcc30feb809e1549d62653890a0311a","2026-09-22T20:02:53.0000000+00:00","True","0","0","Succeeded","CARD-0607","Review","False","True","contained in master; terminal/aged; no active reference"
"feat/card-task-6cb9c0d9","6b2189863aa140d09c17f43f4286a0bb5e3a3b5b","2026-09-14T23:23:29.0000000+00:00","False","14","4","Failed","CARD-0443","Done","False","False","unique commits (+4, -14)"
"feat/card-task-6ccfd611","7b4bf6101a835c9d70f2808aa84dfcba736aa85f","2026-09-20T00:47:18.0000000+00:00","False","8","0","Succeeded","CARD-0490","Review","False","True","patch-equivalent to master; terminal/aged; no active reference"
"feat/card-task-6d2a2060","a4b35bf3aef469318e2d8b77c04c17a964a76ec0","2026-09-15T13:57:15.0000000+00:00","False","6","2","Canceled","CARD-0527","Done","False","False","unique commits (+2, -6)"
"feat/card-task-6da8ad5a","8fc48091691a9520cd61ddaabb4604d161b86746","2026-09-18T22:48:39.0000000+00:00","False","3","0","Succeeded","CARD-0551","Review","False","True","patch-equivalent to master; terminal/aged; no active reference"
"feat/card-task-6e22ae64","bbe0224d93c3d22b76ebfa271c47005afee5d272","2026-09-02T07:32:28.0000000+00:00","True","0","0","Succeeded","CARD-0031","unknown","False","True","contained in master; terminal/aged; no active reference"
"feat/card-task-6e82003d","e01a5b5ebfe2264ed11cf3e9bd8fec3602dd857d","2026-08-10T23:16:16.0000000+00:00","False","1","0","Failed","CARD-0006","Done","False","True","patch-equivalent to master; terminal/aged; no active reference"
"feat/card-task-6e8a5ff6","a6a5ec730d4edce035627fed3ef0c7a95485c737","2026-09-03T06:00:20.0000000+00:00","False","1","0","Succeeded","CARD-0337","Done","False","True","patch-equivalent to master; terminal/aged; no active reference"
"feat/card-task-6ec07844","53532da2b33cd56c2f9ac7551815b481016408bd","2026-09-06T11:05:05.0000000+00:00","False","10","0","Succeeded","CARD-0410","Done","False","True","patch-equivalent to master; terminal/aged; no active reference"
"feat/card-task-6ecb5238","2b7f67648f414b1da20990c770d9469a8adf9748","2026-09-18T09:42:01.0000000+00:00","True","0","0","Succeeded","CARD-0562","Review","False","True","contained in master; terminal/aged; no active reference"
"feat/card-task-6eed34e6","fcd657c2d91d49eace5a4ae14276c3e035ada11f","2026-09-24T17:06:57.0000000+00:00","False","12","0","Failed","CARD-0650","Review","False","False","tip <=24h"
"feat/card-task-70269020","b06427d285724822660f025c7e0e11f501ed8ba1","2026-09-24T11:53:20.0000000+00:00","False","4","0","Succeeded","CARD-0653","Review","False","False","tip <=24h"
"feat/card-task-70302dc6","212128028d79f07d12f229ce4d76973d176fb002","2026-09-25T00:03:25.0000000+00:00","False","6","0","Succeeded","CARD-0660","InProgress","False","False","tip <=24h"
"feat/card-task-709107ae","80309b37cec78e5f510d4ef1da5ea9dbf5a01444","2026-09-03T01:02:15.0000000+00:00","False","1","0","Succeeded","CARD-0328","Done","False","True","patch-equivalent to master; terminal/aged; no active reference"
"feat/card-task-70be707f","bd3f5189a540423bd9c7ce4ec078650a97d892c4","2026-09-19T03:00:59.0000000+00:00","True","0","0","Succeeded","CARD-0533","Review","False","True","contained in master; terminal/aged; no active reference"
"feat/card-task-7102ff54","40527766b920bd8508545c2d440671361de5161e","2026-09-17T22:45:15.0000000+00:00","False","0","1","Succeeded","CARD-0558","Review","False","False","unique commits (+1, -0)"
"feat/card-task-7130e10b","cc8bdbf4786437ac94fcba76e904ca776bc40f2f","2026-09-03T08:47:35.0000000+00:00","True","0","0","Succeeded","CARD-0339","Done","False","True","contained in master; terminal/aged; no active reference"
"feat/card-task-72add638","4259bdc6d9e2bfcff0d075d03b066af4af763a6c","2026-09-23T05:37:24.0000000+00:00","True","0","0","Succeeded","CARD-0617","Review","False","True","contained in master; terminal/aged; no active reference"
"feat/card-task-72c0321d","1a5f7517d2521006525ab9a161dae34fc92e5e12","2026-09-04T12:52:28.0000000+00:00","True","0","0","Succeeded","CARD-0366","Done","False","True","contained in master; terminal/aged; no active reference"
"feat/card-task-735a056e","dcc9bf3b709127c15e65b4fc951c8c39fac97a37","2026-09-10T07:53:39.0000000+00:00","True","0","0","Failed","CARD-0467","Done","False","True","contained in master; terminal/aged; no active reference"
"feat/card-task-73991ced","5b27315d236d44018a823c3c8232f5ea43ff4005","2026-09-05T08:02:35.0000000+00:00","True","0","0","Succeeded","CARD-0251","Done","False","True","contained in master; terminal/aged; no active reference"
"feat/card-task-73a2660b","b15d1dfc172e2a17382ff76b445870d664bb095b","2026-09-16T00:20:09.0000000+00:00","True","0","0","Succeeded","CARD-0481","Done","False","True","contained in master; terminal/aged; no active reference"
"feat/card-task-741af1dc","f6b012f9bb3d753e0906d15f966cfa5818b9dfdf","2026-09-04T18:04:51.0000000+00:00","True","0","0","Succeeded","CARD-0244","Done","False","True","contained in master; terminal/aged; no active reference"
"feat/card-task-741f29a5","3a3363aac7ce4435bb33e957191ac8273a2b9e9a","2026-08-22T02:25:56.0000000+00:00","True","0","0","Succeeded","","unknown","False","True","contained in master; terminal/aged; no active reference"
"feat/card-task-743f9bdd","eef41cb471bca270120bb768a58e239d2fa34961","2026-09-25T02:59:15.0000000+00:00","False","1","0","Succeeded","CARD-0691","InProgress","False","False","tip <=24h"
"feat/card-task-748d4eb5","a842fe14614e7cafa4537fee2d012126b5e207e7","2026-09-06T04:25:38.0000000+00:00","False","2","0","Succeeded","CARD-0384","Done","False","True","patch-equivalent to master; terminal/aged; no active reference"
"feat/card-task-74987d2c","62ff8ab8f60b3a3035308bd062c43c6f3b616b35","2026-09-15T20:40:47.0000000+00:00","True","0","0","Succeeded","CARD-0496","Review","False","True","contained in master; terminal/aged; no active reference"
"feat/card-task-74f8ab63","bad5a6b897b8affed6ade26909c418faee522b6d","2026-09-14T06:40:02.0000000+00:00","False","1","0","Succeeded","CARD-0461","Done","False","True","patch-equivalent to master; terminal/aged; no active reference"
"feat/card-task-75089dd7","cf5e42e5eb7f61b6b4680eab2e95e145e9d38258","2026-09-25T08:20:41.0000000+00:00","False","0","13","Succeeded","CARD-0589","InProgress","True","False","unique commits (+13, -0); tip <=24h; active task StartRef/base"
"feat/card-task-75491ae6","6a231f038df639697daf1dddc304633fa1d3d591","2026-09-24T11:45:02.0000000+00:00","False","6","0","Succeeded","CARD-0650","Review","False","False","tip <=24h"
"feat/card-task-7558d5cb","c06a6ae5b03e9c316e4c2498a153c760dff885d6","2026-09-24T17:10:59.0000000+00:00","True","0","0","Succeeded","CARD-0658","Review","False","False","tip <=24h"
"feat/card-task-75a878ff","9e4a5d2ea29fbf50b01d09c9a064dcc5f35236a8","2026-09-05T18:45:42.0000000+00:00","False","1","0","Succeeded","CARD-0398","Done","False","True","patch-equivalent to master; terminal/aged; no active reference"
"feat/card-task-76079973","7318397bad73902d2a62107c40519a8927aadb6e","2026-09-18T21:26:15.0000000+00:00","False","6","0","Succeeded","CARD-0543","Review","False","True","patch-equivalent to master; terminal/aged; no active reference"
"feat/card-task-7660e6a4","762b0ce2bebde732b43b48ead8b5b34c3614e5d9","2026-09-02T16:12:20.0000000+00:00","False","1","0","Succeeded","CARD-0128","Done","False","True","patch-equivalent to master; terminal/aged; no active reference"
"feat/card-task-766dadbd","8ae9d3eed2e42277f5e247c0b2b575dfd216ed06","2026-08-17T09:15:16.0000000+00:00","False","5","0","Succeeded","CARD-0051","unknown","False","True","patch-equivalent to master; terminal/aged; no active reference"
"feat/card-task-76a50222","25dbf35adcf14fca4145a72e98f34c319ad36504","2026-09-03T01:41:00.0000000+00:00","True","0","0","Succeeded","CARD-0033","Done","False","True","contained in master; terminal/aged; no active reference"
"feat/card-task-76ab3424","0f43fd333bc647205a5eabbda4ae41dd9430fa52","2026-09-17T05:24:49.0000000+00:00","False","28","0","Succeeded","CARD-0462","Done","False","True","patch-equivalent to master; terminal/aged; no active reference"
"feat/card-task-76b350d6","ef91470651ccab1678be4dceb87cd95fbf944399","2026-08-27T00:53:57.0000000+00:00","True","0","0","Succeeded","CARD-0122","unknown","False","True","contained in master; terminal/aged; no active reference"
"feat/card-task-781f34ac","968d22e105f6a6a6f96ba4f55b899a0d3a707d4a","2026-09-05T19:02:49.0000000+00:00","True","0","0","Succeeded","CARD-0397","Done","False","True","contained in master; terminal/aged; no active reference"
"feat/card-task-78355a66","2fb486d183fe729489edb7253b043ddfc6caa99c","2026-09-03T04:32:02.0000000+00:00","False","1","0","Succeeded","CARD-0098","Done","False","True","patch-equivalent to master; terminal/aged; no active reference"
"feat/card-task-78859af8","85c4f5ce07ca5c02fe3d57b6e3608285373be2cb","2026-09-22T19:56:20.0000000+00:00","False","27","0","Failed","CARD-0604","Review","False","True","patch-equivalent to master; terminal/aged; no active reference"
"feat/card-task-7928a7de","df757a5ded14eabbc5cfe6b24ad50e478df93561","2026-09-15T18:11:30.0000000+00:00","False","16","0","Succeeded","CARD-0481","Done","False","True","patch-equivalent to master; terminal/aged; no active reference"
"feat/card-task-798033a0","bb7b75353f76ca940265e5ef77bb64447100b027","2026-09-19T14:06:19.0000000+00:00","True","0","0","Succeeded","CARD-0567","Done","False","True","contained in master; terminal/aged; no active reference"
"feat/card-task-7a479eaf","0b314a9eaa42ea5865c1f84fc39d67ab2067ebd8","2026-09-14T04:38:29.0000000+00:00","False","0","16","Succeeded","CARD-0418","Review","False","False","unique commits (+16, -0)"
"feat/card-task-7ab2e2cf","eded93f523bff935f9fd92f604496ba8ff7b7a79","2026-09-08T09:10:18.0000000+00:00","False","1","0","Succeeded","CARD-0442","Review","False","True","patch-equivalent to master; terminal/aged; no active reference"
"feat/card-task-7ad5a936","1666d39bb295da0286363955c5e3501d6f1bca8f","2026-09-18T22:12:07.0000000+00:00","True","0","0","Succeeded","CARD-0551","Review","False","True","contained in master; terminal/aged; no active reference"
"feat/card-task-7b16669f","cb2a0aad9c8caa4099147102348c5db44882fe91","2026-09-24T00:00:10.0000000+00:00","True","0","0","Failed","CARD-0628","InProgress","False","True","contained in master; terminal/aged; no active reference"
"feat/card-task-7d32c5ca","4e4dcd918d6ed32bca80c389730d615b0829e40a","2026-09-03T00:51:44.0000000+00:00","False","1","0","Succeeded","CARD-0215","Done","False","True","patch-equivalent to master; terminal/aged; no active reference"
"feat/card-task-7d3d19b6","9016a3b1f8b02df3b342e24c2ff7e1077a4c112b","2026-08-26T20:10:02.0000000+00:00","False","1","0","Succeeded","CARD-0033","Done","False","True","patch-equivalent to master; terminal/aged; no active reference"
"feat/card-task-7d46d1c0","65c01a5e55ba046e001729beb84ba5db84054168","2026-08-21T21:30:45.0000000+00:00","False","1","0","Succeeded","","unknown","False","True","patch-equivalent to master; terminal/aged; no active reference"
"feat/card-task-7d58c913","16f37087313c27677f6557b8b627aee21086f621","2026-09-24T21:26:18.0000000+00:00","True","0","0","Succeeded","CARD-0679","Review","False","False","tip <=24h"
"feat/card-task-7dc235bc","9c5702bdbcecf8dc9df7343e7a901ebbb0472633","2026-09-24T10:07:22.0000000+00:00","False","6","0","Succeeded","CARD-0647","Review","False","False","tip <=24h"
"feat/card-task-7dcb662f","4cf8d0f07940a585392f7196f0f79362e612b2dc","2026-09-16T11:17:42.0000000+00:00","False","22","0","Canceled","CARD-0462","Done","False","True","patch-equivalent to master; terminal/aged; no active reference"
"feat/card-task-7e73872f","d0a26a56890fa65ede0708592906abf74da3e5af","2026-09-10T05:04:59.0000000+00:00","False","0","6","Succeeded","CARD-0467","Done","False","False","unique commits (+6, -0)"
"feat/card-task-7ed382dc","08acc41b520915f890a26ec038a7f05292cec817","2026-09-12T17:19:38.0000000+00:00","True","0","0","Succeeded","","unknown","False","True","contained in master; terminal/aged; no active reference"
"feat/card-task-7f0751e8","23ffc80814e46df6223755509db22b945457ebac","2026-09-09T20:18:45.0000000+00:00","True","0","0","Succeeded","CARD-0469","Review","False","True","contained in master; terminal/aged; no active reference"
"feat/card-task-7f0a4cb4","b504cfa946dd5c2b9f7e44d295fd2b417d13448f","2026-08-25T18:24:36.0000000+00:00","True","0","0","Succeeded","CARD-0204","unknown","False","True","contained in master; terminal/aged; no active reference"
"feat/card-task-7f3e581c","91231a53069b4f98d9acf76d766374d2addafb0f","2026-09-15T23:04:00.0000000+00:00","False","23","0","Succeeded","CARD-0481","Done","False","True","patch-equivalent to master; terminal/aged; no active reference"
"feat/card-task-7f644884","125f8dda23cce27abf2acfb37e294e1d7eddee63","2026-09-24T22:58:19.0000000+00:00","False","2","0","Succeeded","CARD-0660","InProgress","False","False","tip <=24h"
"feat/card-task-7f65db8c","a85715c1e189ae2adad3a21ef095c954d7bf93ff","2026-09-11T01:46:44.0000000+00:00","True","0","0","Succeeded","CARD-0482","Done","False","True","contained in master; terminal/aged; no active reference"
"feat/card-task-7f6ed39a","11e4ed52c8d373a61b255e0e0c2e59eefaf15b8f","2026-09-23T08:21:57.0000000+00:00","False","15","0","Succeeded","CARD-0613","Review","False","True","patch-equivalent to master; terminal/aged; no active reference"
"feat/card-task-800c3f0a","eea127b000ad3078fbd324df2573707b07e87ded","2026-09-14T22:46:50.0000000+00:00","True","0","0","Succeeded","CARD-0501","Done","False","True","contained in master; terminal/aged; no active reference"
"feat/card-task-806c2e25","7a18aca2358c5a4cf6fbf07d54f33f220be94ebd","2026-09-21T17:58:13.0000000+00:00","False","4","0","Succeeded","CARD-0590","Review","False","True","patch-equivalent to master; terminal/aged; no active reference"
"feat/card-task-80e38203","bcdcdb5a0659ff014cc552119dfd5fd21b462faa","2026-09-13T01:00:34.0000000+00:00","False","9","0","Succeeded","CARD-0502","Done","False","True","patch-equivalent to master; terminal/aged; no active reference"
"feat/card-task-81b20772","9322782cdea9c858df32e3d5ed39733b1626790c","2026-09-03T10:00:26.0000000+00:00","True","0","0","Succeeded","CARD-0341","Done","False","True","contained in master; terminal/aged; no active reference"
"feat/card-task-81c898bc","d2236e9ec3db827c4b6f11e740ec0aa6aa272c63","2026-09-25T07:52:04.0000000+00:00","True","0","0","Dispatched","CARD-0698","InProgress","True","False","task Dispatched; tip <=24h; active task StartRef/base"
"feat/card-task-81ca855b","fa1897c39bfe2aa9a6d83800003ad4974235a0a7","2026-09-25T02:05:26.0000000+00:00","False","2","0","Succeeded","CARD-0693","Review","False","False","tip <=24h"
"feat/card-task-81da7ca2","569ce66fd4debc703333853d0bf7a749a9b3a744","2026-09-09T17:58:11.0000000+00:00","False","1","0","Succeeded","CARD-0466","Done","False","True","patch-equivalent to master; terminal/aged; no active reference"
"feat/card-task-82140e9d","271f22c7c57fc5cc4e051793f7d83fed718bfa64","2026-09-24T20:58:37.0000000+00:00","True","0","0","Succeeded","CARD-0679","Review","False","False","tip <=24h"
"feat/card-task-82403841","1697420a96ae9bc4c5cdd79764218b07e5e4545e","2026-09-03T03:25:04.0000000+00:00","True","0","0","Succeeded","CARD-0331","Done","False","True","contained in master; terminal/aged; no active reference"
"feat/card-task-826d5841","0c23e46e0199b5590c79c30b87d1c61b2d9bcc7e","2026-09-18T09:55:49.0000000+00:00","False","2","0","Succeeded","CARD-0562","Review","False","True","patch-equivalent to master; terminal/aged; no active reference"
"feat/card-task-827c7296","2d1aaf21bdef44bc71561b714082b4a97cac5eb3","2026-08-21T20:02:27.0000000+00:00","False","1","0","Succeeded","CARD-0102","unknown","False","True","patch-equivalent to master; terminal/aged; no active reference"
"feat/card-task-82b65c07","9a913f012785728a6a75146adc54b3aa75293520","2026-09-10T18:08:08.0000000+00:00","True","0","0","Succeeded","CARD-0461","Done","False","True","contained in master; terminal/aged; no active reference"
"feat/card-task-82e228ee","748fb8d4967c1307afc80a8848aa9d22ab44c7d3","2026-09-24T01:34:23.0000000+00:00","False","3","0","Succeeded","CARD-0641","Review","False","True","patch-equivalent to master; terminal/aged; no active reference"
"feat/card-task-83018df7","3efe2c69ab74248d9f35eb61849ff862b79d07e4","2026-09-06T21:19:47.0000000+00:00","False","3","0","Succeeded","CARD-0408","Done","False","True","patch-equivalent to master; terminal/aged; no active reference"
"feat/card-task-8372a84f","eef23f61c38d98e65eeea9858f60880a0cdb816f","2026-09-23T19:38:47.0000000+00:00","False","2","0","Succeeded","CARD-0628","InProgress","False","True","patch-equivalent to master; terminal/aged; no active reference"
"feat/card-task-837ff8d2","e8bfdeb004922b90d61cfdd700a0265080786d99","2026-09-24T17:55:29.0000000+00:00","False","7","0","Failed","CARD-0666","Review","False","False","tip <=24h"
"feat/card-task-83db9844","eec7d4245865a6aae2164f18781e3612d5672f22","2026-09-15T13:10:06.0000000+00:00","False","11","0","Succeeded","CARD-0481","Done","False","True","patch-equivalent to master; terminal/aged; no active reference"
"feat/card-task-84733098","2083129b245ed27f1fd3cbef804926084e987283","2026-09-03T07:09:12.0000000+00:00","True","0","0","Succeeded","CARD-0337","Done","False","True","contained in master; terminal/aged; no active reference"
"feat/card-task-847c702a","6c892bb36774867bcda7a7dd097470f899657478","2026-09-03T08:54:01.0000000+00:00","False","1","0","Succeeded","CARD-0340","Done","False","True","patch-equivalent to master; terminal/aged; no active reference"
"feat/card-task-84e0ea68","b15d1dfc172e2a17382ff76b445870d664bb095b","2026-09-16T00:20:09.0000000+00:00","True","0","0","Succeeded","CARD-0481","Done","False","True","contained in master; terminal/aged; no active reference"
"feat/card-task-8552c9b9","2728ba4f96c7428fd2b07997e3eb6b4b642f5253","2026-09-07T20:26:49.0000000+00:00","False","1","0","Succeeded","CARD-0417","Review","False","True","patch-equivalent to master; terminal/aged; no active reference"
"feat/card-task-85ea60c8","cd4cb6af52819f04b608a53820fb5bbf49f8a269","2026-09-14T18:12:04.0000000+00:00","False","1","0","Succeeded","CARD-0492","Done","False","True","patch-equivalent to master; terminal/aged; no active reference"
"feat/card-task-8682bc21","8e8773ecd37af77c8590ec9806e17e27d6593171","2026-09-01T19:28:28.0000000+00:00","True","0","0","Succeeded","CARD-0307","Done","False","True","contained in master; terminal/aged; no active reference"
"feat/card-task-86dbf765","67ae0754f0caa095c183c442b159ac592668ef9d","2026-09-24T00:54:52.0000000+00:00","False","1","0","Succeeded","CARD-0628","InProgress","False","True","patch-equivalent to master; terminal/aged; no active reference"
"feat/card-task-8734a6c1","67c200287ab8eb0bd619f10cb3d8c99f8115970a","2026-09-19T09:05:29.0000000+00:00","True","0","0","Succeeded","CARD-0542","Done","False","True","contained in master; terminal/aged; no active reference"
"feat/card-task-8740c94e","0053b8e8b6c1d737efeb627f22c6442746cabdbe","2026-09-05T00:15:11.0000000+00:00","False","1","0","Succeeded","CARD-0350","Done","False","True","patch-equivalent to master; terminal/aged; no active reference"
"feat/card-task-87af1bf6","e819bc27f8254aef075ce38798eaccc14896013a","2026-09-25T02:49:25.0000000+00:00","False","7","1","Canceled","CARD-0679","Review","False","False","unique commits (+1, -7); tip <=24h"
"feat/card-task-87eb38d2","618de2be7f42b19b1abda3ab6f26127af96da29a","2026-09-23T23:46:35.0000000+00:00","False","1","0","Succeeded","CARD-0641","Review","False","True","patch-equivalent to master; terminal/aged; no active reference"
"feat/card-task-87ec5fac","43844c6f821713a967d441dbc61e2cfefe224a51","2026-09-02T03:39:54.0000000+00:00","True","0","0","Succeeded","CARD-0004","unknown","False","True","contained in master; terminal/aged; no active reference"
"feat/card-task-87fe30e6","2d1c9af84160ac7499e821c0eebf57c484ce68f8","2026-09-24T23:06:30.0000000+00:00","False","6","0","Succeeded","CARD-0664","Review","False","False","tip <=24h"
"feat/card-task-88485f49","b633755fe548cbd7ce353996170895a3fe7556c7","2026-09-25T07:56:52.0000000+00:00","False","4","9","Succeeded","CARD-0672","Review","True","False","unique commits (+9, -4); tip <=24h; active task StartRef/base"
"feat/card-task-8863c443","8d948b00b53d9662407b0afe64b594371c791ecf","2026-09-24T08:10:01.0000000+00:00","False","1","0","Succeeded","CARD-0650","Review","False","True","patch-equivalent to master; terminal/aged; no active reference"
"feat/card-task-88c5a804","bbfaa60145d964b1a2b5ca0a4dd01f5cfaa1e94b","2026-09-09T23:53:16.0000000+00:00","False","1","0","Succeeded","CARD-0471","Review","False","True","patch-equivalent to master; terminal/aged; no active reference"
"feat/card-task-88c70cc3","d5eaa24aefcbce82936b4bad77d0aa0533084af2","2026-09-14T09:41:05.0000000+00:00","True","0","0","Succeeded","CARD-0508","Review","False","True","contained in master; terminal/aged; no active reference"
"feat/card-task-89005d18","cf5e42e5eb7f61b6b4680eab2e95e145e9d38258","2026-09-25T08:20:41.0000000+00:00","False","0","13","Dispatched","CARD-0589","InProgress","True","False","unique commits (+13, -0); task Dispatched; tip <=24h; active task StartRef/base"
"feat/card-task-89231917","b8c04cef44ace0fd4b52e94f677ce15a81e09234","2026-08-17T14:58:48.0000000+00:00","False","2","0","Succeeded","","unknown","False","True","patch-equivalent to master; terminal/aged; no active reference"
"feat/card-task-89a0fb05","6a20506f86baba9fefccde5dc3bad2e239505d1b","2026-09-08T08:04:55.0000000+00:00","False","2","0","Succeeded","CARD-0412","Done","False","True","patch-equivalent to master; terminal/aged; no active reference"
"feat/card-task-8a41abfe","78bed3774f4e9c38d8b92b3b29d6cdcf9fc6a241","2026-09-05T00:46:17.0000000+00:00","False","1","0","Succeeded","CARD-0350","Done","False","True","patch-equivalent to master; terminal/aged; no active reference"
"feat/card-task-8afa8f97","2fc8b3d2ce01d4aaf0d3240e7aabfd4e7129e8d7","2026-09-24T15:20:42.0000000+00:00","False","1","0","Succeeded","CARD-0664","Review","False","False","tip <=24h"
"feat/card-task-8afb5da3","a7f2b493421ef0060283a176d07030a2f2bfef48","2026-09-11T11:43:21.0000000+00:00","True","0","0","Succeeded","CARD-0487","Done","False","True","contained in master; terminal/aged; no active reference"
"feat/card-task-8b49ad4f","85043e1a12bbe2d14c55b4aa6ddf7aa71bf5c267","2026-09-03T10:49:09.0000000+00:00","False","1","0","Succeeded","CARD-0340","Done","False","True","patch-equivalent to master; terminal/aged; no active reference"
"feat/card-task-8b97b37f","61a12760d39099bbfda8e5017fd3ac2e47f8e9d0","2026-09-04T22:55:59.0000000+00:00","True","0","0","Succeeded","CARD-0333","Done","False","True","contained in master; terminal/aged; no active reference"
"feat/card-task-8bae07b3","6b401203a87398e564ddb18da747bf1ce73ac7c2","2026-09-09T04:36:23.0000000+00:00","False","31","0","Succeeded","CARD-0448","Done","False","True","patch-equivalent to master; terminal/aged; no active reference"
"feat/card-task-8c094bd8","822a0d160f0cbd0e1470ca859a30ff618135fbd9","2026-09-24T17:36:17.0000000+00:00","True","0","0","Failed","CARD-0677","Review","False","False","tip <=24h"
"feat/card-task-8c839a5e","3843a0bb5608141857fbbb24b586cb02015899b4","2026-09-06T21:05:19.0000000+00:00","False","2","0","Succeeded","CARD-0408","Done","False","True","patch-equivalent to master; terminal/aged; no active reference"
"feat/card-task-8d4cd03e","0cc8db569b995868ca3c8d493c7ee66e23d4d731","2026-09-25T00:24:10.0000000+00:00","False","8","0","Canceled","CARD-0679","Review","False","False","tip <=24h"
"feat/card-task-8d562a1a","07652c0e2d00579949d0f7499b4c82625921cb74","2026-09-11T06:11:29.0000000+00:00","False","1","0","Failed","CARD-0478","Done","False","True","patch-equivalent to master; terminal/aged; no active reference"
"feat/card-task-8d5a188d","323872edbf9a91927e68b0adfcd93d6b6c7545aa","2026-09-25T04:36:01.0000000+00:00","True","0","0","Canceled","CARD-0679","Review","False","False","tip <=24h"
"feat/card-task-8d70fc24","7efe0c424c771dfce3f341c8872a3280564b991f","2026-09-02T02:09:49.0000000+00:00","True","0","0","Succeeded","CARD-0002","unknown","False","True","contained in master; terminal/aged; no active reference"
"feat/card-task-8ec38ef1","3612af22e4fc0e274ede9bfffdf1d42818c1da23","2026-09-01T14:35:18.0000000+00:00","True","0","0","Succeeded","CARD-0304","Done","False","True","contained in master; terminal/aged; no active reference"
"feat/card-task-8ef399b2","4fa7711b5f0be843a17b253e90f42e6bd1bc0193","2026-09-08T08:25:13.0000000+00:00","False","1","0","Succeeded","CARD-0262","Backlog","False","True","patch-equivalent to master; terminal/aged; no active reference"
"feat/card-task-8ffa7df1","627d448f13c28eb4a2044027be4b8f49b50f7673","2026-09-18T06:18:07.0000000+00:00","True","0","0","Succeeded","CARD-0561","Review","False","True","contained in master; terminal/aged; no active reference"
"feat/card-task-900c9339","a0fc9fabce5b0462ffae1b2f5d50f0293d0ed5c0","2026-09-21T08:08:00.0000000+00:00","True","0","0","Succeeded","CARD-0330","Done","False","True","contained in master; terminal/aged; no active reference"
"feat/card-task-903bf8a7","b3f7942bfa7d2a7691df79e0958e9d95691a7e8a","2026-09-24T07:43:12.0000000+00:00","False","0","1","Failed","CARD-0647","Review","False","False","unique commits (+1, -0)"
"feat/card-task-90fc3be0","295d5fc756dbf53f5dab8f79e107b75f8a348be0","2026-09-04T17:53:29.0000000+00:00","True","0","0","Succeeded","CARD-0328","Done","False","True","contained in master; terminal/aged; no active reference"
"feat/card-task-911fdfb7","2c1dbb02e775fecf6f02adeb46e8a68f53f0116a","2026-08-21T20:36:53.0000000+00:00","False","1","0","Succeeded","CARD-0115","unknown","False","True","patch-equivalent to master; terminal/aged; no active reference"
"feat/card-task-9146e0d7","81fbd1864ae6b5f1e91c3da2bd15125c47e09d81","2026-09-23T00:53:45.0000000+00:00","False","4","0","Succeeded","CARD-0606","Review","False","True","patch-equivalent to master; terminal/aged; no active reference"
"feat/card-task-914a96fd","7c89dcd8c3cb5658c118f4d62f6fe64cc6af4af2","2026-09-24T23:04:31.0000000+00:00","False","4","0","Succeeded","CARD-0679","Review","False","False","tip <=24h"
"feat/card-task-91e2d06b","26b63b22ebfbec1c933c5ca627159be0ee91ca3a","2026-09-04T18:37:04.0000000+00:00","True","0","0","Succeeded","CARD-0327","Done","False","True","contained in master; terminal/aged; no active reference"
"feat/card-task-9216c4a9","271f22c7c57fc5cc4e051793f7d83fed718bfa64","2026-09-24T20:58:37.0000000+00:00","True","0","0","Succeeded","CARD-0679","Review","False","False","tip <=24h"
"feat/card-task-924d72d5","9bda7bb2d578644b02c0e9b469772c95ad38b99b","2026-09-18T00:22:08.0000000+00:00","False","0","4","Succeeded","CARD-0558","Review","False","False","unique commits (+4, -0)"
"feat/card-task-92696a83","c3cabd1dd46d1591417d487d8bba6742f18d74ce","2026-08-26T16:59:52.0000000+00:00","True","0","0","Succeeded","CARD-0034","unknown","False","True","contained in master; terminal/aged; no active reference"
"feat/card-task-926c1803","aaa88f5bfb9a5307c7e2aff21a7e231071da4d3d","2026-09-05T02:53:27.0000000+00:00","True","0","0","Succeeded","CARD-0352","Done","False","True","contained in master; terminal/aged; no active reference"
"feat/card-task-92783ab1","3c260199895a68c3c8717e35be0b07424f6c2678","2026-09-24T17:36:34.0000000+00:00","False","7","0","Succeeded","CARD-0599","Review","False","False","tip <=24h"
"feat/card-task-93117134","998af69e4fa281d877df4186f912c33227728060","2026-09-04T22:35:35.0000000+00:00","True","0","0","Succeeded","CARD-0333","Done","False","True","contained in master; terminal/aged; no active reference"
"feat/card-task-93442387","822a0d160f0cbd0e1470ca859a30ff618135fbd9","2026-09-24T17:36:17.0000000+00:00","True","0","0","Failed","CARD-0678","Review","False","False","tip <=24h"
"feat/card-task-944accde","bb0050be7cb211fa2f61d7563aad910eb833686e","2026-09-19T01:04:41.0000000+00:00","True","0","0","Succeeded","CARD-0493","Review","False","True","contained in master; terminal/aged; no active reference"
"feat/card-task-95121694","763be71a922dd60dcf3a63b548a8212ee8bdae69","2026-09-03T03:07:55.0000000+00:00","False","3","0","Succeeded","CARD-0323","Done","False","True","patch-equivalent to master; terminal/aged; no active reference"
"feat/card-task-95d13463","917cdbcd14556a4ecbb87977159a3077a84a05f0","2026-09-25T02:03:07.0000000+00:00","True","0","0","Succeeded","CARD-0672","Review","False","False","tip <=24h"
"feat/card-task-965c38da","427ec5682d1ef7e15d7503c1e1ba150de6282817","2026-08-25T19:05:10.0000000+00:00","True","0","0","Succeeded","CARD-0190","unknown","False","True","contained in master; terminal/aged; no active reference"
"feat/card-task-96612a31","0fb548dad10ba5b73270f396f9307d281c0cff98","2026-09-19T01:51:33.0000000+00:00","True","0","0","Succeeded","CARD-0537","Review","False","True","contained in master; terminal/aged; no active reference"
"feat/card-task-96c34d4d","5dfcf077bf837a1b16579a642837921e8244cd1d","2026-09-10T21:23:44.0000000+00:00","False","1","0","Succeeded","CARD-0478","Done","False","True","patch-equivalent to master; terminal/aged; no active reference"
"feat/card-task-96cd94c9","88bcaa593dfb3b9f0e2c28ff4597c12cab7ab112","2026-09-03T11:59:24.0000000+00:00","False","1","0","Succeeded","CARD-0189","Done","False","True","patch-equivalent to master; terminal/aged; no active reference"
"feat/card-task-9701b1dd","9bc00948f5411e8df04290892eddf97207be8ff9","2026-09-12T16:10:55.0000000+00:00","False","7","0","Succeeded","CARD-0495","Review","False","True","patch-equivalent to master; terminal/aged; no active reference"
"feat/card-task-97753918","a7a44e78bd837a03ba9e28d154e669aa324f9122","2026-09-23T20:54:58.0000000+00:00","False","19","0","Failed","CARD-0604","Review","False","True","patch-equivalent to master; terminal/aged; no active reference"
"feat/card-task-9775fe45","191347e7d09ea7d31fa6725b102196919e060d75","2026-08-11T08:50:12.0000000+00:00","False","0","1","Failed","","unknown","False","False","unique commits (+1, -0)"
"feat/card-task-97e91f92","35b320a56a27fc99264cffe2d80a9ca34bbf09cf","2026-09-23T22:45:30.0000000+00:00","True","0","0","Succeeded","CARD-0599","Review","False","True","contained in master; terminal/aged; no active reference"
"feat/card-task-97ea55ef","ce4cce1e8c03f6a769506eaa44a185d289a12b44","2026-09-24T23:21:30.0000000+00:00","False","18","0","Succeeded","CARD-0650","Review","False","False","tip <=24h"
"feat/card-task-983bfbdb","160e90421824375090a0d3474a223a0939d66fe7","2026-09-03T16:16:26.0000000+00:00","True","0","0","Succeeded","CARD-0353","unknown","False","True","contained in master; terminal/aged; no active reference"
"feat/card-task-98a85ef1","27e46463597eadb6872240df4d9ab699a1c27411","2026-09-14T11:55:34.0000000+00:00","True","0","0","Succeeded","CARD-0443","Done","False","True","contained in master; terminal/aged; no active reference"
"feat/card-task-98acb66e","b8b6be1590fc993d1ccbab8c69a6d9f068930e07","2026-09-03T16:46:11.0000000+00:00","False","1","0","Succeeded","CARD-0352","Done","False","True","patch-equivalent to master; terminal/aged; no active reference"
"feat/card-task-98d80cb8","c1272a746f52ba315d2e33463d10f812272b78d4","2026-09-23T23:45:44.0000000+00:00","False","9","1","Succeeded","CARD-0633","Review","False","False","unique commits (+1, -9)"
"feat/card-task-993029c5","0963f6ec8892b6886a3575ad98b3c2ae6229deae","2026-09-03T18:08:11.0000000+00:00","False","1","0","Succeeded","CARD-0352","Done","False","True","patch-equivalent to master; terminal/aged; no active reference"
"feat/card-task-993405ad","b8aeaa51ebf9ac09662fdee5102f72215f3f3e99","2026-09-24T12:21:04.0000000+00:00","False","1","0","Failed","CARD-0640","Review","False","False","tip <=24h"
"feat/card-task-9958b325","25564530cd51ff9b02e5b8c9a5ac4793225d2541","2026-09-23T22:25:02.0000000+00:00","True","0","0","Failed","","unknown","False","True","contained in master; terminal/aged; no active reference"
"feat/card-task-99825270","6d05e6b2abb23fefc4712326d583339be02fe8ea","2026-09-03T11:43:37.0000000+00:00","False","1","0","Succeeded","CARD-0294","Done","False","True","patch-equivalent to master; terminal/aged; no active reference"
"feat/card-task-9a8ad193","db63063c8c5c989004400dd4dae1b924523ce46e","2026-09-03T05:21:47.0000000+00:00","True","0","0","Succeeded","CARD-0335","Done","False","True","contained in master; terminal/aged; no active reference"
"feat/card-task-9af03845","75bd025a0b5ee605cab8aadc66f11f847ec2c4d3","2026-09-05T14:23:37.0000000+00:00","False","3","0","Succeeded","CARD-0383","Done","False","True","patch-equivalent to master; terminal/aged; no active reference"
"feat/card-task-9b2af292","0ca274baad1e8bb11bc79b9dba6da5d1ca5111ad","2026-09-24T00:08:33.0000000+00:00","False","4","0","Succeeded","CARD-0644","InProgress","False","True","patch-equivalent to master; terminal/aged; no active reference"
"feat/card-task-9b33195a","bbd4586d84dec9177010ab868aafa3b216312b53","2026-09-20T00:27:51.0000000+00:00","False","7","0","Succeeded","CARD-0490","Review","False","True","patch-equivalent to master; terminal/aged; no active reference"
"feat/card-task-9b46379d","f49c916a81f289fb2b372a3bec3a5e39891c98e0","2026-09-05T09:29:11.0000000+00:00","False","4","0","Succeeded","CARD-0098","Done","False","True","patch-equivalent to master; terminal/aged; no active reference"
"feat/card-task-9b83888e","bb4db96a9850bc84c7f899671e404c5bd2ce7ed9","2026-09-25T03:03:42.0000000+00:00","False","1","0","Canceled","CARD-0684","Review","False","False","tip <=24h"
"feat/card-task-9b990d0a","e6826120813670cc6dd982df4f29666757d1dee0","2026-09-12T10:37:33.0000000+00:00","True","0","0","Failed","CARD-0488","Done","False","True","contained in master; terminal/aged; no active reference"
"feat/card-task-9bb85b42","bf7044bf60b5d3265a878df47b60c1f6f2dc93cb","2026-09-03T10:52:50.0000000+00:00","False","1","0","Succeeded","CARD-0189","Done","False","True","patch-equivalent to master; terminal/aged; no active reference"
"feat/card-task-9bf43fcb","f202fcc135bb6701e6c9618dbf0494458fab3fca","2026-09-08T09:54:58.0000000+00:00","True","0","0","Succeeded","CARD-0442","Review","False","True","contained in master; terminal/aged; no active reference"
"feat/card-task-9c2a11d4","637484d9e84bcb662440bb8a71cc5e7a8293cbf5","2026-09-02T03:28:25.0000000+00:00","True","0","0","Succeeded","CARD-0004","unknown","False","True","contained in master; terminal/aged; no active reference"
"feat/card-task-9d0204b6","2041d7fb0db9cb704b2105d2bcebd53e01fcdcd0","2026-09-03T04:09:26.0000000+00:00","False","3","0","Succeeded","CARD-0301","Done","False","True","patch-equivalent to master; terminal/aged; no active reference"
"feat/card-task-9d0f4504","d6b9dc3e54432f400ee90a215b89d54893cc7c16","2026-08-21T19:10:54.0000000+00:00","False","1","0","Succeeded","CARD-0102","unknown","False","True","patch-equivalent to master; terminal/aged; no active reference"
"feat/card-task-9ded3cad","78608785db2d1d224cfa4454f84b6688c5eb27b1","2026-08-27T04:06:45.0000000+00:00","True","0","0","Succeeded","CARD-0133","Done","False","True","contained in master; terminal/aged; no active reference"
"feat/card-task-9df5bbae","38ddf39505a7657bf1d0ebf9cbae6b7a3a93a255","2026-09-24T18:54:53.0000000+00:00","False","10","0","Succeeded","CARD-0599","Review","False","False","tip <=24h"
"feat/card-task-9e28086d","e91e3ac847dbaceb553912beeb1cbd1612e1a3cb","2026-09-24T17:52:24.0000000+00:00","False","3","0","Failed","CARD-0658","Review","False","False","tip <=24h"
"feat/card-task-9e487ef7","3a9c7e2bebe19e5c2aac93e9eda652ec57ba13a1","2026-09-01T17:06:57.0000000+00:00","False","4","0","Succeeded","CARD-0302","Done","False","True","patch-equivalent to master; terminal/aged; no active reference"
"feat/card-task-9edf8224","5eb6e0332a73a7707a01d1d7a5c0de5c52712e1d","2026-09-18T02:31:52.0000000+00:00","False","0","2","Succeeded","CARD-0511","Review","False","False","unique commits (+2, -0)"
"feat/card-task-9f6882c4","e9ab7daa55b88b571ab4e485a2f836d4fdb4dd79","2026-09-07T18:13:47.0000000+00:00","False","1","0","Succeeded","CARD-0436","Done","False","True","patch-equivalent to master; terminal/aged; no active reference"
"feat/card-task-a0dbab43","b093220fa870f6dc2038e2d7bc90e0141cee7978","2026-09-23T23:38:12.0000000+00:00","True","0","0","Succeeded","CARD-0645","Review","False","True","contained in master; terminal/aged; no active reference"
"feat/card-task-a108c21d","7e3902f1d0627f86f41604c1f98c6096af481d48","2026-09-07T20:05:25.0000000+00:00","False","1","0","Succeeded","CARD-0412","Done","False","True","patch-equivalent to master; terminal/aged; no active reference"
"feat/card-task-a11b1680","b2499ddc5688110114a3024747ed32016d5808be","2026-08-14T16:03:09.0000000+00:00","True","0","0","Succeeded","CARD-0019","unknown","False","True","contained in master; terminal/aged; no active reference"
"feat/card-task-a143618c","6ee4555ec67f94fd70eee896afc514dd4291ffd7","2026-09-24T12:18:28.0000000+00:00","True","0","0","Succeeded","CARD-0656","Review","False","False","tip <=24h"
"feat/card-task-a15a55cb","0071a96e598ac41d1ed5da0efa2cb84e8bda2eda","2026-08-25T19:16:30.0000000+00:00","True","0","0","Succeeded","CARD-0190","unknown","False","True","contained in master; terminal/aged; no active reference"
"feat/card-task-a1d37ec8","7a2f11d28bc5fd1510744d0886286aea2a9acc51","2026-08-26T00:20:52.0000000+00:00","False","0","1","Succeeded","CARD-0134","unknown","False","False","unique commits (+1, -0)"
"feat/card-task-a1ee8274","40f30b38d102ee8cb1bbabc510dc025656804914","2026-09-25T03:14:08.0000000+00:00","False","12","0","Succeeded","CARD-0679","Review","False","False","tip <=24h"
"feat/card-task-a21f3a49","cf4f0b07fcd5e76d0a23003c031eabe6d7987de5","2026-08-17T17:37:28.0000000+00:00","True","0","0","Succeeded","","unknown","False","True","contained in master; terminal/aged; no active reference"
"feat/card-task-a24a626a","89b32d92b7cf522663e0dbcf46d4ac853ea23c25","2026-09-23T21:17:15.0000000+00:00","False","14","2","Succeeded","CARD-0631","Review","False","False","unique commits (+2, -14)"
"feat/card-task-a36875a7","dd76c862aa1a8045d8f4430ac8adc6687a050143","2026-09-24T21:06:32.0000000+00:00","False","11","0","Succeeded","CARD-0650","Review","False","False","tip <=24h"
"feat/card-task-a3c8df2c","8ed4d68b4301cbcc7fc36d41ece0f1036aa924d8","2026-09-08T11:23:06.0000000+00:00","True","0","0","Succeeded","CARD-0448","Done","False","True","contained in master; terminal/aged; no active reference"
"feat/card-task-a3cb174d","efa82e173cf377042a488cb7d6a4a5635ac63ae4","2026-09-15T21:47:01.0000000+00:00","False","1","0","Failed","CARD-0462","Done","False","True","patch-equivalent to master; terminal/aged; no active reference"
"feat/card-task-a3e92650","6ab13481e72e10fa4c99985fa30364974bc7bb66","2026-09-18T02:51:25.0000000+00:00","True","0","0","Succeeded","CARD-0527","Done","False","True","contained in master; terminal/aged; no active reference"
"feat/card-task-a4229816","60c6a16f3f589a5cb966e22e44aa26baee8f8d6e","2026-08-26T00:28:08.0000000+00:00","False","1","0","Succeeded","CARD-0134","unknown","False","True","patch-equivalent to master; terminal/aged; no active reference"
"feat/card-task-a429ddf2","ae06d961ad0d1294a3d769972f541508ac0ab285","2026-09-03T15:37:23.0000000+00:00","True","0","0","Succeeded","CARD-0351","Done","False","True","contained in master; terminal/aged; no active reference"
"feat/card-task-a42fb8ee","4259bdc6d9e2bfcff0d075d03b066af4af763a6c","2026-09-23T05:37:24.0000000+00:00","True","0","0","Failed","CARD-0615","InProgress","False","True","contained in master; terminal/aged; no active reference"
"feat/card-task-a4389709","165da3447a4d6e2891dba1eb4cf4eff6079c9df7","2026-08-16T19:53:25.0000000+00:00","True","0","0","Succeeded","CARD-0055","unknown","False","True","contained in master; terminal/aged; no active reference"
"feat/card-task-a4a2017e","6fb1097df208bd8dee765f0700ae0e5f03e2e709","2026-09-10T17:28:48.0000000+00:00","False","1","0","Succeeded","CARD-0461","Done","False","True","patch-equivalent to master; terminal/aged; no active reference"
"feat/card-task-a4edbbfd","9082973365e00903b7e3810a3e572997aa9dce34","2026-09-23T20:30:22.0000000+00:00","True","0","0","Succeeded","CARD-0631","Review","False","True","contained in master; terminal/aged; no active reference"
"feat/card-task-a55b7ed6","baefe42eaa2775f9f50af9491f84bd10ec9ee86b","2026-09-18T14:23:26.0000000+00:00","False","2","0","Succeeded","CARD-0486","Done","False","True","patch-equivalent to master; terminal/aged; no active reference"
"feat/card-task-a563fed6","511361f8473d5f4afadd8ca847154c0928da88a2","2026-08-17T18:26:30.0000000+00:00","True","0","0","Succeeded","CARD-0062","unknown","False","True","contained in master; terminal/aged; no active reference"
"feat/card-task-a57a83df","9f36fd341b65278d0d5f4bd07abaf07808dcc9c2","2026-09-24T15:22:19.0000000+00:00","False","4","0","Succeeded","CARD-0659","Review","False","False","tip <=24h"
"feat/card-task-a5e37919","69de4489051a4c4b06af551bb8d1a903116ba5a9","2026-09-13T20:38:37.0000000+00:00","False","10","3","Succeeded","CARD-0461","Done","False","False","unique commits (+3, -10)"
"feat/card-task-a61aba72","7eb3aa532d85b6291bfb0b9bc5ff2deaa30cd859","2026-09-15T20:45:38.0000000+00:00","False","2","0","Succeeded","CARD-0462","Done","False","True","patch-equivalent to master; terminal/aged; no active reference"
"feat/card-task-a61c829b","da7481d4dcdde536b20f45abd5d92f9ec9d39f38","2026-09-25T01:51:00.0000000+00:00","False","3","0","Succeeded","CARD-0679","Review","False","False","tip <=24h"
"feat/card-task-a65cecb5","dc188f9cbeaf87c2ccba22fbf41059440c09069a","2026-09-24T18:06:12.0000000+00:00","False","2","0","Succeeded","CARD-0671","Review","False","False","tip <=24h"
"feat/card-task-a69b4410","ba2b80e3013df5f6c1d4b16f9f3b01417f3e41c5","2026-09-22T14:34:36.0000000+00:00","False","9","0","Succeeded","CARD-0594","Review","False","True","patch-equivalent to master; terminal/aged; no active reference"
"feat/card-task-a6db58bc","eef23f61c38d98e65eeea9858f60880a0cdb816f","2026-09-23T19:38:47.0000000+00:00","False","2","0","Succeeded","CARD-0628","InProgress","False","True","patch-equivalent to master; terminal/aged; no active reference"
"feat/card-task-a748d4a9","3f347938c27292eac2faaa1390718c7d2814c2bb","2026-09-04T19:52:34.0000000+00:00","True","0","0","Succeeded","CARD-0301","Done","False","True","contained in master; terminal/aged; no active reference"
"feat/card-task-a7983b8d","25213b4dc99686189ce3860ae81cccfcc3fe258f","2026-08-22T12:40:44.0000000+00:00","True","0","0","Succeeded","","unknown","False","True","contained in master; terminal/aged; no active reference"
"feat/card-task-a7ab0cda","a0a5b7b6243098e73a14dc7f865be67ef193239b","2026-09-24T15:30:02.0000000+00:00","False","5","0","Failed","CARD-0650","Review","False","False","tip <=24h"
"feat/card-task-a7d678ce","68b397737568abee0d349d24a495682f4edaa0cd","2026-09-25T02:35:29.0000000+00:00","False","8","0","Succeeded","CARD-0679","Review","False","False","tip <=24h"
"feat/card-task-a8685a72","f8b914cb23ddf83f3e9c6f5cff0ae0d47fe9174d","2026-09-24T15:57:14.0000000+00:00","False","1","0","Succeeded","CARD-0664","Review","False","False","tip <=24h"
"feat/card-task-a8a41f3c","4560118790bd5e9f0f2c7e215e4287322bf9dd1d","2026-09-25T07:27:28.0000000+00:00","True","0","0","Succeeded","CARD-0698","InProgress","False","False","tip <=24h"
"feat/card-task-a8b2b9d5","c5e32c2f9029cd1c8bb2132bbda59bcd44bd1424","2026-09-24T07:43:50.0000000+00:00","True","0","0","Succeeded","CARD-0647","Review","False","True","contained in master; terminal/aged; no active reference"
"feat/card-task-a8f042bb","2f7cb8497afe0f32d6101589afb3a190bce9ff8e","2026-09-17T23:06:48.0000000+00:00","False","0","2","Succeeded","CARD-0558","Review","False","False","unique commits (+2, -0)"
"feat/card-task-a9bd4089","f3b5a62fb12c69251f064ac51dbc067410ab8803","2026-09-24T11:20:02.0000000+00:00","True","0","0","Failed","CARD-0647","Review","False","False","tip <=24h"
"feat/card-task-aa4febb4","50565aa5526f946d9bf3dd0ac9b1c24ad741ed5a","2026-09-24T17:31:00.0000000+00:00","False","17","1","Succeeded","CARD-0657","Review","False","False","unique commits (+1, -17); tip <=24h"
"feat/card-task-aa73e744","5bee33ee9e171df86bf1fa3409bebcacc9683134","2026-09-05T03:32:41.0000000+00:00","True","0","0","Succeeded","CARD-0390","Done","False","True","contained in master; terminal/aged; no active reference"
"feat/card-task-aa7a6609","24fb344e979e1b26ce51b702d2a2e59fd41ce2ec","2026-08-21T19:22:56.0000000+00:00","True","0","0","Succeeded","CARD-0129","unknown","False","True","contained in master; terminal/aged; no active reference"
"feat/card-task-aa8e6802","c5e32c2f9029cd1c8bb2132bbda59bcd44bd1424","2026-09-24T07:43:50.0000000+00:00","True","0","0","Failed","CARD-0643","Review","False","True","contained in master; terminal/aged; no active reference"
"feat/card-task-aaab8f81","4b90d575aa5d8a5ab40c3a7f6b88497b0588ef99","2026-09-17T03:53:33.0000000+00:00","False","17","3","Succeeded","CARD-0544","Done","False","False","unique commits (+3, -17)"
"feat/card-task-aadd05ab","2ee0387ae3327489915553a38459bbee88664f96","2026-09-24T23:54:14.0000000+00:00","False","5","0","Succeeded","CARD-0660","InProgress","False","False","tip <=24h"
"feat/card-task-ab7b4974","6c192df58e3d9f5bfa4a51c5414714a38677ce3e","2026-09-02T14:46:41.0000000+00:00","False","2","0","Succeeded","CARD-0092","unknown","False","True","patch-equivalent to master; terminal/aged; no active reference"
"feat/card-task-ab891d30","0ef319f4aee51641d1951217b744ce65f9b66262","2026-08-22T12:11:59.0000000+00:00","True","0","0","Succeeded","","unknown","False","True","contained in master; terminal/aged; no active reference"
"feat/card-task-ab9520b2","465c66ca8cd7f2e6800e967e8ca4bf8c755e5c8f","2026-08-24T22:34:33.0000000+00:00","True","0","0","Succeeded","CARD-0179","unknown","False","True","contained in master; terminal/aged; no active reference"
"feat/card-task-abbbb880","b2cccf1c11553dd81da40564b5950d3a33e31dac","2026-09-02T08:18:12.0000000+00:00","False","1","0","Succeeded","CARD-0319","unknown","False","True","patch-equivalent to master; terminal/aged; no active reference"
"feat/card-task-ac049f6a","45b91a9b6bbff477cab9417d324fa81cfd00fd5d","2026-09-08T09:27:12.0000000+00:00","True","0","0","Succeeded","CARD-0442","Review","False","True","contained in master; terminal/aged; no active reference"
"feat/card-task-ac840fc8","2be807d0ed2633a7a9bd9846c3755e1f0019fbd6","2026-09-23T02:28:46.0000000+00:00","False","2","0","Succeeded","CARD-0613","Review","False","True","patch-equivalent to master; terminal/aged; no active reference"
"feat/card-task-ac940931","dc188f9cbeaf87c2ccba22fbf41059440c09069a","2026-09-24T18:06:12.0000000+00:00","False","2","0","Succeeded","CARD-0671","Review","False","False","tip <=24h"
"feat/card-task-ad914f4d","680001b504307b8476debad8252bc20e9438da2d","2026-08-27T12:03:51.0000000+00:00","True","0","0","Succeeded","CARD-0091","unknown","False","True","contained in master; terminal/aged; no active reference"
"feat/card-task-af17900f","a3ef9c9e43a3104c1af146efb5c98f5360b79044","2026-09-19T05:37:07.0000000+00:00","True","0","0","Succeeded","CARD-0537","Review","False","True","contained in master; terminal/aged; no active reference"
"feat/card-task-af7c5c18","7c765ce00d3cd987349f2c4cc02ebc83577e3c61","2026-09-24T08:11:49.0000000+00:00","True","0","0","Succeeded","CARD-0650","Review","False","True","contained in master; terminal/aged; no active reference"
"feat/card-task-af7dc5ee","f26aa721e81905f046b47247054e6696262e12ef","2026-09-13T20:44:50.0000000+00:00","True","0","0","Succeeded","CARD-0514","Done","False","True","contained in master; terminal/aged; no active reference"
"feat/card-task-af90420b","972fac203578c03f5d187f0a17ef8a659441d494","2026-09-20T15:23:14.0000000+00:00","False","15","2","Succeeded","CARD-0459","Review","False","False","unique commits (+2, -15)"
"feat/card-task-aff1b9c6","ddd06ce7aa56b5147ed6689619aa32ff66a97a10","2026-09-24T01:38:07.0000000+00:00","False","0","1","Failed","CARD-0628","InProgress","False","False","unique commits (+1, -0)"
"feat/card-task-b03a74a0","2c80c976dc63a47349b6a9e663de1967686ea8d5","2026-09-22T08:32:38.0000000+00:00","False","11","1","Failed","CARD-0590","Review","False","False","unique commits (+1, -11)"
"feat/card-task-b0f9c96b","e6d98ca960f1636efe3da6768aa913542390db68","2026-09-04T16:03:21.0000000+00:00","True","0","0","Succeeded","CARD-0124","Done","False","True","contained in master; terminal/aged; no active reference"
"feat/card-task-b1638e39","148c476f14e137bc98fa4fae4f65f23bda6178f8","2026-09-21T08:39:08.0000000+00:00","False","35","0","Succeeded","CARD-0490","Review","False","True","patch-equivalent to master; terminal/aged; no active reference"
"feat/card-task-b17767a5","67c19c4d3e29ce7a57bb225cc1a84db8dfb7def4","2026-08-27T19:35:54.0000000+00:00","True","0","0","Succeeded","CARD-0216","Done","False","True","contained in master; terminal/aged; no active reference"
"feat/card-task-b18bb8e3","c642611c963f7c0d67520c8f2e0da9c26143d4a2","2026-09-24T22:07:50.0000000+00:00","False","14","0","Succeeded","CARD-0666","Review","False","False","tip <=24h"
"feat/card-task-b2264aad","f3b5a62fb12c69251f064ac51dbc067410ab8803","2026-09-24T11:20:02.0000000+00:00","True","0","0","Succeeded","CARD-0647","Review","False","False","tip <=24h"
"feat/card-task-b23741b2","59e5499b721be381fb6b49d3f2fe8e0e87b7293d","2026-09-15T20:43:35.0000000+00:00","False","28","1","Succeeded","CARD-0527","Done","False","False","unique commits (+1, -28)"
"feat/card-task-b23d0fe2","b05c5f0a46af2c279f12f56d398fdf20bcc14b25","2026-09-15T11:17:17.0000000+00:00","False","0","8","Canceled","CARD-0527","Done","False","False","unique commits (+8, -0)"
"feat/card-task-b25bdf26","29433d3692e445c4ddd23295d8e856bd2cbcdc3e","2026-08-26T15:58:26.0000000+00:00","False","1","0","Succeeded","CARD-0036","Done","False","True","patch-equivalent to master; terminal/aged; no active reference"
"feat/card-task-b2f7118c","ae7c96ff3eb71790b787d66c7791d6ae02b0582d","2026-09-12T22:57:32.0000000+00:00","True","0","0","Succeeded","","unknown","False","True","contained in master; terminal/aged; no active reference"
"feat/card-task-b43e766a","753f2416a7500ef636fa4d5ad846d9295cd1a2c8","2026-09-02T03:11:45.0000000+00:00","True","0","0","Succeeded","CARD-0004","unknown","False","True","contained in master; terminal/aged; no active reference"
"feat/card-task-b45ac852","cde0331f970b5152708f8923a7d948454ed4a8ac","2026-09-14T18:37:41.0000000+00:00","False","1","0","Succeeded","CARD-0501","Done","False","True","patch-equivalent to master; terminal/aged; no active reference"
"feat/card-task-b4e6383d","016fda9f554a08ceedfab5140112393b1cfdd370","2026-08-26T15:57:38.0000000+00:00","False","0","1","Succeeded","CARD-0034","unknown","False","False","unique commits (+1, -0)"
"feat/card-task-b4ee43c2","d1bbcde89980be6398fe3432ae617c7b49620024","2026-09-19T02:09:05.0000000+00:00","False","1","0","Succeeded","CARD-0535","Review","False","True","patch-equivalent to master; terminal/aged; no active reference"
"feat/card-task-b69a85a4","1bd6e223ca29e7bdf106e9dde7665540f1fe0d6c","2026-09-10T18:59:05.0000000+00:00","False","1","0","Succeeded","CARD-0478","Done","False","True","patch-equivalent to master; terminal/aged; no active reference"
"feat/card-task-b6c6dc11","df26afeadea3010758787f34f9fe15e65dda3038","2026-09-02T10:11:01.0000000+00:00","False","2","0","Succeeded","CARD-0078","unknown","False","True","patch-equivalent to master; terminal/aged; no active reference"
"feat/card-task-b774b127","bb4e1987afc4f7b3594be6e615c2c41f320a7268","2026-08-09T22:09:03.0000000+00:00","False","1","0","Succeeded","","unknown","False","True","patch-equivalent to master; terminal/aged; no active reference"
"feat/card-task-b7d6c5c5","edbcef111a6c61ebbb2e1b286e7bf6f162fa8bc3","2026-09-19T22:25:21.0000000+00:00","False","2","0","Succeeded","CARD-0459","Review","False","True","patch-equivalent to master; terminal/aged; no active reference"
"feat/card-task-b84e8f78","d2236e9ec3db827c4b6f11e740ec0aa6aa272c63","2026-09-25T07:52:04.0000000+00:00","True","0","0","Dispatched","CARD-0692","InProgress","True","False","task Dispatched; tip <=24h; active task StartRef/base"
"feat/card-task-b978d442","bba03a08916163be3e9140c928edb9758c82960a","2026-09-05T21:50:42.0000000+00:00","True","0","0","Succeeded","","unknown","False","True","contained in master; terminal/aged; no active reference"
"feat/card-task-b9814538","8b2c937e42497b32150b200711f6d3ee50153d8f","2026-08-26T01:39:56.0000000+00:00","False","1","0","Succeeded","CARD-0118","Done","False","True","patch-equivalent to master; terminal/aged; no active reference"
"feat/card-task-b984305b","a5171a45ed0fa9645391f0fae7e17cb51c41f37a","2026-09-07T21:00:30.0000000+00:00","True","0","0","Succeeded","CARD-0415","Done","False","True","contained in master; terminal/aged; no active reference"
"feat/card-task-b993095d","19f87ae7c443b47605f42d24650870ba3a8638ab","2026-08-11T21:58:52.0000000+00:00","False","1","0","Succeeded","CARD-0028","unknown","False","True","patch-equivalent to master; terminal/aged; no active reference"
"feat/card-task-b9ae21ed","30dbb85e5e9cc0ebb0ed48fef9a0f10f92ce196f","2026-09-03T03:32:36.0000000+00:00","True","0","0","Succeeded","CARD-0226","unknown","False","True","contained in master; terminal/aged; no active reference"
"feat/card-task-ba063df7","ae9a27c11daf090ac3a760d8b6967120ff808871","2026-09-24T20:42:00.0000000+00:00","False","12","1","Succeeded","CARD-0666","Review","False","False","unique commits (+1, -12); tip <=24h"
"feat/card-task-ba1a4d22","b8d9015d0b5a49ef140f26a576906570b4ad16fe","2026-09-22T22:48:40.0000000+00:00","False","3","0","Succeeded","CARD-0599","Review","False","True","patch-equivalent to master; terminal/aged; no active reference"
"feat/card-task-ba318e38","6f16fb61280b7e94b224a399943c295ac5f0b0bb","2026-09-19T18:56:53.0000000+00:00","False","0","1","Succeeded","CARD-0575","Done","False","False","unique commits (+1, -0)"
"feat/card-task-bb9da5d3","6e21b472da0bb6bd85ff16af1ebf2b5fcdbb8f37","2026-09-21T12:43:23.0000000+00:00","False","0","1","Succeeded","CARD-0490","Review","False","False","unique commits (+1, -0)"
"feat/card-task-bc7c0ee5","7c0794ee009fbd47ef28190d2b9a8f613a69917e","2026-09-06T06:49:48.0000000+00:00","False","1","0","Succeeded","CARD-0388","Done","False","True","patch-equivalent to master; terminal/aged; no active reference"
"feat/card-task-bca19885","a1c6c59eadc39fbf48d9c3d5b18d227c3649c1f8","2026-09-24T13:38:27.0000000+00:00","False","3","0","Succeeded","CARD-0657","Review","False","False","tip <=24h"
"feat/card-task-bcb6899f","3e2a8f57e733407361a7af9d03a9d2f195fe9c04","2026-09-09T07:40:13.0000000+00:00","False","3","0","Succeeded","CARD-0436","Done","False","True","patch-equivalent to master; terminal/aged; no active reference"
"feat/card-task-bcf7ca7d","3dafd14de6f83d2ff6342309e6a4393b80632a55","2026-08-22T13:56:12.0000000+00:00","False","1","0","Succeeded","","unknown","False","True","patch-equivalent to master; terminal/aged; no active reference"
"feat/card-task-bd5687a0","1e7ccf01e5ade89bee6e9114a820ff85be9ba61b","2026-09-18T11:01:15.0000000+00:00","False","1","0","Succeeded","CARD-0543","Review","False","True","patch-equivalent to master; terminal/aged; no active reference"
"feat/card-task-bdc25004","a77c694b259ceb61296ceb50408a89c2ca050fb9","2026-09-19T01:39:15.0000000+00:00","False","3","0","Succeeded","CARD-0493","Review","False","True","patch-equivalent to master; terminal/aged; no active reference"
"feat/card-task-bddfb3cc","cde78c6e3b6f7e2c608d6d96699fe13991e1c29b","2026-09-24T15:52:20.0000000+00:00","False","4","0","Succeeded","CARD-0641","Review","False","False","tip <=24h"
"feat/card-task-be0020e5","560b71eb1786c9d24892eb5f23a2df3a442bac30","2026-09-14T19:03:16.0000000+00:00","False","18","0","Succeeded","CARD-0508","Review","False","True","patch-equivalent to master; terminal/aged; no active reference"
"feat/card-task-bf31273c","dc2a7fd600ed03e208a5a5c039f7e3dfc3a6c680","2026-09-02T12:21:27.0000000+00:00","False","0","1","Succeeded","CARD-0057","unknown","False","False","unique commits (+1, -0)"
"feat/card-task-bf7e81ee","131c7b4a0859235feabf216a2608a656095113b5","2026-09-25T00:34:18.0000000+00:00","False","8","0","Succeeded","CARD-0660","InProgress","False","False","tip <=24h"
"feat/card-task-bfc80f09","1faa2fb4825e440e8ec9e0428a6521386976efae","2026-08-22T02:44:57.0000000+00:00","True","0","0","Succeeded","","unknown","False","True","contained in master; terminal/aged; no active reference"
"feat/card-task-c01a66ce","b8859c8428e040b7e5f70b16f46eba462ac1dad6","2026-09-24T20:26:34.0000000+00:00","False","11","0","Failed","CARD-0599","Review","False","False","tip <=24h"
"feat/card-task-c046b4bb","0e1946b3fef17be9835fc9ab706041e8638569b3","2026-09-05T17:24:21.0000000+00:00","True","0","0","Succeeded","CARD-0396","Done","False","True","contained in master; terminal/aged; no active reference"
"feat/card-task-c087dcaf","7dbfaefcf74040cbd0210540f303484515c1e740","2026-09-24T14:22:05.0000000+00:00","False","10","0","Succeeded","CARD-0657","Review","False","False","tip <=24h"
"feat/card-task-c0a5dce6","952e92e5a886f6681c665841c2107661f8b79755","2026-09-12T12:17:08.0000000+00:00","False","11","0","Succeeded","CARD-0487","Done","False","True","patch-equivalent to master; terminal/aged; no active reference"
"feat/card-task-c12f1fd5","a28fa3b96eb6123f2deb0a7afa56424c51b2a3e3","2026-09-19T23:07:11.0000000+00:00","False","2","0","Succeeded","CARD-0490","Review","False","True","patch-equivalent to master; terminal/aged; no active reference"
"feat/card-task-c1384c67","dc6af1823a29e6a99a0d4570febc2dc3be6bf42d","2026-09-10T17:13:43.0000000+00:00","True","0","0","Succeeded","CARD-0475","Done","False","True","contained in master; terminal/aged; no active reference"
"feat/card-task-c1b2ed14-continuation","3c64f983394bd743afc7f8d52d5b8bbe9f3c2da6","2026-09-10T20:52:42.0000000+00:00","False","13","0","Succeeded","CARD-0475","Done","False","True","patch-equivalent to master; terminal/aged; no active reference"
"feat/card-task-c1d26339","55b68e717de4df4f5801079a2daac569757fb307","2026-09-22T17:24:10.0000000+00:00","True","0","0","Succeeded","CARD-0607","Review","False","True","contained in master; terminal/aged; no active reference"
"feat/card-task-c1e033ba","6d00c2e45ff34e8a5d624025f3916f22c042e2a9","2026-09-02T09:50:42.0000000+00:00","False","3","0","Succeeded","CARD-0039","unknown","False","True","patch-equivalent to master; terminal/aged; no active reference"
"feat/card-task-c2ab9503","57db87f555173a13c9d1623bd28836479573e5a6","2026-09-06T12:39:04.0000000+00:00","False","2","0","Succeeded","CARD-0395","Done","False","True","patch-equivalent to master; terminal/aged; no active reference"
"feat/card-task-c3c432c4","d44a6348feed46fa935ece6c60679edb37c0354b","2026-09-24T07:23:35.0000000+00:00","False","4","0","Succeeded","CARD-0641","Review","False","True","patch-equivalent to master; terminal/aged; no active reference"
"feat/card-task-c4390b83","1111f566524029e5e620fd5a10ddc5c6242edbf2","2026-09-06T07:12:48.0000000+00:00","False","2","0","Succeeded","CARD-0388","Done","False","True","patch-equivalent to master; terminal/aged; no active reference"
"feat/card-task-c4a636a4","547c79b75663d452649772dcf590a148337175d7","2026-09-23T23:52:25.0000000+00:00","False","2","0","Succeeded","CARD-0599","Review","False","True","patch-equivalent to master; terminal/aged; no active reference"
"feat/card-task-c4ed8f76","8358883ce6eaa30aae056304a6b381c1df03d11a","2026-09-12T21:47:11.0000000+00:00","False","4","0","Succeeded","CARD-0503","Done","False","True","patch-equivalent to master; terminal/aged; no active reference"
"feat/card-task-c523fcdf","316c6f9added822e064eeb99f6da1e3143cfa3f2","2026-09-20T14:57:21.0000000+00:00","True","0","0","Succeeded","CARD-0585","Done","False","True","contained in master; terminal/aged; no active reference"
"feat/card-task-c5274d47","e55684c6c6ca324aa0b27977542c72f500c7e93f","2026-09-03T11:54:01.0000000+00:00","True","0","0","Succeeded","CARD-0345","Done","False","True","contained in master; terminal/aged; no active reference"
"feat/card-task-c58954d7","19f6058d95f26d3154a751edc9c626b379342f9e","2026-09-03T04:48:14.0000000+00:00","True","0","0","Succeeded","CARD-0326","Done","False","True","contained in master; terminal/aged; no active reference"
"feat/card-task-c5959c78","546bcbe14fef954be15b7839be2cd54bc7548400","2026-09-03T17:52:37.0000000+00:00","True","0","0","Succeeded","CARD-0347","Done","False","True","contained in master; terminal/aged; no active reference"
"feat/card-task-c5e7b0cd","5be5647a41a285575001601e0aad6aeb122a882a","2026-09-04T23:55:14.0000000+00:00","True","0","0","Succeeded","CARD-0333","Done","False","True","contained in master; terminal/aged; no active reference"
"feat/card-task-c671f45d","415f49c3469dd34016a7697339e157b78f334458","2026-09-07T08:15:28.0000000+00:00","False","1","0","Succeeded","CARD-0330","Done","False","True","patch-equivalent to master; terminal/aged; no active reference"
"feat/card-task-c6c5fa5f","9e3e95d2eb6db2d31c5c5aa69129ded2c2d2855b","2026-09-14T12:09:12.0000000+00:00","True","0","0","Succeeded","CARD-0443","Done","False","True","contained in master; terminal/aged; no active reference"
"feat/card-task-c7b07802","f844b1979e80365e6272ca23093110561782d1ec","2026-09-19T11:58:50.0000000+00:00","False","1","0","Succeeded","CARD-0567","Done","False","True","patch-equivalent to master; terminal/aged; no active reference"
"feat/card-task-c7ff2da0-verification","d0720f9e156a75117e697549f7a0bdc30e3bf7a0","2026-09-06T20:58:39.0000000+00:00","False","24","1","Succeeded","CARD-0395","Done","False","False","unique commits (+1, -24)"
"feat/card-task-c7ff2da0-wip","da1678b77189e14fd162db13a2d3b873a6213d38","2026-09-06T19:22:02.0000000+00:00","False","22","0","Succeeded","CARD-0395","Done","False","True","patch-equivalent to master; terminal/aged; no active reference"
"feat/card-task-c8477934","6c5d3c29277bfd9817de01f13bb749c4bc9e7cf5","2026-09-18T13:14:52.0000000+00:00","True","0","0","Succeeded","CARD-0560","Review","False","True","contained in master; terminal/aged; no active reference"
"feat/card-task-c86499fb","b719b3b4a2ba22361967b6aad1c40c72c4fecb8c","2026-09-08T22:36:50.0000000+00:00","False","26","0","Failed","CARD-0448","Done","False","True","patch-equivalent to master; terminal/aged; no active reference"
"feat/card-task-c8a12749","960dc203785d72d850c15af2344fc5dde42934ce","2026-09-05T15:21:30.0000000+00:00","False","1","0","Succeeded","CARD-0396","Done","False","True","patch-equivalent to master; terminal/aged; no active reference"
"feat/card-task-c906e265","c041c3502fd785b4d9ee08126edcb076420f3c8e","2026-09-02T04:42:55.0000000+00:00","True","0","0","Succeeded","CARD-0031","unknown","False","True","contained in master; terminal/aged; no active reference"
"feat/card-task-c91616dd","aa493525523d5d7b19cc88b308ac527c0ec8f70c","2026-09-03T10:41:20.0000000+00:00","True","0","0","Succeeded","CARD-0294","Done","False","True","contained in master; terminal/aged; no active reference"
"feat/card-task-c922e738","e2d724a1d349620cc9c18814fac0cdc52f0edc4f","2026-09-03T06:32:29.0000000+00:00","False","6","0","Succeeded","CARD-0336","Done","False","True","patch-equivalent to master; terminal/aged; no active reference"
"feat/card-task-c930aeb8","0af39bc3780eb79b44883cd6a8c8ef49010fb65b","2026-08-17T08:34:05.0000000+00:00","False","4","0","Succeeded","CARD-0059","unknown","False","True","patch-equivalent to master; terminal/aged; no active reference"
"feat/card-task-c96af23c","e9bf036afc4a91db71d302deb37a485b0f6c0fb4","2026-09-18T07:01:00.0000000+00:00","False","3","0","Succeeded","CARD-0561","Review","False","True","patch-equivalent to master; terminal/aged; no active reference"
"feat/card-task-c9b6e142","11bd99de2742eb2477012b612d58a137d1b39bd5","2026-09-21T11:33:13.0000000+00:00","False","39","0","Succeeded","CARD-0490","Review","False","True","patch-equivalent to master; terminal/aged; no active reference"
"feat/card-task-ca27166b","e246af840698c70b8f368271395e4691eae9ec7c","2026-09-24T17:12:54.0000000+00:00","False","1","0","Succeeded","CARD-0654","Review","False","False","tip <=24h"
"feat/card-task-ca2ccd03","ada146ea6904838325995335dc3b7382fd08d262","2026-09-25T00:19:07.0000000+00:00","True","0","0","Canceled","CARD-0692","InProgress","False","False","tip <=24h"
"feat/card-task-ca4eef9c","9f2cd5f1680b43aadd777781efa673ba28d0bb64","2026-09-15T22:25:56.0000000+00:00","False","31","1","Succeeded","CARD-0527","Done","False","False","unique commits (+1, -31)"
"feat/card-task-ca57144f","7368bd6035acd817b37c2ef3e8cf0741410c9891","2026-09-06T08:44:14.0000000+00:00","False","2","0","Succeeded","CARD-0410","Done","False","True","patch-equivalent to master; terminal/aged; no active reference"
"feat/card-task-caafb4bb","70d7208bf13847abb4900631c6db34170a94be4f","2026-09-18T14:43:14.0000000+00:00","True","0","0","Succeeded","CARD-0424","Review","False","True","contained in master; terminal/aged; no active reference"
"feat/card-task-cac8ee15","1f2df231aac5b7ae7477cb436343d35a10ea819e","2026-09-24T18:27:27.0000000+00:00","False","3","0","Succeeded","CARD-0677","Review","False","False","tip <=24h"
"feat/card-task-cac9d967","ba2b80e3013df5f6c1d4b16f9f3b01417f3e41c5","2026-09-22T14:34:36.0000000+00:00","False","9","0","Succeeded","CARD-0594","Review","False","True","patch-equivalent to master; terminal/aged; no active reference"
"feat/card-task-cb052e0b","6d90c6fcf46e214721a665d94f5cddb61d75804a","2026-09-23T12:29:01.0000000+00:00","True","0","0","Succeeded","CARD-0604","Review","False","True","contained in master; terminal/aged; no active reference"
"feat/card-task-cb060b4e","f9b3d11a7dd96014c778286c639758c8dc205361","2026-09-23T20:39:58.0000000+00:00","False","12","1","Succeeded","CARD-0628","InProgress","False","False","unique commits (+1, -12)"
"feat/card-task-cb0fad64","0cf8e02c89557455d150c9be6652787e84991e5a","2026-09-03T02:29:50.0000000+00:00","True","0","0","Succeeded","CARD-0215","Done","False","True","contained in master; terminal/aged; no active reference"
"feat/card-task-cb2477f8","60ac3a2c096dbb78c3bf99cc1ca35d898709c60c","2026-09-09T20:14:27.0000000+00:00","False","1","0","Succeeded","CARD-0468","Done","False","True","patch-equivalent to master; terminal/aged; no active reference"
"feat/card-task-cb2632b3","b0590de160820fdfef1c71e2d14313d93009fc4a","2026-09-24T17:47:59.0000000+00:00","False","5","0","Succeeded","CARD-0661","Review","False","False","tip <=24h"
"feat/card-task-cb96c3a4","6a75ab72d7bf52f7f5dc8c476891d30c8a315f62","2026-09-25T07:49:06.0000000+00:00","False","0","11","Succeeded","CARD-0691","InProgress","True","False","unique commits (+11, -0); tip <=24h; active task StartRef/base"
"feat/card-task-cb9e8180","34bd00782b1e9a22f9142bccb61b02675bcf5358","2026-09-06T11:25:39.0000000+00:00","False","1","0","Succeeded","CARD-0395","Done","False","True","patch-equivalent to master; terminal/aged; no active reference"
"feat/card-task-cc076ebe","595ae41ec2e878ceeb35e2a29349486382b4da04","2026-08-26T00:44:27.0000000+00:00","True","0","0","Succeeded","CARD-0207","unknown","False","True","contained in master; terminal/aged; no active reference"
"feat/card-task-cc4771c8","ad258cd418a3f9895163105936809a35ab72fc3d","2026-08-18T11:04:51.0000000+00:00","True","0","0","Succeeded","CARD-0084","unknown","False","True","contained in master; terminal/aged; no active reference"
"feat/card-task-cc63de6a","5da522c47a10ec8c908181b01eb01ea059d89bb8","2026-09-04T21:21:25.0000000+00:00","True","0","0","Succeeded","CARD-0334","Done","False","True","contained in master; terminal/aged; no active reference"
"feat/card-task-cc9000c7","c2c067d3af4bd73931257ea4bf42bf290d41ac5b","2026-09-13T21:52:15.0000000+00:00","False","1","0","Succeeded","CARD-0515","Review","False","True","patch-equivalent to master; terminal/aged; no active reference"
"feat/card-task-cc9c7441","36bad3fa6d8f227ee682faff7c5bb50da2cf192e","2026-09-03T02:06:59.0000000+00:00","True","0","0","Succeeded","CARD-0251","Done","False","True","contained in master; terminal/aged; no active reference"
"feat/card-task-ccb0c1f9","206abf0e0c2c3bd2d2725f3816adc68a739082f9","2026-09-03T18:51:21.0000000+00:00","False","1","0","Succeeded","CARD-0334","Done","False","True","patch-equivalent to master; terminal/aged; no active reference"
"feat/card-task-ccc876ce","8377f6c7350fcc1318e025dcb5135994dd53201a","2026-09-08T09:27:25.0000000+00:00","False","1","0","Succeeded","CARD-0407","Review","False","True","patch-equivalent to master; terminal/aged; no active reference"
"feat/card-task-cd1924ed","73417029a60c3397613430482fb0a7bafacbf266","2026-08-24T16:09:20.0000000+00:00","True","0","0","Succeeded","CARD-0174","unknown","False","True","contained in master; terminal/aged; no active reference"
"feat/card-task-cd1d39f7","244316125c888af785a33363696861e73dc4517a","2026-09-11T08:50:08.0000000+00:00","False","7","3","Failed","CARD-0478","Done","False","False","unique commits (+3, -7)"
"feat/card-task-cd5e88cd","f4ffcb4db7e8396ec3d4e7348b3cb1b035e7533a","2026-09-05T01:06:50.0000000+00:00","True","0","0","Succeeded","CARD-0350","Done","False","True","contained in master; terminal/aged; no active reference"
"feat/card-task-ce048398","6170f38b51728635c141c0d0a0585d922d9d86af","2026-09-22T13:43:42.0000000+00:00","False","20","4","Succeeded","CARD-0079","InProgress","False","False","unique commits (+4, -20)"
"feat/card-task-ce1c80d0","a7a44e78bd837a03ba9e28d154e669aa324f9122","2026-09-23T20:54:58.0000000+00:00","False","19","0","Succeeded","CARD-0604","Review","False","True","patch-equivalent to master; terminal/aged; no active reference"
"feat/card-task-ce744e22","57521d0fb39e81fbbe8b59e01413f005e676863f","2026-09-10T13:46:24.0000000+00:00","False","18","0","Failed","CARD-0470","Done","False","True","patch-equivalent to master; terminal/aged; no active reference"
"feat/card-task-cebd6310","0b1c94fb09a17618a03ab04c3bc2fb57d5cb186b","2026-09-20T10:25:20.0000000+00:00","False","12","2","Succeeded","CARD-0459","Review","False","False","unique commits (+2, -12)"
"feat/card-task-cf214423","2240ec35f11c5b0dde8632c2d53abb615e98e1fe","2026-09-22T09:44:15.0000000+00:00","True","0","0","Succeeded","CARD-0459","Review","False","True","contained in master; terminal/aged; no active reference"
"feat/card-task-cf3436ed","6a75ab72d7bf52f7f5dc8c476891d30c8a315f62","2026-09-25T07:49:06.0000000+00:00","False","0","11","Dispatched","CARD-0691","InProgress","True","False","unique commits (+11, -0); task Dispatched; tip <=24h; active task StartRef/base"
"feat/card-task-cf897be0","01bde59cc739c527c802a8730f8f1a5df2d1a4af","2026-09-20T16:40:54.0000000+00:00","False","4","0","Succeeded","CARD-0079","InProgress","False","True","patch-equivalent to master; terminal/aged; no active reference"
"feat/card-task-cfaa6c46","89ddf7eaa0134ecc7d6a872528db92f23bb1eb38","2026-09-03T19:50:16.0000000+00:00","False","1","0","Succeeded","CARD-0332","Done","False","True","patch-equivalent to master; terminal/aged; no active reference"
"feat/card-task-cff882c7","e91e3ac847dbaceb553912beeb1cbd1612e1a3cb","2026-09-24T17:52:24.0000000+00:00","False","3","0","Succeeded","CARD-0658","Review","False","False","tip <=24h"
"feat/card-task-d0498628","64c1f1b6dc8d59ccdb3bb85c023af480c23d1e78","2026-09-24T09:05:57.0000000+00:00","False","1","0","Succeeded","CARD-0649","Review","False","False","tip <=24h"
"feat/card-task-d081c7fa","587fd1470afa74e6088bd13df75743cc1beff509","2026-09-23T19:43:13.0000000+00:00","True","0","0","Succeeded","CARD-0633","Review","False","True","contained in master; terminal/aged; no active reference"
"feat/card-task-d0abdf16","ec4ff7ff540cf34d098ad7481f3722009dec8516","2026-09-25T00:46:14.0000000+00:00","False","3","0","Succeeded","CARD-0676","Review","False","False","tip <=24h"
"feat/card-task-d0d7596a","631b5c1b7b580d9f04f915b1689c167195059c0e","2026-09-12T22:14:15.0000000+00:00","False","1","0","Succeeded","CARD-0499","Done","False","True","patch-equivalent to master; terminal/aged; no active reference"
"feat/card-task-d12160af","7ef9effb01617b0a3dd053a3b7d880aa57c63e39","2026-09-23T21:25:57.0000000+00:00","False","21","0","Succeeded","CARD-0628","InProgress","False","True","patch-equivalent to master; terminal/aged; no active reference"
"feat/card-task-d179bac9","11d6f2ec1e72f2f8893efda2617e4b9366b1005a","2026-09-23T22:43:52.0000000+00:00","False","2","0","Succeeded","CARD-0631","Review","False","True","patch-equivalent to master; terminal/aged; no active reference"
"feat/card-task-d1844c51","38fd510a976eacbe1398ce9e9d2e14fd733451fb","2026-09-03T15:56:20.0000000+00:00","True","0","0","Succeeded","CARD-0352","Done","False","True","contained in master; terminal/aged; no active reference"
"feat/card-task-d1ab684b","94a242150d5de64011619615d551282818b5e38a","2026-09-17T21:16:55.0000000+00:00","False","0","1","Succeeded","CARD-0552","Review","False","False","unique commits (+1, -0)"
"feat/card-task-d2117ffc","ba8e0717f57f457846f6ca3fa1b62d2376b6d4ee","2026-09-17T07:33:01.0000000+00:00","False","21","1","Succeeded","CARD-0544","Done","False","False","unique commits (+1, -21)"
"feat/card-task-d2399ad5","eb25e209c8dc7918c3524a0b5e63046617164dd5","2026-09-03T17:09:23.0000000+00:00","True","0","0","Succeeded","CARD-0352","Done","False","True","contained in master; terminal/aged; no active reference"
"feat/card-task-d24e1b4d","ce4cce1e8c03f6a769506eaa44a185d289a12b44","2026-09-24T23:21:30.0000000+00:00","False","18","0","Canceled","CARD-0650","Review","False","False","tip <=24h"
"feat/card-task-d2ce3ed6","983a17f98ebc5f813498443adc9597918555b2c1","2026-09-24T13:22:44.0000000+00:00","True","0","0","Succeeded","CARD-0659","Review","False","False","tip <=24h"
"feat/card-task-d2e50bff","84b56eb0bd1c0ac71dec18e111c3b5c8f979be1a","2026-09-13T22:38:29.0000000+00:00","True","0","0","Succeeded","CARD-0514","Done","False","True","contained in master; terminal/aged; no active reference"
"feat/card-task-d2e9bfc3","dd83ae922045d53888c549ca527dd92df0304253","2026-09-24T08:01:36.0000000+00:00","False","3","0","Succeeded","CARD-0647","Review","False","True","patch-equivalent to master; terminal/aged; no active reference"
"feat/card-task-d2eb7b57","8bd43dd5420fc6cba6b1be536d1d5a901142c038","2026-09-23T00:09:26.0000000+00:00","False","35","0","Succeeded","CARD-0604","Review","False","True","patch-equivalent to master; terminal/aged; no active reference"
"feat/card-task-d3319023","da25108bbd49961c85aed202dea12dceb2d2b861","2026-09-20T15:11:29.0000000+00:00","False","19","1","Failed","CARD-0490","Review","False","False","unique commits (+1, -19)"
"feat/card-task-d36aeec1","b979a2cc62c17795dfdbf6d55971fc2543d25f7a","2026-09-24T23:00:20.0000000+00:00","False","8","0","Succeeded","CARD-0642","Done","False","False","tip <=24h"
"feat/card-task-d383aee7","5826fd780de6053f42f33840a5f5d4b62daabe95","2026-09-19T02:10:06.0000000+00:00","False","1","0","Succeeded","CARD-0537","Review","False","True","patch-equivalent to master; terminal/aged; no active reference"
"feat/card-task-d39be884","5bedb3e1d6194a513373fad5125dbcbe3250c3f1","2026-09-05T18:16:08.0000000+00:00","True","0","0","Succeeded","CARD-0397","Done","False","True","contained in master; terminal/aged; no active reference"
"feat/card-task-d39c5ba8","e819bc27f8254aef075ce38798eaccc14896013a","2026-09-25T02:49:25.0000000+00:00","False","7","1","Succeeded","CARD-0679","Review","False","False","unique commits (+1, -7); tip <=24h"
"feat/card-task-d3bd6bad","8077dc4d8e3f238f95dd7baee9fdccccf7ff0f83","2026-08-25T18:55:37.0000000+00:00","True","0","0","Succeeded","CARD-0190","unknown","False","True","contained in master; terminal/aged; no active reference"
"feat/card-task-d3f5563d","68b90fea3f7687543af9cd03caad84ab9d3dcb9f","2026-08-17T13:34:53.0000000+00:00","False","2","0","Succeeded","","unknown","False","True","patch-equivalent to master; terminal/aged; no active reference"
"feat/card-task-d44699fc","b8859c8428e040b7e5f70b16f46eba462ac1dad6","2026-09-24T20:26:34.0000000+00:00","False","11","0","Succeeded","CARD-0599","Review","False","False","tip <=24h"
"feat/card-task-d4769008","4db2076b1123ed515bd7a7f98721721ecb298cb2","2026-09-08T08:09:59.0000000+00:00","True","0","0","Succeeded","CARD-0262","Backlog","False","True","contained in master; terminal/aged; no active reference"
"feat/card-task-d4be4758","2c50ff3e3e27dd3901c255a3ebc098e1c86fbf6d","2026-09-02T01:30:02.0000000+00:00","True","0","0","Succeeded","CARD-0002","unknown","False","True","contained in master; terminal/aged; no active reference"
"feat/card-task-d4ca7b39","69e6c9519896b61170452ec1c72f36508666b0b5","2026-09-23T22:11:32.0000000+00:00","False","1","0","Succeeded","CARD-0633","Review","False","True","patch-equivalent to master; terminal/aged; no active reference"
"feat/card-task-d4df664e","7d14b01bf04cf936f131f120f4f0f7c9c5b9aaf0","2026-09-05T00:26:02.0000000+00:00","True","0","0","Succeeded","CARD-0387","Done","False","True","contained in master; terminal/aged; no active reference"
"feat/card-task-d5219854","eca307e287f6c3cfc8aea31f4fb408db0357ffc9","2026-09-24T19:45:56.0000000+00:00","False","2","0","Succeeded","CARD-0679","Review","False","False","tip <=24h"
"feat/card-task-d5305230","3d0cf6e3cbe42c75a1522f7f7bce181605cddb1a","2026-09-06T10:11:10.0000000+00:00","True","0","0","Succeeded","CARD-0388","Done","False","True","contained in master; terminal/aged; no active reference"
"feat/card-task-d5e069a7","a8bda267f7f99173b42f08d80d3b9726212f6104","2026-08-13T06:44:48.0000000+00:00","True","0","0","Succeeded","CARD-0042","unknown","False","True","contained in master; terminal/aged; no active reference"
"feat/card-task-d6469899","d217306b34a49db2b62b6f82089146f1f33cabfe","2026-08-26T08:49:00.0000000+00:00","True","0","0","Succeeded","CARD-0210","Done","False","True","contained in master; terminal/aged; no active reference"
"feat/card-task-d655d54f","24c926dccf6c83d849ebd339a611f3eccfa3f7ee","2026-09-21T18:36:52.0000000+00:00","True","0","0","Succeeded","CARD-0490","Review","False","True","contained in master; terminal/aged; no active reference"
"feat/card-task-d72d567a","7aed167b20f6894bf4f61784d9af1d349f0a36cc","2026-09-21T19:36:06.0000000+00:00","False","2","0","Succeeded","CARD-0169","unknown","False","True","patch-equivalent to master; terminal/aged; no active reference"
"feat/card-task-d735ef21","4dbed26ad79d5ed748fd2fc1291fb24905008e68","2026-08-12T08:12:13.0000000+00:00","True","0","0","Succeeded","CARD-0037","unknown","False","True","contained in master; terminal/aged; no active reference"
"feat/card-task-d7af0e48","566addea5c219f1683e866476fd136af5564f367","2026-09-18T06:35:33.0000000+00:00","False","1","0","Succeeded","CARD-0561","Review","False","True","patch-equivalent to master; terminal/aged; no active reference"
"feat/card-task-d7b7fce8","2bb2029592982ff8a01c1a200ee7207d50392980","2026-09-08T08:50:39.0000000+00:00","False","1","0","Succeeded","CARD-0262","Backlog","False","True","patch-equivalent to master; terminal/aged; no active reference"
"feat/card-task-d7db6cb1","b59c2d5d652265b508a294281240c813bd58ceb0","2026-09-08T10:53:26.0000000+00:00","False","1","0","Succeeded","CARD-0443","Done","False","True","patch-equivalent to master; terminal/aged; no active reference"
"feat/card-task-d7de401e","4bc8b5d59552d97d72e32ece24ff637d657dd0c0","2026-09-23T20:18:31.0000000+00:00","False","11","0","Succeeded","CARD-0628","InProgress","False","True","patch-equivalent to master; terminal/aged; no active reference"
"feat/card-task-d7ff26d6","3b0ca030ba3e8cb918a8413dc88c9d0294217fc9","2026-09-15T21:42:02.0000000+00:00","True","0","0","Succeeded","CARD-0540","Done","False","True","contained in master; terminal/aged; no active reference"
"feat/card-task-d806b77b","2d1c9af84160ac7499e821c0eebf57c484ce68f8","2026-09-24T23:06:30.0000000+00:00","False","6","0","Canceled","CARD-0664","Review","False","False","tip <=24h"
"feat/card-task-d81207e7","137b68312539837f8d6e4e1bd20dc032052710db","2026-09-24T16:36:17.0000000+00:00","False","4","0","Failed","CARD-0661","Review","False","False","tip <=24h"
"feat/card-task-d8535650","5371de3177f855cb7adf0f2c3430872dad2fb518","2026-09-03T21:45:43.0000000+00:00","True","0","0","Succeeded","CARD-0147","Done","False","True","contained in master; terminal/aged; no active reference"
"feat/card-task-d89281e5","a87826dc7c415f06cd43a354680f389ef62c1c3b","2026-08-11T15:58:25.0000000+00:00","True","0","0","Succeeded","CARD-0027","unknown","False","True","contained in master; terminal/aged; no active reference"
"feat/card-task-d93c1c83","f7720fdb03756214f70aa9df1dc841eed3505925","2026-09-02T00:42:08.0000000+00:00","False","5","0","Succeeded","CARD-0316","Done","False","True","patch-equivalent to master; terminal/aged; no active reference"
"feat/card-task-d9b02a4c","4dab0fb33d34762c9ce49b3371d7799962e0c9cf","2026-08-25T22:45:39.0000000+00:00","False","0","1","Succeeded","CARD-0206","unknown","False","False","unique commits (+1, -0)"
"feat/card-task-d9b1f124","2d90f22a78a91fda76f6d1de8dc3ce6d63b1cf24","2026-09-25T04:41:34.0000000+00:00","False","1","7","Succeeded","CARD-0688","InProgress","True","False","unique commits (+7, -1); tip <=24h; active task StartRef/base"
"feat/card-task-d9cee4ce","f9ad3c48d645b2b4749f6eedb3e2fd600bfb7aa3","2026-09-22T14:04:45.0000000+00:00","False","2","0","Succeeded","CARD-0594","Review","False","True","patch-equivalent to master; terminal/aged; no active reference"
"feat/card-task-d9d5b60b","43f4ea6a91fbe07c78236ddc46d495a0082a19c3","2026-09-05T02:13:18.0000000+00:00","True","0","0","Succeeded","CARD-0377","Done","False","True","contained in master; terminal/aged; no active reference"
"feat/card-task-da22d5af","a18f250dfc19de948f1c2d8539ca923a5b130418","2026-09-08T09:46:05.0000000+00:00","False","4","0","Succeeded","CARD-0412","Done","False","True","patch-equivalent to master; terminal/aged; no active reference"
"feat/card-task-da78907b","aa02c398f715a05c42ed34bb6bcbf97ed29c066c","2026-09-17T18:23:16.0000000+00:00","True","0","0","Succeeded","CARD-0547","Done","False","True","contained in master; terminal/aged; no active reference"
"feat/card-task-da82967d","b7f8903f0013c2b5d6f05d365d39eafde9c0a902","2026-09-19T22:39:13.0000000+00:00","False","1","0","Succeeded","CARD-0490","Review","False","True","patch-equivalent to master; terminal/aged; no active reference"
"feat/card-task-dac395c9","50565aa5526f946d9bf3dd0ac9b1c24ad741ed5a","2026-09-24T17:31:00.0000000+00:00","False","17","1","Succeeded","CARD-0657","Review","False","False","unique commits (+1, -17); tip <=24h"
"feat/card-task-dae3ad6b","c308a510f6b31c9e4dd60aca3ee820aa7ecfb23d","2026-09-22T09:22:33.0000000+00:00","False","13","1","Failed","CARD-0590","Review","False","False","unique commits (+1, -13)"
"feat/card-task-db094bcc","c4febb15043ec78fb2485ced951747d5aec48d53","2026-09-24T23:55:54.0000000+00:00","False","5","0","Succeeded","CARD-0660","InProgress","False","False","tip <=24h"
"feat/card-task-db10f78d","44ad8e65258eea9c885c7698bcd37d75417572c7","2026-09-03T13:01:40.0000000+00:00","True","0","0","Succeeded","CARD-0348","Done","False","True","contained in master; terminal/aged; no active reference"
"feat/card-task-db7a34db","e51c7ff56bac522882941f73d9b26d13048a6c68","2026-09-24T17:48:50.0000000+00:00","False","7","0","Failed","CARD-0659","Review","False","False","tip <=24h"
"feat/card-task-db8122fd","b43c3a5e3038179150e4b888ade8a41688210fa1","2026-09-24T21:16:59.0000000+00:00","False","4","0","Succeeded","CARD-0679","Review","False","False","tip <=24h"
"feat/card-task-db8d01f9","9a1d573c23b586fe98d7bd26223f5eaad568e223","2026-09-15T09:45:56.0000000+00:00","False","8","0","Succeeded","CARD-0492","Done","False","True","patch-equivalent to master; terminal/aged; no active reference"
"feat/card-task-dbded577","b633755fe548cbd7ce353996170895a3fe7556c7","2026-09-25T07:56:52.0000000+00:00","False","4","9","Succeeded","CARD-0672","Review","True","False","unique commits (+9, -4); tip <=24h; active task StartRef/base"
"feat/card-task-dbdfa428","7cfc72ce36c352ddf10ffcecf67bc83f9f82f337","2026-09-24T09:56:00.0000000+00:00","False","1","0","Succeeded","CARD-0655","Review","False","False","tip <=24h"
"feat/card-task-dbf28fc6","b6f0123423e7d93a6ce58236eae253d250efb721","2026-09-04T23:58:52.0000000+00:00","False","1","0","Succeeded","CARD-0385","Done","False","True","patch-equivalent to master; terminal/aged; no active reference"
"feat/card-task-dc120df1","f604988d48dc1bf6ac0f17fc0931d357b4cc7719","2026-09-19T02:44:07.0000000+00:00","True","0","0","Succeeded","CARD-0533","Review","False","True","contained in master; terminal/aged; no active reference"
"feat/card-task-dc1db439","e992897cff6959f6ebec0cfe617c519cdae6cad5","2026-09-23T13:25:34.0000000+00:00","True","0","0","Succeeded","CARD-0604","Review","False","True","contained in master; terminal/aged; no active reference"
"feat/card-task-dca8c233","7a1021209d9a87c8c7e5784b3562ff412a2d9e0d","2026-09-24T15:47:20.0000000+00:00","False","1","0","Failed","CARD-0661","Review","False","False","tip <=24h"
"feat/card-task-dceac705","7123a71b099dc99d001ad2e20d8310230e1af9f1","2026-09-10T18:35:35.0000000+00:00","True","0","0","Succeeded","CARD-0478","Done","False","True","contained in master; terminal/aged; no active reference"
"feat/card-task-dd3ada6f","34542cadc06be4afef938f42c8d4e4259f163f98","2026-09-15T23:32:16.0000000+00:00","False","1","4","Succeeded","CARD-0496","Review","False","False","unique commits (+4, -1)"
"feat/card-task-dd438a95","17f026d1c023944516c69df15b3f24a0cd2f0f3a","2026-09-14T09:08:26.0000000+00:00","True","0","0","Succeeded","CARD-0508","Review","False","True","contained in master; terminal/aged; no active reference"
"feat/card-task-ddd47e0c","a6691996e7a32d18d3ffb9210f8218f24385bb79","2026-08-26T09:07:00.0000000+00:00","False","1","0","Succeeded","CARD-0202","unknown","False","True","patch-equivalent to master; terminal/aged; no active reference"
"feat/card-task-dde7cd59","9cb69aed8d3e719fa6a18941c22d985e09cc8ae0","2026-09-24T15:25:33.0000000+00:00","False","0","5","Succeeded","CARD-0644","InProgress","False","False","unique commits (+5, -0); tip <=24h"
"feat/card-task-de39636a","9cf71879eca1212d116771f4b4a624f228fef4ea","2026-08-22T22:59:06.0000000+00:00","True","0","0","Succeeded","CARD-0140","unknown","False","True","contained in master; terminal/aged; no active reference"
"feat/card-task-df18977c","b61127740e25eec7036862eaf869e33a328981aa","2026-09-04T13:22:12.0000000+00:00","True","0","0","Succeeded","CARD-0338","Done","False","True","contained in master; terminal/aged; no active reference"
"feat/card-task-df43bed4","ff4b89cec45eaba6fc0bf8e9674ccbbd6a912941","2026-09-02T16:25:48.0000000+00:00","False","1","0","Succeeded","CARD-0094","Done","False","True","patch-equivalent to master; terminal/aged; no active reference"
"feat/card-task-df909141","8435fb16a15f92364aa2dbd63a799556d3a9dc1d","2026-09-15T21:22:06.0000000+00:00","True","0","0","Succeeded","CARD-0540","Done","False","True","contained in master; terminal/aged; no active reference"
"feat/card-task-df97889a","9727cd20be5089e6f48cf0e48e4598df5843631d","2026-09-08T06:55:21.0000000+00:00","False","1","0","Succeeded","CARD-0412","Done","False","True","patch-equivalent to master; terminal/aged; no active reference"
"feat/card-task-df9c286d","7e540232ecddbc72ef4ae7da739938201649da95","2026-09-02T07:54:53.0000000+00:00","True","0","0","Succeeded","CARD-0031","unknown","False","True","contained in master; terminal/aged; no active reference"
"feat/card-task-dfc6f878-implementation","79edc300476470408d27003a6138967e023c1520","2026-09-06T17:09:33.0000000+00:00","False","16","0","Succeeded","CARD-0395","Done","False","True","patch-equivalent to master; terminal/aged; no active reference"
"feat/card-task-dfe3c355","0c29c7b34f7d18acbeea4da9bf9f106230be251d","2026-09-12T15:13:39.0000000+00:00","True","0","0","Succeeded","CARD-0497","Done","False","True","contained in master; terminal/aged; no active reference"
"feat/card-task-e070938a","4f954303f4a01e6ffd0329b5a710a251e1b47b7f","2026-09-24T16:01:49.0000000+00:00","False","1","0","Succeeded","CARD-0642","Done","False","False","tip <=24h"
"feat/card-task-e0e5a9df","35ddd26356026db84a645dae3ffab0a9cadc8a7d","2026-09-23T01:41:26.0000000+00:00","False","1","0","Succeeded","CARD-0616","Review","False","True","patch-equivalent to master; terminal/aged; no active reference"
"feat/card-task-e1c0cc33","3bd003eab599c7fb0f2aed39d79ef9f56c53b642","2026-09-23T23:07:15.0000000+00:00","False","6","1","Succeeded","CARD-0633","Review","False","False","unique commits (+1, -6)"
"feat/card-task-e1ea172f","d2236e9ec3db827c4b6f11e740ec0aa6aa272c63","2026-09-25T07:52:04.0000000+00:00","True","0","0","Succeeded","CARD-0698","InProgress","True","False","tip <=24h; active task StartRef/base"
"feat/card-task-e28d4c3d","b945ad34cd84266696e2f8dd2e21106e20029af8","2026-09-18T00:49:17.0000000+00:00","False","1","0","Succeeded","CARD-0527","Done","False","True","patch-equivalent to master; terminal/aged; no active reference"
"feat/card-task-e296379b","b979a2cc62c17795dfdbf6d55971fc2543d25f7a","2026-09-24T23:00:20.0000000+00:00","False","8","0","Succeeded","CARD-0642","Done","False","False","tip <=24h"
"feat/card-task-e2ca661c","1282f178d8763c4a92eacce553c5eda7d24169fa","2026-09-14T12:41:55.0000000+00:00","True","0","0","Succeeded","CARD-0443","Done","False","True","contained in master; terminal/aged; no active reference"
"feat/card-task-e32907bf","abc7b90d1793ea2ae0e9e2b189a05678d73929b2","2026-09-22T10:31:01.0000000+00:00","False","16","4","Failed","CARD-0079","InProgress","False","False","unique commits (+4, -16)"
"feat/card-task-e3316373","32473bfb659433f142beefcdaf6102a410351d0d","2026-09-14T05:52:53.0000000+00:00","False","0","10","Succeeded","CARD-0442","Review","False","False","unique commits (+10, -0)"
"feat/card-task-e5438a06","8b1cc3ff39488f709dedf1800249f1faf1815088","2026-08-26T23:26:11.0000000+00:00","True","0","0","Succeeded","CARD-0032","Done","False","True","contained in master; terminal/aged; no active reference"
"feat/card-task-e55e2313","fef55b4d66cb4510d4d247c631d120c30b8c143a","2026-09-21T09:48:30.0000000+00:00","False","38","0","Succeeded","CARD-0490","Review","False","True","patch-equivalent to master; terminal/aged; no active reference"
"feat/card-task-e56a7cf0","2efa1ee5fa9dcc388542e95ac07c5c6db10ef8f8","2026-09-04T17:30:22.0000000+00:00","True","0","0","Succeeded","CARD-0331","Done","False","True","contained in master; terminal/aged; no active reference"
"feat/card-task-e59e537b","f4fa958dc5108bbf566788c23443dcf92385b98c","2026-09-19T01:28:47.0000000+00:00","False","1","0","Succeeded","CARD-0535","Review","False","True","patch-equivalent to master; terminal/aged; no active reference"
"feat/card-task-e5ef6760","02c019ed8ad30ffa685f8e728e74eae465e87e0b","2026-09-18T15:16:41.0000000+00:00","True","0","0","Succeeded","CARD-0424","Review","False","True","contained in master; terminal/aged; no active reference"
"feat/card-task-e617855b","b151098235d2415ac92c7d73963aa00b57531963","2026-09-24T14:14:54.0000000+00:00","True","0","0","Succeeded","CARD-0660","InProgress","False","False","tip <=24h"
"feat/card-task-e61fdc7f","88835b2809f7d0c133b728fc7defd75ce08e44c6","2026-09-05T01:27:16.0000000+00:00","True","0","0","Succeeded","CARD-0377","Done","False","True","contained in master; terminal/aged; no active reference"
"feat/card-task-e627ab84","f2ee35808e9d9ee475cdfc806101f531fb8e131c","2026-09-02T02:33:10.0000000+00:00","True","0","0","Succeeded","CARD-0002","unknown","False","True","contained in master; terminal/aged; no active reference"
"feat/card-task-e6645b47","f9a44d577251b4ea72eb3585fd3eac5e3df1ea25","2026-09-19T04:44:57.0000000+00:00","True","0","0","Succeeded","CARD-0537","Review","False","True","contained in master; terminal/aged; no active reference"
"feat/card-task-e67555ad","b2353ff6d1b4dd7b34f39f8b134ca01efc59a113","2026-09-18T03:01:49.0000000+00:00","False","0","13","Succeeded","CARD-0552","Review","False","False","unique commits (+13, -0)"
"feat/card-task-e6d3b184","96cc2c53124b627298b02493e3c8a7a2dd7cacdb","2026-08-16T22:35:06.0000000+00:00","False","4","0","Succeeded","CARD-0056","Done","False","True","patch-equivalent to master; terminal/aged; no active reference"
"feat/card-task-e730ae22","86beefe64cd04b94a0da65bef71d9e2957bca54c","2026-09-25T05:19:04.0000000+00:00","False","1","0","Succeeded","CARD-0589","InProgress","False","False","tip <=24h"
"feat/card-task-e78ba0b0","954f98db85ac99425bbbcde2675694fe8d6ac303","2026-09-20T15:00:57.0000000+00:00","False","1","0","Succeeded","CARD-0079","InProgress","False","True","patch-equivalent to master; terminal/aged; no active reference"
"feat/card-task-e7f50f48","a9ca1664b0857ab13e8c1e671f75db6cc30432e9","2026-09-21T17:33:21.0000000+00:00","False","3","0","Succeeded","CARD-0590","Review","False","True","patch-equivalent to master; terminal/aged; no active reference"
"feat/card-task-e839b406","11ea499a257c7c62e1c0cd941a4fd5cde0c0ae14","2026-09-24T18:17:25.0000000+00:00","False","21","1","Succeeded","CARD-0657","Review","False","False","unique commits (+1, -21); tip <=24h"
"feat/card-task-e8509820","97e9da0527ab6b3c602f2948a18eb13def47dc58","2026-09-03T05:46:55.0000000+00:00","False","2","0","Succeeded","CARD-0335","Done","False","True","patch-equivalent to master; terminal/aged; no active reference"
"feat/card-task-e8d65c2c","687f625a1186b4cc8c85061b94d9c70f311cc403","2026-08-26T07:41:08.0000000+00:00","True","0","0","Succeeded","CARD-0118","Done","False","True","contained in master; terminal/aged; no active reference"
"feat/card-task-e9347986","f89c76daef21c2682e4df5211bf5d3920fb23c98","2026-09-18T09:40:10.0000000+00:00","False","2","0","Succeeded","CARD-0561","Review","False","True","patch-equivalent to master; terminal/aged; no active reference"
"feat/card-task-e9c2f76a","323872edbf9a91927e68b0adfcd93d6b6c7545aa","2026-09-25T04:36:01.0000000+00:00","True","0","0","Succeeded","CARD-0679","Review","False","False","tip <=24h"
"feat/card-task-e9f20adc","777cc629b8e8c3ba6398dd82155fbe50bcf21770","2026-09-24T12:41:07.0000000+00:00","False","9","0","Succeeded","CARD-0650","Review","False","False","tip <=24h"
"feat/card-task-ea257e64","8e8f3e6b2195cb72e341b381105768d4deca97c1","2026-09-13T18:02:55.0000000+00:00","False","12","2","Failed","CARD-0499","Done","False","False","unique commits (+2, -12)"
"feat/card-task-ea26d91a","5bc217353cd58e046d6d1023629e991adebdb969","2026-08-17T07:29:25.0000000+00:00","False","2","0","Succeeded","CARD-0058","unknown","False","True","patch-equivalent to master; terminal/aged; no active reference"
"feat/card-task-ea99330a","0f0ff5585a9f3fc26696aae72528082b2235b394","2026-09-23T00:40:37.0000000+00:00","False","2","0","Succeeded","CARD-0610","Review","False","True","patch-equivalent to master; terminal/aged; no active reference"
"feat/card-task-eaa62bc8","c753cb8d7fb7a36e57b779df5953d28de908e538","2026-09-04T19:06:49.0000000+00:00","True","0","0","Succeeded","CARD-0272","Done","False","True","contained in master; terminal/aged; no active reference"
"feat/card-task-ebb71692","ecc9f7ba85d1f43ce3366a3e5e73764cd62aacfd","2026-09-12T22:07:12.0000000+00:00","False","1","0","Succeeded","CARD-0502","Done","False","True","patch-equivalent to master; terminal/aged; no active reference"
"feat/card-task-ec339e70","b49623d9e37c4b908ad6e75104cb350d84139650","2026-09-19T11:29:27.0000000+00:00","True","0","0","Succeeded","CARD-0574","Review","False","True","contained in master; terminal/aged; no active reference"
"feat/card-task-eca2a25c","8050a1074fabaa87bac5309a24ead32984f047f4","2026-08-18T18:23:41.0000000+00:00","True","0","0","Succeeded","CARD-0084","unknown","False","True","contained in master; terminal/aged; no active reference"
"feat/card-task-ed1112b2","7ad846cba2f30434012ac2742df33b93cb657bde","2026-09-25T02:06:31.0000000+00:00","False","4","0","Succeeded","CARD-0679","Review","False","False","tip <=24h"
"feat/card-task-ed253dec","64f7e530630eb9d70acade98900aa4b3f488e5bd","2026-09-02T15:24:09.0000000+00:00","False","2","0","Succeeded","CARD-0057","unknown","False","True","patch-equivalent to master; terminal/aged; no active reference"
"feat/card-task-eda54a92","41822e8804f8b26c45008a74819527e55483f017","2026-09-19T12:11:41.0000000+00:00","False","1","0","Succeeded","CARD-0574","Review","False","True","patch-equivalent to master; terminal/aged; no active reference"
"feat/card-task-ee01d18e","44d1a8d7a5014000400d7a6ec57e46c682934f6b","2026-09-25T00:51:21.0000000+00:00","False","1","0","Succeeded","CARD-0688","InProgress","False","False","tip <=24h"
"feat/card-task-ee1e8ee5","ef72966b1d2af58e3e5c38c32652ee797b2ce31c","2026-09-23T23:07:06.0000000+00:00","False","1","0","Succeeded","CARD-0644","InProgress","False","True","patch-equivalent to master; terminal/aged; no active reference"
"feat/card-task-eec32965","c8cd3d47b84e2e30cfee0ebe23f146a70d78b694","2026-09-24T20:52:53.0000000+00:00","False","4","0","Succeeded","CARD-0642","Done","False","False","tip <=24h"
"feat/card-task-eef3bade","8dba9266904da1adfea81b54c772fcd066841d34","2026-08-21T20:01:25.0000000+00:00","False","1","0","Succeeded","CARD-0126","unknown","False","True","patch-equivalent to master; terminal/aged; no active reference"
"feat/card-task-eef5bdaa","fdf0565fc04e41640ead06838d828e2b27cef1f9","2026-09-13T15:19:42.0000000+00:00","False","10","0","Succeeded","CARD-0417","Review","False","True","patch-equivalent to master; terminal/aged; no active reference"
"feat/card-task-ef3aed70","0c17e0dca8531956785a6d9371b3debc5c1308af","2026-09-04T11:24:14.0000000+00:00","True","0","0","Succeeded","CARD-0360","Done","False","True","contained in master; terminal/aged; no active reference"
"feat/card-task-ef625ff2","63d600b296cc5eec4b49975d8953b497642cf918","2026-09-08T20:41:11.0000000+00:00","True","0","0","Succeeded","CARD-0451","Done","False","True","contained in master; terminal/aged; no active reference"
"feat/card-task-efe21527","5d35bdfaa7d6a97152c2ffae0a2e6c2056178572","2026-09-20T17:47:12.0000000+00:00","False","6","0","Succeeded","CARD-0079","InProgress","False","True","patch-equivalent to master; terminal/aged; no active reference"
"feat/card-task-eff1371c","06b3db87b04e076863474227aba83f387ddd4bc3","2026-09-24T09:44:22.0000000+00:00","False","4","0","Succeeded","CARD-0650","Review","False","False","tip <=24h"
"feat/card-task-f012a1d3","62ab4bdf74e1c335e337e6ebcc74714ac4493ec1","2026-09-17T23:43:28.0000000+00:00","False","0","3","Succeeded","CARD-0558","Review","False","False","unique commits (+3, -0)"
"feat/card-task-f021f5d1","b7ab36e9d3e07330c28f7003b9d3d7706d8d11f3","2026-08-17T12:40:02.0000000+00:00","False","3","0","Succeeded","CARD-0035","unknown","False","True","patch-equivalent to master; terminal/aged; no active reference"
"feat/card-task-f026df95","dc0d72fc21087236d255a3c708733b175880c950","2026-08-13T07:14:49.0000000+00:00","False","1","0","Succeeded","CARD-0043","unknown","False","True","patch-equivalent to master; terminal/aged; no active reference"
"feat/card-task-f0e9380f","21aff43b57f0df9fb25811e38c55003288a7404b","2026-09-03T19:35:32.0000000+00:00","True","0","0","Succeeded","CARD-0095","Done","False","True","contained in master; terminal/aged; no active reference"
"feat/card-task-f1139c44","63cab35e78d71a520ace2003ec0d9aef0a069a6c","2026-09-18T03:38:41.0000000+00:00","False","0","6","Succeeded","CARD-0511","Review","False","False","unique commits (+6, -0)"
"feat/card-task-f1590d3d","c5e32c2f9029cd1c8bb2132bbda59bcd44bd1424","2026-09-24T07:43:50.0000000+00:00","True","0","0","Failed","CARD-0640","Review","False","True","contained in master; terminal/aged; no active reference"
"feat/card-task-f1c40504","c57ac6d695b015c252279c641e41f42efa0100ab","2026-08-21T21:46:34.0000000+00:00","False","1","0","Succeeded","","unknown","False","True","patch-equivalent to master; terminal/aged; no active reference"
"feat/card-task-f1f3b5a8","9043b818f254df97d4d2c1b1a96fc0f3c568f097","2026-09-05T18:32:52.0000000+00:00","False","0","1","Succeeded","CARD-0398","Done","False","False","unique commits (+1, -0)"
"feat/card-task-f1fdbf81","251fe11c939417dc9c8459846f475e9153deda36","2026-09-03T04:11:51.0000000+00:00","False","1","0","Succeeded","CARD-0096","Done","False","True","patch-equivalent to master; terminal/aged; no active reference"
"feat/card-task-f22617e7","0772edbd3f37d43bcda0cd24c16c6a49a11511e2","2026-09-19T16:56:09.0000000+00:00","False","8","0","Failed","CARD-0574","Review","False","True","patch-equivalent to master; terminal/aged; no active reference"
"feat/card-task-f3511fe7","aa3c7c9377c5c154ccc41744a552e37e94fa84e8","2026-09-05T02:01:58.0000000+00:00","True","0","0","Succeeded","CARD-0377","Done","False","True","contained in master; terminal/aged; no active reference"
"feat/card-task-f3e2953f","7dc2bca118558e5cb0347191dc5bd5e9d347ec34","2026-09-24T20:33:08.0000000+00:00","False","3","0","Succeeded","CARD-0679","Review","False","False","tip <=24h"
"feat/card-task-f447734d","c5e32c2f9029cd1c8bb2132bbda59bcd44bd1424","2026-09-24T07:43:50.0000000+00:00","True","0","0","Failed","CARD-0646","Review","False","True","contained in master; terminal/aged; no active reference"
"feat/card-task-f450ecba","f20ff0430b942659601cbe1a2921d85baa72d5ac","2026-09-10T07:32:18.0000000+00:00","False","0","1","Succeeded","CARD-0472","Done","False","False","unique commits (+1, -0)"
"feat/card-task-f473e8dc","4fb27858dd47e624bac5153a8e3f2ef453a414ed","2026-09-23T05:59:02.0000000+00:00","False","1","0","Succeeded","CARD-0611","Review","False","True","patch-equivalent to master; terminal/aged; no active reference"
"feat/card-task-f5467582","a443528acf5f1c4c0380955bf52fccb9c953eba8","2026-09-23T23:18:38.0000000+00:00","False","6","0","Succeeded","CARD-0631","Review","False","True","patch-equivalent to master; terminal/aged; no active reference"
"feat/card-task-f57fd450","1d19a7fdaa07605900fb072823cda35a8d1e30b6","2026-09-18T13:28:12.0000000+00:00","True","0","0","Succeeded","CARD-0560","Review","False","True","contained in master; terminal/aged; no active reference"
"feat/card-task-f5a406aa","dcefb1b83a537ebb3ff252421868118f3285f864","2026-09-03T17:36:33.0000000+00:00","True","0","0","Succeeded","CARD-0350","Done","False","True","contained in master; terminal/aged; no active reference"
"feat/card-task-f5dfcec5","24f4cba8a85d807155afcb8dc970318e595f8022","2026-09-06T22:05:24.0000000+00:00","False","25","0","Succeeded","CARD-0395","Done","False","True","patch-equivalent to master; terminal/aged; no active reference"
"feat/card-task-f5ea1335","68f661f24eb492079f38884e618d76fdba058862","2026-09-02T21:16:14.0000000+00:00","False","1","0","Succeeded","CARD-0243","Done","False","True","patch-equivalent to master; terminal/aged; no active reference"
"feat/card-task-f602d622","597fe2693f96f1fa32441c621a28762b59e831bd","2026-09-24T14:40:23.0000000+00:00","False","1","0","Succeeded","CARD-0660","InProgress","False","False","tip <=24h"
"feat/card-task-f646569d","145ac6028b1b62a1a007b8a55ba646551f58cd41","2026-09-24T13:31:57.0000000+00:00","False","3","0","Succeeded","CARD-0646","Review","False","False","tip <=24h"
"feat/card-task-f67e6efa","0ba3c55a4b66bd6f1dfd6d9712af16598e61d6c3","2026-09-24T11:23:01.0000000+00:00","False","7","0","Succeeded","CARD-0647","Review","False","False","tip <=24h"
"feat/card-task-f6c408b2","a0c370b08f92d899595da0a7d7896155cbd6498e","2026-09-01T16:38:39.0000000+00:00","False","1","0","Succeeded","CARD-0255","Done","False","True","patch-equivalent to master; terminal/aged; no active reference"
"feat/card-task-f6d568a0","adf4e2c59966667a46d36ac82580507d3a48a2ff","2026-09-01T14:03:18.0000000+00:00","True","0","0","Succeeded","CARD-0241","Done","False","True","contained in master; terminal/aged; no active reference"
"feat/card-task-f6fff836","92e55d8481593f6c4800e783a68f19316eeb3af5","2026-09-24T22:59:12.0000000+00:00","True","0","0","Succeeded","CARD-0685","Review","False","False","tip <=24h"
"feat/card-task-f727964e","e8bfdeb004922b90d61cfdd700a0265080786d99","2026-09-24T17:55:29.0000000+00:00","False","7","0","Succeeded","CARD-0666","Review","False","False","tip <=24h"
"feat/card-task-f7833ef2","2744fc835d3a8d363cd1b094923c47a4a118ce1b","2026-09-25T00:50:20.0000000+00:00","False","10","0","Canceled","CARD-0660","InProgress","False","False","tip <=24h"
"feat/card-task-f794edf7","4e30bb5d7ece212de6e57af003e8f1cfa5490a38","2026-09-01T18:49:46.0000000+00:00","False","4","0","Succeeded","CARD-0309","Done","False","True","patch-equivalent to master; terminal/aged; no active reference"
"feat/card-task-f7cf0fe7","7e07c7c302f863e340923c586bd65cfc7b64dd44","2026-09-19T22:01:03.0000000+00:00","False","0","6","Succeeded","CARD-0575","Done","False","False","unique commits (+6, -0)"
"feat/card-task-f878cd9e","d672a051ca4957247b0f3791d91731ed52ce7651","2026-08-24T12:30:12.0000000+00:00","True","0","0","Succeeded","CARD-0166","Done","False","True","contained in master; terminal/aged; no active reference"
"feat/card-task-f87b1de6","7368bd6035acd817b37c2ef3e8cf0741410c9891","2026-09-06T08:44:14.0000000+00:00","False","2","0","Succeeded","CARD-0410","Done","False","True","patch-equivalent to master; terminal/aged; no active reference"
"feat/card-task-f87b49a7","ad73820a0d3cb2c36a2cb6ae62111a3ed8077381","2026-09-25T03:37:32.0000000+00:00","False","11","1","Succeeded","CARD-0679","Review","False","False","unique commits (+1, -11); tip <=24h"
"feat/card-task-f87db7ff","d0ab05f74d5a9dc4d9d15a5be089f6242ceef5ac","2026-09-22T10:49:16.0000000+00:00","True","0","0","Succeeded","CARD-0459","Review","False","True","contained in master; terminal/aged; no active reference"
"feat/card-task-f94c8fa4","9eddea8ae0d59f6315e0d243c7b928252bc37359","2026-09-25T02:50:08.0000000+00:00","False","1","4","Succeeded","CARD-0672","Review","False","False","unique commits (+4, -1); tip <=24h"
"feat/card-task-fa05b08b","bce387518111315b6e93f5b757e41b1632ff0a7a","2026-09-05T00:08:03.0000000+00:00","False","1","0","Succeeded","CARD-0386","Done","False","True","patch-equivalent to master; terminal/aged; no active reference"
"feat/card-task-fa3a1135","a95add1e9b434c158a29075f7f5af7a9fe4675be","2026-09-24T15:16:42.0000000+00:00","False","2","0","Failed","CARD-0599","Review","False","False","tip <=24h"
"feat/card-task-fa3a599c","e99078bcb9cf0bf5431f0ab6722618e65471e52e","2026-08-11T21:44:57.0000000+00:00","True","0","0","Succeeded","CARD-0019","unknown","False","True","contained in master; terminal/aged; no active reference"
"feat/card-task-fa71cb77","8c9c43ce99d9ebe723b9a852474e44033b2a764f","2026-08-25T23:31:40.0000000+00:00","False","0","1","Succeeded","CARD-0163","unknown","False","False","unique commits (+1, -0)"
"feat/card-task-fb15a6fe","dce786f70dbd2335e8bb65a74f720ac38c7aabf5","2026-08-26T19:27:59.0000000+00:00","False","0","1","Succeeded","CARD-0032","Done","False","False","unique commits (+1, -0)"
"feat/card-task-fb612012","7b1abc8dcf347657e8e613dccd17b84a33be8bc7","2026-09-24T16:02:10.0000000+00:00","False","2","0","Succeeded","CARD-0665","InProgress","False","False","tip <=24h"
"feat/card-task-fb9fc111","83c9ac69aa404252651daffecfe0e1af4779fbce","2026-08-13T06:56:35.0000000+00:00","False","1","0","Succeeded","CARD-0041","unknown","False","True","patch-equivalent to master; terminal/aged; no active reference"
"feat/card-task-fbc5c1ea","90248a0b6a8ee496c7180c6b3103f9c63d38d140","2026-08-26T17:27:07.0000000+00:00","True","0","0","Succeeded","CARD-0036","Done","False","True","contained in master; terminal/aged; no active reference"
"feat/card-task-fc8e1d49","57355a0af6205f674cc4c72582c3c68b305a9c65","2026-09-02T17:04:28.0000000+00:00","False","1","0","Succeeded","CARD-0133","Done","False","True","patch-equivalent to master; terminal/aged; no active reference"
"feat/card-task-fcec8966","0cb14a0186f6034523a330594211b7995b1cdf98","2026-09-18T01:09:19.0000000+00:00","True","0","0","Succeeded","CARD-0527","Done","False","True","contained in master; terminal/aged; no active reference"
"feat/card-task-fcf948b8","4370b0075ed1397a1360e8eed1a572f83bc20529","2026-09-01T22:59:11.0000000+00:00","False","0","1","Failed","CARD-0305","Done","False","False","unique commits (+1, -0)"
"feat/card-task-fd089677","38ddf39505a7657bf1d0ebf9cbae6b7a3a93a255","2026-09-24T18:54:53.0000000+00:00","False","10","0","Succeeded","CARD-0599","Review","False","False","tip <=24h"
"feat/card-task-fd85b4f4","4b1219c35d849e054d93a36b2e9099518142bcd5","2026-09-24T01:41:38.0000000+00:00","False","14","0","Succeeded","CARD-0633","Review","False","True","patch-equivalent to master; terminal/aged; no active reference"
"feat/card-task-fd8f33b5","70ec3bb0d7fe3f6d50a0ad0879780cea410d7be0","2026-09-06T04:06:09.0000000+00:00","False","2","0","Succeeded","CARD-0382","Done","False","True","patch-equivalent to master; terminal/aged; no active reference"
"feat/card-task-fdbede65","443dd0640f799f01944f161e25f739a1ee0daefb","2026-09-03T05:08:05.0000000+00:00","False","1","0","Succeeded","CARD-0238","unknown","False","True","patch-equivalent to master; terminal/aged; no active reference"
"feat/card-task-fe37038c","d4dfde724a811bdd8f96283169a2ee8f3c90073d","2026-09-24T19:52:14.0000000+00:00","False","2","6","Succeeded","CARD-0665","InProgress","False","False","unique commits (+6, -2); tip <=24h"
"feat/card-task-fe7498e3","2a67043597c997470f2ddce097d533510d4808c8","2026-09-03T17:23:24.0000000+00:00","False","1","0","Succeeded","CARD-0110","Done","False","True","patch-equivalent to master; terminal/aged; no active reference"
"feat/card-task-fed4b83c","c7d924a897e424b0b0b671a7169ac0a86d3915c2","2026-09-20T16:14:15.0000000+00:00","False","3","0","Succeeded","CARD-0079","InProgress","False","True","patch-equivalent to master; terminal/aged; no active reference"
"feat/card-task-ff566260","3079093ab8df93375ec3bf320c28eff7424f6317","2026-08-24T15:56:39.0000000+00:00","True","0","0","Succeeded","CARD-0168","unknown","False","True","contained in master; terminal/aged; no active reference"
"feat/card-task-ff5ae210","f6b54d8e548b2d77f26f9ab2dcc14242c90cec16","2026-09-25T07:37:52.0000000+00:00","False","0","1","Succeeded","CARD-0698","InProgress","True","False","unique commits (+1, -0); tip <=24h; CARD-0698 raw evidence"
"feat/messaging-channels","a8786698123a1533dc861da1dc42c1891cdee945","2026-06-21T10:47:00.0000000+00:00","True","0","0","n/a","","unknown","False","True","contained in master; terminal/aged; no active reference"
"feature/011-ai-agent-tui-configuration-implementation","85cffa08d07603e2d4fa787bfb1e2698a5586067","2026-08-16T22:15:06.0000000+00:00","True","0","0","n/a","","unknown","False","True","contained in master; terminal/aged; no active reference"
"fix/card-0443-18b18cb2","9fdf55f5efa0e19d74a4242103bfdea3dd1cb622","2026-09-15T03:58:37.0000000+00:00","False","20","4","n/a","","unknown","False","False","unique commits (+4, -20); nonstandard tip <=30d"
"fix/card-0443-691f2941","c2e3f9718154f09406d5f3334f1ae3066d94bb7a","2026-09-15T01:51:37.0000000+00:00","False","17","4","n/a","","unknown","False","False","unique commits (+4, -17); nonstandard tip <=30d"
"fix/card-0443-d9-864691da","e4191c39cbf3db6da38af3f9bd01e18b846bfbad","2026-09-15T08:02:54.0000000+00:00","True","0","0","n/a","","unknown","False","False","nonstandard tip <=30d"
"fix/card-0478-rebase-f16f576c","90fd1c7c0b3646bb86f787988167e89134a3b8b6","2026-09-12T20:13:33.0000000+00:00","True","0","0","n/a","","unknown","False","False","nonstandard tip <=30d"
"fix/grok-1.0.24-trust-prompt-settle","9f461b21585db70a15b198d24463d5ad0afd0b27","2026-09-09T21:10:53.0000000+00:00","False","0","1","n/a","","unknown","False","False","unique commits (+1, -0); nonstandard tip <=30d"
"merge/card-0497-b1258980","b2661115db39248cb3ee2b8dfbb2f379915aa7cd","2026-09-12T21:50:54.0000000+00:00","True","0","0","n/a","","unknown","False","False","nonstandard tip <=30d"
"mutation/card-0476-1ebe2253","7586e29457ae5a98c587410a58c5c7ced40aa3a6","2026-09-12T21:23:34.0000000+00:00","False","4","4","n/a","","unknown","False","False","unique commits (+4, -4); nonstandard tip <=30d"
"mutation/card-0478-702f5ce7","525bb5d9bce63a28538529cf2afd83d2d49c251e","2026-09-12T19:52:53.0000000+00:00","False","29","5","n/a","","unknown","False","False","unique commits (+5, -29); nonstandard tip <=30d"
"mutation/card-0478-c113100d","502e95a0b4f79a4b820e2ada68408f317122ef8f","2026-09-12T18:32:39.0000000+00:00","False","28","5","n/a","","unknown","False","False","unique commits (+5, -28); nonstandard tip <=30d"
"plan/card-0200-transcript-adoption-safety-flake","9de86ba368ae0bdd0b2225a000e6fef018ebc6b7","2026-08-25T16:40:06.0000000+00:00","True","0","0","n/a","","unknown","False","True","contained in master; terminal/aged; no active reference"
"throwaway/c590-credential-smoke-3537de6b7be4","23af7eb0952438d9a36b56eecfdffda4a672e721","2026-09-21T22:43:35.0000000+00:00","False","10","2","n/a","","unknown","False","False","unique commits (+2, -10); non-task tip <=7d; nonstandard tip <=30d"
